20:13:21 | INFO     | suraksha.violence_classifier | [ViolenceClassifier] Production ONNX LSTM loaded successfully!
20:13:21 | INFO     | services.violence_detector | [ViolenceDetector] Custom temporal ONNX model found at /Users/swapnil/Desktop/my project/surakhsha-drishti/backend/models/violence_model.onnx. Loading...
20:13:21 | INFO     | services.violence_detector | [ViolenceDetector] Custom temporal ONNX model loaded successfully!
20:13:21 | INFO     | suraksha.evidence | [Evidence] Loaded 0 records from persistent database.
20:13:21 | INFO     | suraksha.violence_classifier | [ViolenceClassifier] Production ONNX LSTM loaded successfully!
20:13:21 | INFO     | services.violence_detector | [ViolenceDetector] Custom temporal ONNX model found at /Users/swapnil/Desktop/my project/surakhsha-drishti/backend/models/violence_model.onnx. Loading...
20:13:21 | INFO     | services.violence_detector | [ViolenceDetector] Custom temporal ONNX model loaded successfully!
20:13:21 | INFO     | suraksha.evidence | [Evidence] Loaded 0 records from persistent database.
INFO:     Started server process [15074]
INFO:     Waiting for application startup.
20:13:21 | INFO     | suraksha | ============================================================
20:13:21 | INFO     | suraksha |   SURAKSHA DRISHTI — AI Surveillance Backend v4.0
20:13:21 | INFO     | suraksha | ============================================================
20:13:21 | INFO     | suraksha | [Boot] Loading human detector (YOLOv8n ONNX)...
20:13:22 | INFO     | services.human_detector | [HumanDetector] Loading YOLOv8n from /Users/swapnil/Desktop/my project/surakhsha-drishti/backend/models/yolov8n.pt...
20:13:22 | INFO     | services.human_detector | [HumanDetector] YOLOv8n loaded and warmed up ✓
20:13:22 | INFO     | suraksha | [Boot] Human detector:   ✓ READY
20:13:22 | INFO     | suraksha | [Boot] Loading weapon detector (custom ONNX)...
20:13:22 | ERROR    | services.weapon_detector | [WeaponDetector] Load failed: [ONNXRuntimeError] : 3 : NO_SUCHFILE : Load model from /Users/swapnil/Desktop/my project/surakhsha-drishti/backend/models/best.onnx failed:Load model /Users/swapnil/Desktop/my project/surakhsha-drishti/backend/models/best.onnx failed. File doesn't exist
20:13:22 | INFO     | suraksha | [Boot] Weapon detector:  ✗ DISABLED
20:13:22 | INFO     | suraksha | [Boot] Loading pose estimator (MediaPipe Lite)...
I0000 00:00:1779374603.118726  174507 init-domain.cc:128] Fiber init: default domain = pthread, concurrency = 8, prefix = pthread-default
I0000 00:00:1779374603.172932  174507 gl_context.cc:407] GL version: 2.1 (2.1 Metal - 90.5), renderer: Apple M2
INFO: Created TensorFlow Lite XNNPACK delegate for CPU.
W0000 00:00:1779374603.223540  174511 inference_feedback_manager.cc:121] Feedback manager requires a model with a single signature inference. Disabling support for feedback tensors.
W0000 00:00:1779374603.230160  174514 inference_feedback_manager.cc:121] Feedback manager requires a model with a single signature inference. Disabling support for feedback tensors.
20:13:23 | INFO     | services.pose_estimator | [PoseEstimator] Model loaded: /Users/swapnil/Desktop/my project/surakhsha-drishti/backend/models/pose_landmarker_lite.task
20:13:23 | INFO     | suraksha | [Boot] Pose estimator:   ✓ READY
20:13:23 | INFO     | suraksha | [Boot] Loading violence detector (ViT)...
20:13:23 | INFO     | services.violence_detector | [ViolenceDetector] Custom temporal ONNX model found at /Users/swapnil/Desktop/my project/surakhsha-drishti/backend/models/violence_model.onnx. Loading...
20:13:23 | INFO     | services.violence_detector | [ViolenceDetector] Custom temporal ONNX model loaded successfully!
20:13:23 | INFO     | suraksha | [Boot] Violence detector: ✓ READY
20:13:23 | INFO     | suraksha.recording_pipeline | [RecordingPipeline] Frame writer worker active.
20:13:23 | INFO     | suraksha.recording_pipeline | [RecordingPipeline] Transcoder worker pool active.
20:13:23 | INFO     | suraksha | [Registry] Initializing default unit 'default' using source=0
20:13:23 | INFO     | suraksha.frame_processor | [Capture] Initializing VideoCapture index 0
20:13:23 | INFO     | suraksha.frame_processor | [FrameProcessor] Upgraded engine threads launched successfully.
20:13:23 | INFO     | suraksha | [Boot] Backend fully operational!
20:13:23 | INFO     | suraksha |   MJPEG Stream:   http://localhost:8765/api/stream/mjpeg
20:13:23 | INFO     | suraksha |   WebSocket:      ws://localhost:8765/ws/detections
20:13:23 | INFO     | suraksha |   Health:         http://localhost:8765/api/health
20:13:23 | INFO     | suraksha |   Model Status:   http://localhost:8765/api/model-status
20:13:23 | INFO     | suraksha | [Broadcaster] Started (3 Hz)
INFO:     Application startup complete.
INFO:     Uvicorn running on http://0.0.0.0:8765 (Press CTRL+C to quit)
20:13:24 | INFO     | suraksha.frame_processor | [Capture] Stream connected successfully (Target FPS: 20.00)
20:13:24 | WARNING  | suraksha.frame_processor | [Capture] Frame loss / black frame detected (1/10)
W0000 00:00:1779374605.118017  174513 landmark_projection_calculator.cc:81] Using NORM_RECT without IMAGE_DIMENSIONS is only supported for the square ROI. Provide IMAGE_DIMENSIONS or use PROJECTION_MATRIX.
INFO:     ('127.0.0.1', 52327) - "WebSocket /ws/detections" [accepted]
20:14:01 | INFO     | suraksha | [WS] Client connected. Total: 1
INFO:     connection open
INFO:     ('127.0.0.1', 52332) - "WebSocket /ws/detections" [accepted]
20:14:01 | INFO     | suraksha | [WS] Client connected. Total: 2
INFO:     connection open
INFO:     ('127.0.0.1', 52336) - "WebSocket /ws/detections" [accepted]
20:14:01 | INFO     | suraksha | [WS] Client connected. Total: 3
INFO:     connection open
INFO:     ('127.0.0.1', 52339) - "WebSocket /ws/detections" [accepted]
20:14:01 | INFO     | suraksha | [WS] Client connected. Total: 4
INFO:     connection open
20:14:01 | INFO     | suraksha | [WS] Client disconnected. Total: 3
INFO:     connection closed
20:14:01 | INFO     | suraksha | [WS] Client disconnected. Total: 2
INFO:     connection closed
INFO:     ('127.0.0.1', 52341) - "WebSocket /ws/detections" [accepted]
20:14:01 | INFO     | suraksha | [WS] Client connected. Total: 3
INFO:     connection open
20:14:12 | INFO     | suraksha | [Source] Dynamically selecting input source for camera 'default' -> 0
20:14:12 | INFO     | suraksha.frame_processor | [FrameProcessor] Relaying capture stream -> 0
20:14:12 | INFO     | suraksha.frame_processor | [Capture] Initializing VideoCapture index 0
20:14:12 | INFO     | suraksha.frame_processor | [FrameProcessor] Upgraded streams re-attached successfully.
20:14:12 | INFO     | suraksha | [Source] Dynamically selecting input source for camera 'default' -> 0
20:14:12 | INFO     | suraksha.frame_processor | [FrameProcessor] Relaying capture stream -> 0
20:14:12 | INFO     | suraksha.frame_processor | [Capture] Stream connected successfully (Target FPS: 20.00)
20:14:12 | INFO     | suraksha.frame_processor | [Capture] Initializing VideoCapture index 0
20:14:12 | INFO     | suraksha.frame_processor | [FrameProcessor] Upgraded streams re-attached successfully.
20:14:12 | INFO     | suraksha | [Registry] Mapping new camera card 'CAM-1779374652214' to default webcam source=0
20:14:12 | INFO     | suraksha.frame_processor | [Capture] Initializing VideoCapture index 0
20:14:12 | INFO     | suraksha.frame_processor | [FrameProcessor] Upgraded engine threads launched successfully.
20:14:13 | INFO     | suraksha.frame_processor | [Capture] Stream connected successfully (Target FPS: 20.00)
20:14:13 | INFO     | suraksha.frame_processor | [Capture] Stream connected successfully (Target FPS: 20.00)
20:14:13 | WARNING  | suraksha.frame_processor | [Capture] Frame loss / black frame detected (1/10)
20:14:13 | WARNING  | suraksha.frame_processor | [Capture] Frame loss / black frame detected (1/10)
20:14:20 | INFO     | suraksha.event_manager | [EventManager] Visual event logged: [CRITICAL] FIGHTING_STRIKES on f — Repeated aggressive arm strikes counted.
20:14:20 | INFO     | suraksha.event_manager | [EventManager] Visual event logged: [CRITICAL] FIGHTING_STRIKES on Webcam Unit — Repeated aggressive arm strikes counted.
20:14:20 | INFO     | suraksha.evidence | [Evidence] Saved jpg snapshot to /Users/swapnil/Desktop/my project/surakhsha-drishti/backend/recordings/snapshots/EVD-REC-1779374660.jpg
20:14:20 | INFO     | suraksha.recording_pipeline | [RecordingPipeline] Initialized Smart Clip -> raw_EVD_CAM-0_20260521_201420.mp4
20:14:20 | INFO     | suraksha.evidence | [Evidence] Threat trigger registered. Active recording initiated for camera CAM-0 at (19.076, 72.8777).
20:14:20 | INFO     | suraksha.alert | [Alert] New threat event triggered: [CRITICAL] Fighting (0.86)
20:14:20 | INFO     | suraksha | [Broadcaster] Auto-recording started. Broadcasting violence_detected event for EVD-REC-1779374660
20:14:35 | INFO     | suraksha.alert | [Alert] New threat event triggered: [CRITICAL] Fighting (0.87)
20:14:42 | INFO     | suraksha.alert | [Alert] New threat event triggered: [CRITICAL] Fighting (0.84)
20:14:43 | INFO     | suraksha.event_manager | [EventManager] Visual event logged: [CRITICAL] FIGHTING_STRIKES on f — Repeated aggressive arm strikes counted.
20:14:43 | INFO     | suraksha.event_manager | [EventManager] Visual event logged: [CRITICAL] FIGHTING_STRIKES on Webcam Unit — Repeated aggressive arm strikes counted.
20:14:46 | INFO     | suraksha.event_manager | [EventManager] Visual event logged: [CRITICAL] FIGHTING_STRIKES on f — Repeated aggressive arm strikes counted.
20:14:46 | INFO     | suraksha.event_manager | [EventManager] Visual event logged: [CRITICAL] FIGHTING_STRIKES on Webcam Unit — Repeated aggressive arm strikes counted.
20:14:49 | INFO     | suraksha.evidence | [Evidence] Stopping recording session. Total duration: 29.5s
20:14:49 | INFO     | suraksha.recording_pipeline | [RecordingPipeline] Transcoding clip raw_EVD_CAM-0_20260521_201420.mp4...
20:14:49 | INFO     | suraksha.evidence | [Evidence] Incident recorded and committed to database: EVD-REC-1779374660
20:14:49 | INFO     | suraksha | [Broadcaster] Auto-recorded new evidence! Broadcasting event: EVD-REC-1779374660
20:14:50 | INFO     | suraksha.recording_pipeline | [RecordingPipeline] Transcode complete -> EVD_CAM-0_20260521_201420.mp4
20:14:51 | INFO     | suraksha.event_manager | [EventManager] Visual event logged: [CRITICAL] FIGHTING_STRIKES on f — Repeated aggressive arm strikes counted.
20:14:51 | INFO     | suraksha.event_manager | [EventManager] Visual event logged: [CRITICAL] FIGHTING_STRIKES on Webcam Unit — Repeated aggressive arm strikes counted.
20:14:53 | INFO     | suraksha.event_manager | [EventManager] Visual event logged: [CRITICAL] FIGHTING_STRIKES on f — Repeated aggressive arm strikes counted.
20:14:53 | INFO     | suraksha.event_manager | [EventManager] Visual event logged: [CRITICAL] FIGHTING_STRIKES on Webcam Unit — Repeated aggressive arm strikes counted.
20:15:02 | INFO     | suraksha.evidence | [Evidence] Saved jpg snapshot to /Users/swapnil/Desktop/my project/surakhsha-drishti/backend/recordings/snapshots/EVD-REC-1779374702.jpg
20:15:02 | INFO     | suraksha.recording_pipeline | [RecordingPipeline] Initialized Smart Clip -> raw_EVD_CAM-0_20260521_201502.mp4
20:15:02 | INFO     | suraksha.evidence | [Evidence] Threat trigger registered. Active recording initiated for camera CAM-0 at (19.196393, 72.970692).
20:15:02 | INFO     | suraksha.alert | [Alert] New threat event triggered: [CRITICAL] Fighting (0.84)
20:15:02 | INFO     | suraksha | [Broadcaster] Auto-recording started. Broadcasting violence_detected event for EVD-REC-1779374702
20:15:05 | INFO     | suraksha.event_manager | [EventManager] Visual event logged: [CRITICAL] FIGHTING_STRIKES on f — Repeated aggressive arm strikes counted.
20:15:05 | INFO     | suraksha.event_manager | [EventManager] Visual event logged: [CRITICAL] FIGHTING_STRIKES on Webcam Unit — Repeated aggressive arm strikes counted.
20:15:08 | INFO     | suraksha.alert | [Alert] New threat event triggered: [CRITICAL] Fighting (0.83)
20:15:11 | INFO     | suraksha.event_manager | [EventManager] Visual event logged: [CRITICAL] FIGHTING_STRIKES on f — Repeated aggressive arm strikes counted.
20:15:17 | INFO     | suraksha.evidence | [Evidence] Stopping recording session. Total duration: 15.2s
20:15:17 | INFO     | suraksha.recording_pipeline | [RecordingPipeline] Transcoding clip raw_EVD_CAM-0_20260521_201502.mp4...
20:15:17 | INFO     | suraksha.evidence | [Evidence] Incident recorded and committed to database: EVD-REC-1779374702
20:15:17 | INFO     | suraksha | [Broadcaster] Auto-recorded new evidence! Broadcasting event: EVD-REC-1779374702
20:15:17 | INFO     | suraksha.recording_pipeline | [RecordingPipeline] Transcode complete -> EVD_CAM-0_20260521_201502.mp4
20:15:20 | INFO     | suraksha.event_manager | [EventManager] Visual event logged: [CRITICAL] FIGHTING_STRIKES on f — Repeated aggressive arm strikes counted.
20:15:20 | INFO     | suraksha.event_manager | [EventManager] Visual event logged: [CRITICAL] FIGHTING_STRIKES on Webcam Unit — Repeated aggressive arm strikes counted.
E0000 00:00:1779374723.575656  174508 portable_clearcut_uploader.cc:90] Failed to send to clearcut: FAILED_PRECONDITION: Not valid for uploading until: 2026-05-21T20:29:23.507256+05:30
=== Source Location Trace: ===
wireless/android/play/playlog/cplusplus/portable_clearcut_uploader.cc:180
20:15:24 | INFO     | suraksha.evidence | [Evidence] Saved jpg snapshot to /Users/swapnil/Desktop/my project/surakhsha-drishti/backend/recordings/snapshots/EVD-REC-1779374724.jpg
20:15:24 | INFO     | suraksha.recording_pipeline | [RecordingPipeline] Initialized Smart Clip -> raw_EVD_CAM-0_20260521_201524.mp4
20:15:24 | INFO     | suraksha.evidence | [Evidence] Threat trigger registered. Active recording initiated for camera CAM-0 at (19.196393, 72.970692).
20:15:24 | INFO     | suraksha.alert | [Alert] New threat event triggered: [CRITICAL] Fighting (0.84)
20:15:25 | INFO     | suraksha | [Broadcaster] Auto-recording started. Broadcasting violence_detected event for EVD-REC-1779374724
20:15:40 | INFO     | suraksha.evidence | [Evidence] Stopping recording session. Total duration: 15.3s
20:15:40 | INFO     | suraksha.evidence | [Evidence] Incident recorded and committed to database: EVD-REC-1779374724
20:15:40 | INFO     | suraksha | [Broadcaster] Auto-recorded new evidence! Broadcasting event: EVD-REC-1779374724
20:15:40 | INFO     | suraksha.recording_pipeline | [RecordingPipeline] Transcoding clip raw_EVD_CAM-0_20260521_201524.mp4...
20:15:40 | INFO     | suraksha.recording_pipeline | [RecordingPipeline] Transcode complete -> EVD_CAM-0_20260521_201524.mp4
INFO:     connection closed
INFO:     connection closed
20:16:18 | INFO     | suraksha | [WS] Client disconnected. Total: 2
20:16:18 | INFO     | suraksha | [WS] Client disconnected. Total: 1
E0000 00:00:1779374783.579867  174508 portable_clearcut_uploader.cc:90] Failed to send to clearcut: FAILED_PRECONDITION: Not valid for uploading until: 2026-05-21T20:29:23.507256+05:30
=== Source Location Trace: ===
wireless/android/play/playlog/cplusplus/portable_clearcut_uploader.cc:180
INFO:     ('127.0.0.1', 52396) - "WebSocket /ws/detections" [accepted]
20:16:32 | INFO     | suraksha | [WS] Client connected. Total: 2
INFO:     connection open
20:16:32 | INFO     | suraksha | [WS] Client disconnected. Total: 1
INFO:     connection closed
INFO:     ('127.0.0.1', 52405) - "WebSocket /ws/detections" [accepted]
20:16:32 | INFO     | suraksha | [WS] Client connected. Total: 2
INFO:     connection open
INFO:     ('127.0.0.1', 52407) - "WebSocket /ws/detections" [accepted]
20:16:32 | INFO     | suraksha | [WS] Client connected. Total: 3
INFO:     connection open
E0000 00:00:1779374843.583139  174508 portable_clearcut_uploader.cc:90] Failed to send to clearcut: FAILED_PRECONDITION: Not valid for uploading until: 2026-05-21T20:29:23.507256+05:30
=== Source Location Trace: ===
wireless/android/play/playlog/cplusplus/portable_clearcut_uploader.cc:180
20:17:45 | INFO     | suraksha | [Upload] Saved video file to /Users/swapnil/Desktop/my project/surakhsha-drishti/backend/temp_upload_1779374865.mp4. Queueing for multi-session camera card matching...
20:17:45 | INFO     | suraksha | [Registry] Mapping upload camera card 'CAM-1779374865412' to source=/Users/swapnil/Desktop/my project/surakhsha-drishti/backend/temp_upload_1779374865.mp4
20:17:45 | INFO     | suraksha.frame_processor | [Capture] Initializing VideoCapture index /Users/swapnil/Desktop/my project/surakhsha-drishti/backend/temp_upload_1779374865.mp4
20:17:45 | INFO     | suraksha.frame_processor | [FrameProcessor] Upgraded engine threads launched successfully.
20:17:45 | INFO     | suraksha.frame_processor | [Capture] Stream connected successfully (Target FPS: 29.97)
20:17:46 | INFO     | suraksha.event_manager | [EventManager] Visual event logged: [HIGH] IMPACT_COLLAPSE on V_20 — Person fall detected after sudden motion spike.
20:17:46 | INFO     | suraksha.event_manager | [EventManager] Visual event logged: [HIGH] IMPACT_COLLAPSE on V_20 — Person fall detected after sudden motion spike.
20:17:46 | INFO     | suraksha.event_manager | [EventManager] Visual event logged: [HIGH] IMPACT_COLLAPSE on Webcam Unit — Person fall detected after sudden motion spike.
20:17:50 | WARNING  | suraksha.frame_processor | [Capture] Frame loss / black frame detected (1/10)
20:17:51 | INFO     | suraksha.event_manager | [EventManager] Visual event logged: [HIGH] AGGRESSIVE_CHASE on V_20 — Converging bounding velocities indicating a chase.
20:17:56 | WARNING  | suraksha.frame_processor | [Capture] Frame loss / black frame detected (1/10)
20:17:57 | INFO     | suraksha.event_manager | [EventManager] Visual event logged: [HIGH] IMPACT_COLLAPSE on V_20 — Person fall detected after sudden motion spike.
20:17:59 | INFO     | suraksha.event_manager | [EventManager] Visual event logged: [HIGH] IMPACT_COLLAPSE on f — Person fall detected after sudden motion spike.
20:17:59 | INFO     | suraksha.event_manager | [EventManager] Visual event logged: [HIGH] IMPACT_COLLAPSE on V_20 — Person fall detected after sudden motion spike.
20:18:01 | WARNING  | suraksha.frame_processor | [Capture] Frame loss / black frame detected (1/10)
20:18:07 | WARNING  | suraksha.frame_processor | [Capture] Frame loss / black frame detected (1/10)
20:18:10 | INFO     | suraksha.event_manager | [EventManager] Visual event logged: [HIGH] IMPACT_COLLAPSE on V_20 — Person fall detected after sudden motion spike.
20:18:10 | INFO     | suraksha.event_manager | [EventManager] Visual event logged: [HIGH] IMPACT_COLLAPSE on Webcam Unit — Person fall detected after sudden motion spike.
20:18:12 | WARNING  | suraksha.frame_processor | [Capture] Frame loss / black frame detected (1/10)
20:18:13 | INFO     | suraksha.event_manager | [EventManager] Visual event logged: [HIGH] IMPACT_COLLAPSE on V_20 — Person fall detected after sudden motion spike.
20:18:14 | INFO     | suraksha.event_manager | [EventManager] Visual event logged: [HIGH] IMPACT_COLLAPSE on Webcam Unit — Person fall detected after sudden motion spike.
20:18:14 | INFO     | suraksha.event_manager | [EventManager] Visual event logged: [HIGH] IMPACT_COLLAPSE on V_20 — Person fall detected after sudden motion spike.
20:18:15 | INFO     | suraksha.event_manager | [EventManager] Visual event logged: [HIGH] AGGRESSIVE_CHASE on V_20 — Converging bounding velocities indicating a chase.
20:18:18 | WARNING  | suraksha.frame_processor | [Capture] Frame loss / black frame detected (1/10)
20:18:23 | INFO     | suraksha.event_manager | [EventManager] Visual event logged: [HIGH] IMPACT_COLLAPSE on V_20 — Person fall detected after sudden motion spike.
20:18:23 | INFO     | suraksha.event_manager | [EventManager] Visual event logged: [HIGH] IMPACT_COLLAPSE on Webcam Unit — Person fall detected after sudden motion spike.
E0000 00:00:1779374903.583593  174508 portable_clearcut_uploader.cc:90] Failed to send to clearcut: FAILED_PRECONDITION: Not valid for uploading until: 2026-05-21T20:29:23.507256+05:30
=== Source Location Trace: ===
wireless/android/play/playlog/cplusplus/portable_clearcut_uploader.cc:180
20:18:23 | WARNING  | suraksha.frame_processor | [Capture] Frame loss / black frame detected (1/10)
20:18:25 | INFO     | suraksha.event_manager | [EventManager] Visual event logged: [HIGH] IMPACT_COLLAPSE on V_20 — Person fall detected after sudden motion spike.
20:18:25 | INFO     | suraksha.event_manager | [EventManager] Visual event logged: [HIGH] IMPACT_COLLAPSE on Webcam Unit — Person fall detected after sudden motion spike.
20:18:29 | WARNING  | suraksha.frame_processor | [Capture] Frame loss / black frame detected (1/10)
20:18:32 | INFO     | suraksha.event_manager | [EventManager] Visual event logged: [HIGH] IMPACT_COLLAPSE on V_20 — Person fall detected after sudden motion spike.
20:18:34 | WARNING  | suraksha.frame_processor | [Capture] Frame loss / black frame detected (1/10)
20:18:37 | INFO     | suraksha.event_manager | [EventManager] Visual event logged: [HIGH] IMPACT_COLLAPSE on V_20 — Person fall detected after sudden motion spike.
20:18:39 | WARNING  | suraksha.frame_processor | [Capture] Frame loss / black frame detected (1/10)
20:18:41 | INFO     | suraksha.event_manager | [EventManager] Visual event logged: [HIGH] IMPACT_COLLAPSE on Webcam Unit — Person fall detected after sudden motion spike.
20:18:41 | INFO     | suraksha.event_manager | [EventManager] Visual event logged: [HIGH] IMPACT_COLLAPSE on V_20 — Person fall detected after sudden motion spike.
20:18:45 | WARNING  | suraksha.frame_processor | [Capture] Frame loss / black frame detected (1/10)
20:18:50 | WARNING  | suraksha.frame_processor | [Capture] Frame loss / black frame detected (1/10)
20:18:52 | INFO     | suraksha.event_manager | [EventManager] Visual event logged: [HIGH] IMPACT_COLLAPSE on V_20 — Person fall detected after sudden motion spike.
20:18:52 | INFO     | suraksha.event_manager | [EventManager] Visual event logged: [HIGH] IMPACT_COLLAPSE on f — Person fall detected after sudden motion spike.
20:18:56 | WARNING  | suraksha.frame_processor | [Capture] Frame loss / black frame detected (1/10)
20:18:57 | INFO     | suraksha.event_manager | [EventManager] Visual event logged: [HIGH] IMPACT_COLLAPSE on V_20 — Person fall detected after sudden motion spike.
20:18:59 | INFO     | suraksha.event_manager | [EventManager] Visual event logged: [HIGH] IMPACT_COLLAPSE on V_20 — Person fall detected after sudden motion spike.
20:19:01 | WARNING  | suraksha.frame_processor | [Capture] Frame loss / black frame detected (1/10)
20:19:04 | INFO     | suraksha.event_manager | [EventManager] Visual event logged: [HIGH] IMPACT_COLLAPSE on V_20 — Person fall detected after sudden motion spike.
20:19:07 | WARNING  | suraksha.frame_processor | [Capture] Frame loss / black frame detected (1/10)
20:19:08 | INFO     | suraksha.event_manager | [EventManager] Visual event logged: [HIGH] IMPACT_COLLAPSE on V_20 — Person fall detected after sudden motion spike.
20:19:08 | INFO     | suraksha.event_manager | [EventManager] Visual event logged: [HIGH] IMPACT_COLLAPSE on V_20 — Person fall detected after sudden motion spike.
20:19:08 | INFO     | suraksha.event_manager | [EventManager] Visual event logged: [HIGH] IMPACT_COLLAPSE on Webcam Unit — Person fall detected after sudden motion spike.
20:19:10 | INFO     | suraksha.event_manager | [EventManager] Visual event logged: [HIGH] IMPACT_COLLAPSE on V_20 — Person fall detected after sudden motion spike.
20:19:12 | WARNING  | suraksha.frame_processor | [Capture] Frame loss / black frame detected (1/10)
20:19:14 | INFO     | suraksha.event_manager | [EventManager] Visual event logged: [HIGH] IMPACT_COLLAPSE on V_20 — Person fall detected after sudden motion spike.
20:19:14 | INFO     | suraksha.event_manager | [EventManager] Visual event logged: [HIGH] IMPACT_COLLAPSE on V_20 — Person fall detected after sudden motion spike.
20:19:14 | INFO     | suraksha.event_manager | [EventManager] Visual event logged: [HIGH] IMPACT_COLLAPSE on Webcam Unit — Person fall detected after sudden motion spike.
20:19:18 | WARNING  | suraksha.frame_processor | [Capture] Frame loss / black frame detected (1/10)
20:19:21 | INFO     | suraksha.event_manager | [EventManager] Visual event logged: [HIGH] IMPACT_COLLAPSE on f — Person fall detected after sudden motion spike.
20:19:21 | INFO     | suraksha.event_manager | [EventManager] Visual event logged: [HIGH] IMPACT_COLLAPSE on V_20 — Person fall detected after sudden motion spike.
20:19:23 | INFO     | suraksha.event_manager | [EventManager] Visual event logged: [HIGH] IMPACT_COLLAPSE on Webcam Unit — Person fall detected after sudden motion spike.
20:19:23 | INFO     | suraksha.event_manager | [EventManager] Visual event logged: [HIGH] IMPACT_COLLAPSE on V_20 — Person fall detected after sudden motion spike.
20:19:23 | WARNING  | suraksha.frame_processor | [Capture] Frame loss / black frame detected (1/10)
E0000 00:00:1779374963.584549  174508 portable_clearcut_uploader.cc:90] Failed to send to clearcut: FAILED_PRECONDITION: Not valid for uploading until: 2026-05-21T20:29:23.507256+05:30
=== Source Location Trace: ===
wireless/android/play/playlog/cplusplus/portable_clearcut_uploader.cc:180
20:19:25 | INFO     | suraksha.event_manager | [EventManager] Visual event logged: [HIGH] IMPACT_COLLAPSE on f — Person fall detected after sudden motion spike.
20:19:25 | INFO     | suraksha.event_manager | [EventManager] Visual event logged: [HIGH] IMPACT_COLLAPSE on V_20 — Person fall detected after sudden motion spike.
20:19:26 | INFO     | suraksha.event_manager | [EventManager] Visual event logged: [HIGH] IMPACT_COLLAPSE on V_20 — Person fall detected after sudden motion spike.
20:19:28 | WARNING  | suraksha.frame_processor | [Capture] Frame loss / black frame detected (1/10)
20:19:30 | INFO     | suraksha.event_manager | [EventManager] Visual event logged: [HIGH] IMPACT_COLLAPSE on V_20 — Person fall detected after sudden motion spike.
20:19:32 | INFO     | suraksha.event_manager | [EventManager] Visual event logged: [HIGH] IMPACT_COLLAPSE on V_20 — Person fall detected after sudden motion spike.
20:19:34 | WARNING  | suraksha.frame_processor | [Capture] Frame loss / black frame detected (1/10)
20:19:39 | WARNING  | suraksha.frame_processor | [Capture] Frame loss / black frame detected (1/10)
20:19:41 | INFO     | suraksha.event_manager | [EventManager] Visual event logged: [HIGH] IMPACT_COLLAPSE on V_20 — Person fall detected after sudden motion spike.
20:19:42 | INFO     | suraksha.event_manager | [EventManager] Visual event logged: [HIGH] AGGRESSIVE_CHASE on V_20 — Converging bounding velocities indicating a chase.
20:19:45 | WARNING  | suraksha.frame_processor | [Capture] Frame loss / black frame detected (1/10)
20:19:45 | INFO     | suraksha.event_manager | [EventManager] Visual event logged: [HIGH] IMPACT_COLLAPSE on V_20 — Person fall detected after sudden motion spike.
20:19:49 | INFO     | suraksha.event_manager | [EventManager] Visual event logged: [HIGH] AGGRESSIVE_CHASE on V_20 — Converging bounding velocities indicating a chase.
20:19:50 | INFO     | suraksha.event_manager | [EventManager] Visual event logged: [HIGH] IMPACT_COLLAPSE on V_20 — Person fall detected after sudden motion spike.
20:19:50 | INFO     | suraksha.event_manager | [EventManager] Visual event logged: [HIGH] IMPACT_COLLAPSE on f — Person fall detected after sudden motion spike.
20:19:50 | INFO     | suraksha.event_manager | [EventManager] Visual event logged: [HIGH] IMPACT_COLLAPSE on Webcam Unit — Person fall detected after sudden motion spike.
20:19:50 | WARNING  | suraksha.frame_processor | [Capture] Frame loss / black frame detected (1/10)
20:19:51 | INFO     | suraksha.event_manager | [EventManager] Visual event logged: [HIGH] IMPACT_COLLAPSE on V_20 — Person fall detected after sudden motion spike.
20:19:51 | INFO     | suraksha.event_manager | [EventManager] Visual event logged: [HIGH] AGGRESSIVE_CHASE on V_20 — Converging bounding velocities indicating a chase.
20:19:52 | INFO     | suraksha.event_manager | [EventManager] Visual event logged: [HIGH] IMPACT_COLLAPSE on V_20 — Person fall detected after sudden motion spike.
20:19:52 | INFO     | suraksha.event_manager | [EventManager] Visual event logged: [HIGH] IMPACT_COLLAPSE on f — Person fall detected after sudden motion spike.
20:19:52 | INFO     | suraksha.event_manager | [EventManager] Visual event logged: [HIGH] IMPACT_COLLAPSE on Webcam Unit — Person fall detected after sudden motion spike.
20:19:52 | INFO     | suraksha.event_manager | [EventManager] Visual event logged: [HIGH] IMPACT_COLLAPSE on V_20 — Person fall detected after sudden motion spike.
20:19:53 | INFO     | suraksha.event_manager | [EventManager] Visual event logged: [HIGH] AGGRESSIVE_CHASE on V_20 — Converging bounding velocities indicating a chase.
20:19:54 | INFO     | suraksha.event_manager | [EventManager] Visual event logged: [HIGH] AGGRESSIVE_CHASE on V_20 — Converging bounding velocities indicating a chase.
20:19:55 | INFO     | suraksha.event_manager | [EventManager] Visual event logged: [HIGH] AGGRESSIVE_CHASE on V_20 — Converging bounding velocities indicating a chase.
20:19:55 | INFO     | suraksha.event_manager | [EventManager] Visual event logged: [HIGH] IMPACT_COLLAPSE on V_20 — Person fall detected after sudden motion spike.
20:19:56 | WARNING  | suraksha.frame_processor | [Capture] Frame loss / black frame detected (1/10)
20:19:57 | INFO     | suraksha.event_manager | [EventManager] Visual event logged: [HIGH] IMPACT_COLLAPSE on V_20 — Person fall detected after sudden motion spike.
20:20:01 | WARNING  | suraksha.frame_processor | [Capture] Frame loss / black frame detected (1/10)
20:20:02 | INFO     | suraksha.event_manager | [EventManager] Visual event logged: [HIGH] IMPACT_COLLAPSE on V_20 — Person fall detected after sudden motion spike.
20:20:03 | INFO     | suraksha.event_manager | [EventManager] Visual event logged: [HIGH] AGGRESSIVE_CHASE on V_20 — Converging bounding velocities indicating a chase.
20:20:03 | INFO     | suraksha.event_manager | [EventManager] Visual event logged: [HIGH] IMPACT_COLLAPSE on V_20 — Person fall detected after sudden motion spike.
20:20:03 | INFO     | suraksha.event_manager | [EventManager] Visual event logged: [HIGH] IMPACT_COLLAPSE on f — Person fall detected after sudden motion spike.
20:20:04 | INFO     | suraksha.event_manager | [EventManager] Visual event logged: [HIGH] AGGRESSIVE_CHASE on V_20 — Converging bounding velocities indicating a chase.
20:20:06 | INFO     | suraksha.event_manager | [EventManager] Visual event logged: [HIGH] IMPACT_COLLAPSE on V_20 — Person fall detected after sudden motion spike.
20:20:07 | WARNING  | suraksha.frame_processor | [Capture] Frame loss / black frame detected (1/10)
20:20:11 | INFO     | suraksha.event_manager | [EventManager] Visual event logged: [HIGH] IMPACT_COLLAPSE on V_20 — Person fall detected after sudden motion spike.
20:20:12 | WARNING  | suraksha.frame_processor | [Capture] Frame loss / black frame detected (1/10)
20:20:13 | INFO     | suraksha.event_manager | [EventManager] Visual event logged: [HIGH] AGGRESSIVE_CHASE on V_20 — Converging bounding velocities indicating a chase.
20:20:18 | WARNING  | suraksha.frame_processor | [Capture] Frame loss / black frame detected (1/10)
20:20:18 | INFO     | suraksha.event_manager | [EventManager] Visual event logged: [HIGH] IMPACT_COLLAPSE on V_20 — Person fall detected after sudden motion spike.
20:20:23 | WARNING  | suraksha.frame_processor | [Capture] Frame loss / black frame detected (1/10)
E0000 00:00:1779375023.589108  174508 portable_clearcut_uploader.cc:90] Failed to send to clearcut: FAILED_PRECONDITION: Not valid for uploading until: 2026-05-21T20:29:23.507256+05:30
=== Source Location Trace: ===
wireless/android/play/playlog/cplusplus/portable_clearcut_uploader.cc:180
20:20:25 | INFO     | suraksha.event_manager | [EventManager] Visual event logged: [HIGH] IMPACT_COLLAPSE on V_20 — Person fall detected after sudden motion spike.
20:20:25 | INFO     | suraksha.event_manager | [EventManager] Visual event logged: [HIGH] IMPACT_COLLAPSE on Webcam Unit — Person fall detected after sudden motion spike.
20:20:25 | INFO     | suraksha.event_manager | [EventManager] Visual event logged: [HIGH] IMPACT_COLLAPSE on f — Person fall detected after sudden motion spike.
20:20:26 | INFO     | suraksha.event_manager | [EventManager] Visual event logged: [HIGH] AGGRESSIVE_CHASE on V_20 — Converging bounding velocities indicating a chase.
20:20:26 | INFO     | suraksha.event_manager | [EventManager] Visual event logged: [HIGH] IMPACT_COLLAPSE on V_20 — Person fall detected after sudden motion spike.
20:20:27 | INFO     | suraksha.event_manager | [EventManager] Visual event logged: [HIGH] AGGRESSIVE_CHASE on V_20 — Converging bounding velocities indicating a chase.
20:20:28 | WARNING  | suraksha.frame_processor | [Capture] Frame loss / black frame detected (1/10)
20:20:33 | INFO     | suraksha.event_manager | [EventManager] Visual event logged: [HIGH] AGGRESSIVE_CHASE on V_20 — Converging bounding velocities indicating a chase.
20:20:34 | WARNING  | suraksha.frame_processor | [Capture] Frame loss / black frame detected (1/10)
20:20:35 | INFO     | suraksha.event_manager | [EventManager] Visual event logged: [HIGH] IMPACT_COLLAPSE on V_20 — Person fall detected after sudden motion spike.
20:20:35 | INFO     | suraksha.event_manager | [EventManager] Visual event logged: [HIGH] IMPACT_COLLAPSE on f — Person fall detected after sudden motion spike.
20:20:37 | INFO     | suraksha.event_manager | [EventManager] Visual event logged: [HIGH] AGGRESSIVE_CHASE on V_20 — Converging bounding velocities indicating a chase.
20:20:39 | WARNING  | suraksha.frame_processor | [Capture] Frame loss / black frame detected (1/10)
20:20:45 | WARNING  | suraksha.frame_processor | [Capture] Frame loss / black frame detected (1/10)
20:20:45 | INFO     | suraksha.event_manager | [EventManager] Visual event logged: [HIGH] IMPACT_COLLAPSE on V_20 — Person fall detected after sudden motion spike.
20:20:46 | INFO     | suraksha.event_manager | [EventManager] Visual event logged: [HIGH] AGGRESSIVE_CHASE on V_20 — Converging bounding velocities indicating a chase.
20:20:47 | INFO     | suraksha.event_manager | [EventManager] Visual event logged: [HIGH] IMPACT_COLLAPSE on f — Person fall detected after sudden motion spike.
20:20:47 | INFO     | suraksha.event_manager | [EventManager] Visual event logged: [HIGH] IMPACT_COLLAPSE on V_20 — Person fall detected after sudden motion spike.
20:20:47 | INFO     | suraksha.event_manager | [EventManager] Visual event logged: [HIGH] IMPACT_COLLAPSE on Webcam Unit — Person fall detected after sudden motion spike.
20:20:48 | INFO     | suraksha.event_manager | [EventManager] Visual event logged: [HIGH] IMPACT_COLLAPSE on V_20 — Person fall detected after sudden motion spike.
20:20:48 | INFO     | suraksha.event_manager | [EventManager] Visual event logged: [HIGH] IMPACT_COLLAPSE on V_20 — Person fall detected after sudden motion spike.
20:20:48 | INFO     | suraksha.event_manager | [EventManager] Visual event logged: [HIGH] AGGRESSIVE_CHASE on V_20 — Converging bounding velocities indicating a chase.
20:20:49 | INFO     | suraksha.event_manager | [EventManager] Visual event logged: [HIGH] AGGRESSIVE_CHASE on V_20 — Converging bounding velocities indicating a chase.
20:20:50 | INFO     | suraksha.event_manager | [EventManager] Visual event logged: [HIGH] IMPACT_COLLAPSE on V_20 — Person fall detected after sudden motion spike.
20:20:50 | INFO     | suraksha.event_manager | [EventManager] Visual event logged: [HIGH] IMPACT_COLLAPSE on f — Person fall detected after sudden motion spike.
20:20:50 | INFO     | suraksha.event_manager | [EventManager] Visual event logged: [HIGH] IMPACT_COLLAPSE on Webcam Unit — Person fall detected after sudden motion spike.
20:20:50 | WARNING  | suraksha.frame_processor | [Capture] Frame loss / black frame detected (1/10)
20:20:52 | INFO     | suraksha.event_manager | [EventManager] Visual event logged: [HIGH] IMPACT_COLLAPSE on V_20 — Person fall detected after sudden motion spike.
20:20:52 | INFO     | suraksha.event_manager | [EventManager] Visual event logged: [HIGH] IMPACT_COLLAPSE on V_20 — Person fall detected after sudden motion spike.
20:20:52 | INFO     | suraksha.event_manager | [EventManager] Visual event logged: [HIGH] IMPACT_COLLAPSE on f — Person fall detected after sudden motion spike.
20:20:52 | INFO     | suraksha.event_manager | [EventManager] Visual event logged: [HIGH] IMPACT_COLLAPSE on Webcam Unit — Person fall detected after sudden motion spike.
20:20:55 | INFO     | suraksha.event_manager | [EventManager] Visual event logged: [HIGH] IMPACT_COLLAPSE on V_20 — Person fall detected after sudden motion spike.
20:20:55 | INFO     | suraksha.event_manager | [EventManager] Visual event logged: [HIGH] IMPACT_COLLAPSE on f — Person fall detected after sudden motion spike.
20:20:56 | WARNING  | suraksha.frame_processor | [Capture] Frame loss / black frame detected (1/10)
20:20:57 | INFO     | suraksha.event_manager | [EventManager] Visual event logged: [HIGH] AGGRESSIVE_CHASE on V_20 — Converging bounding velocities indicating a chase.
20:20:57 | INFO     | suraksha.event_manager | [EventManager] Visual event logged: [HIGH] AGGRESSIVE_CHASE on V_20 — Converging bounding velocities indicating a chase.
20:20:58 | INFO     | suraksha.event_manager | [EventManager] Visual event logged: [HIGH] AGGRESSIVE_CHASE on V_20 — Converging bounding velocities indicating a chase.
20:20:59 | INFO     | suraksha.event_manager | [EventManager] Visual event logged: [HIGH] IMPACT_COLLAPSE on f — Person fall detected after sudden motion spike.
20:20:59 | INFO     | suraksha.event_manager | [EventManager] Visual event logged: [HIGH] IMPACT_COLLAPSE on Webcam Unit — Person fall detected after sudden motion spike.
20:20:59 | INFO     | suraksha.event_manager | [EventManager] Visual event logged: [HIGH] IMPACT_COLLAPSE on V_20 — Person fall detected after sudden motion spike.
20:21:01 | WARNING  | suraksha.frame_processor | [Capture] Frame loss / black frame detected (1/10)
20:21:02 | INFO     | suraksha.event_manager | [EventManager] Visual event logged: [HIGH] IMPACT_COLLAPSE on V_20 — Person fall detected after sudden motion spike.
20:21:02 | INFO     | suraksha.event_manager | [EventManager] Visual event logged: [HIGH] IMPACT_COLLAPSE on V_20 — Person fall detected after sudden motion spike.
20:21:04 | INFO     | suraksha.event_manager | [EventManager] Visual event logged: [HIGH] IMPACT_COLLAPSE on V_20 — Person fall detected after sudden motion spike.
20:21:07 | WARNING  | suraksha.frame_processor | [Capture] Frame loss / black frame detected (1/10)
20:21:07 | INFO     | suraksha.event_manager | [EventManager] Visual event logged: [HIGH] AGGRESSIVE_CHASE on V_20 — Converging bounding velocities indicating a chase.
20:21:10 | INFO     | suraksha.event_manager | [EventManager] Visual event logged: [HIGH] AGGRESSIVE_CHASE on V_20 — Converging bounding velocities indicating a chase.
20:21:10 | INFO     | suraksha.event_manager | [EventManager] Visual event logged: [HIGH] IMPACT_COLLAPSE on V_20 — Person fall detected after sudden motion spike.
20:21:11 | INFO     | suraksha.event_manager | [EventManager] Visual event logged: [HIGH] AGGRESSIVE_CHASE on V_20 — Converging bounding velocities indicating a chase.
20:21:11 | INFO     | suraksha.event_manager | [EventManager] Visual event logged: [HIGH] IMPACT_COLLAPSE on V_20 — Person fall detected after sudden motion spike.
20:21:12 | INFO     | suraksha.event_manager | [EventManager] Visual event logged: [HIGH] IMPACT_COLLAPSE on V_20 — Person fall detected after sudden motion spike.
20:21:12 | INFO     | suraksha.event_manager | [EventManager] Visual event logged: [HIGH] IMPACT_COLLAPSE on Webcam Unit — Person fall detected after sudden motion spike.
20:21:12 | INFO     | suraksha.event_manager | [EventManager] Visual event logged: [HIGH] IMPACT_COLLAPSE on f — Person fall detected after sudden motion spike.
20:21:12 | WARNING  | suraksha.frame_processor | [Capture] Frame loss / black frame detected (1/10)
20:21:15 | INFO     | suraksha.event_manager | [EventManager] Visual event logged: [HIGH] AGGRESSIVE_CHASE on V_20 — Converging bounding velocities indicating a chase.
20:21:18 | WARNING  | suraksha.frame_processor | [Capture] Frame loss / black frame detected (1/10)
20:21:19 | INFO     | suraksha.event_manager | [EventManager] Visual event logged: [HIGH] AGGRESSIVE_CHASE on V_20 — Converging bounding velocities indicating a chase.
20:21:23 | WARNING  | suraksha.frame_processor | [Capture] Frame loss / black frame detected (1/10)
E0000 00:00:1779375083.594154  174508 portable_clearcut_uploader.cc:90] Failed to send to clearcut: FAILED_PRECONDITION: Not valid for uploading until: 2026-05-21T20:29:23.507256+05:30
=== Source Location Trace: ===
wireless/android/play/playlog/cplusplus/portable_clearcut_uploader.cc:180
20:21:29 | WARNING  | suraksha.frame_processor | [Capture] Frame loss / black frame detected (1/10)
20:21:31 | INFO     | suraksha.event_manager | [EventManager] Visual event logged: [HIGH] IMPACT_COLLAPSE on V_20 — Person fall detected after sudden motion spike.
20:21:31 | INFO     | suraksha.event_manager | [EventManager] Visual event logged: [HIGH] AGGRESSIVE_CHASE on V_20 — Converging bounding velocities indicating a chase.
20:21:33 | INFO     | suraksha.event_manager | [EventManager] Visual event logged: [HIGH] AGGRESSIVE_CHASE on V_20 — Converging bounding velocities indicating a chase.
20:21:34 | WARNING  | suraksha.frame_processor | [Capture] Frame loss / black frame detected (1/10)
20:21:40 | WARNING  | suraksha.frame_processor | [Capture] Frame loss / black frame detected (1/10)
20:21:42 | INFO     | suraksha.event_manager | [EventManager] Visual event logged: [HIGH] AGGRESSIVE_CHASE on V_20 — Converging bounding velocities indicating a chase.
20:21:45 | WARNING  | suraksha.frame_processor | [Capture] Frame loss / black frame detected (1/10)
20:21:50 | WARNING  | suraksha.frame_processor | [Capture] Frame loss / black frame detected (1/10)
20:21:53 | INFO     | suraksha.event_manager | [EventManager] Visual event logged: [HIGH] AGGRESSIVE_CHASE on V_20 — Converging bounding velocities indicating a chase.
20:21:54 | INFO     | suraksha.event_manager | [EventManager] Visual event logged: [HIGH] IMPACT_COLLAPSE on V_20 — Person fall detected after sudden motion spike.
20:21:56 | WARNING  | suraksha.frame_processor | [Capture] Frame loss / black frame detected (1/10)
20:21:56 | INFO     | suraksha.event_manager | [EventManager] Visual event logged: [HIGH] IMPACT_COLLAPSE on V_20 — Person fall detected after sudden motion spike.
20:21:57 | INFO     | suraksha.event_manager | [EventManager] Visual event logged: [HIGH] IMPACT_COLLAPSE on V_20 — Person fall detected after sudden motion spike.
20:22:01 | WARNING  | suraksha.frame_processor | [Capture] Frame loss / black frame detected (1/10)
20:22:02 | INFO     | suraksha.event_manager | [EventManager] Visual event logged: [HIGH] IMPACT_COLLAPSE on V_20 — Person fall detected after sudden motion spike.
20:22:04 | INFO     | suraksha.event_manager | [EventManager] Visual event logged: [HIGH] IMPACT_COLLAPSE on V_20 — Person fall detected after sudden motion spike.
20:22:05 | INFO     | suraksha.event_manager | [EventManager] Visual event logged: [HIGH] AGGRESSIVE_CHASE on V_20 — Converging bounding velocities indicating a chase.
20:22:07 | WARNING  | suraksha.frame_processor | [Capture] Frame loss / black frame detected (1/10)
20:22:08 | INFO     | suraksha.event_manager | [EventManager] Visual event logged: [HIGH] AGGRESSIVE_CHASE on V_20 — Converging bounding velocities indicating a chase.
20:22:09 | INFO     | suraksha.event_manager | [EventManager] Visual event logged: [HIGH] AGGRESSIVE_CHASE on V_20 — Converging bounding velocities indicating a chase.
20:22:12 | INFO     | suraksha.event_manager | [EventManager] Visual event logged: [HIGH] AGGRESSIVE_CHASE on V_20 — Converging bounding velocities indicating a chase.
20:22:12 | WARNING  | suraksha.frame_processor | [Capture] Frame loss / black frame detected (1/10)
20:22:15 | INFO     | suraksha.event_manager | [EventManager] Visual event logged: [HIGH] AGGRESSIVE_CHASE on V_20 — Converging bounding velocities indicating a chase.
20:22:16 | INFO     | suraksha.event_manager | [EventManager] Visual event logged: [HIGH] IMPACT_COLLAPSE on V_20 — Person fall detected after sudden motion spike.
20:22:17 | INFO     | suraksha.event_manager | [EventManager] Visual event logged: [HIGH] AGGRESSIVE_CHASE on V_20 — Converging bounding velocities indicating a chase.
20:22:18 | WARNING  | suraksha.frame_processor | [Capture] Frame loss / black frame detected (1/10)
20:22:18 | INFO     | suraksha.event_manager | [EventManager] Visual event logged: [HIGH] IMPACT_COLLAPSE on V_20 — Person fall detected after sudden motion spike.
E0000 00:00:1779375143.599184  174508 portable_clearcut_uploader.cc:90] Failed to send to clearcut: FAILED_PRECONDITION: Not valid for uploading until: 2026-05-21T20:29:23.507256+05:30
=== Source Location Trace: ===
wireless/android/play/playlog/cplusplus/portable_clearcut_uploader.cc:180
20:22:23 | WARNING  | suraksha.frame_processor | [Capture] Frame loss / black frame detected (1/10)
20:22:24 | INFO     | suraksha.event_manager | [EventManager] Visual event logged: [HIGH] IMPACT_COLLAPSE on V_20 — Person fall detected after sudden motion spike.
20:22:24 | INFO     | suraksha.event_manager | [EventManager] Visual event logged: [HIGH] AGGRESSIVE_CHASE on V_20 — Converging bounding velocities indicating a chase.
20:22:26 | INFO     | suraksha.event_manager | [EventManager] Visual event logged: [HIGH] IMPACT_COLLAPSE on V_20 — Person fall detected after sudden motion spike.
20:22:28 | INFO     | suraksha.event_manager | [EventManager] Visual event logged: [HIGH] IMPACT_COLLAPSE on f — Person fall detected after sudden motion spike.
20:22:28 | INFO     | suraksha.event_manager | [EventManager] Visual event logged: [HIGH] IMPACT_COLLAPSE on V_20 — Person fall detected after sudden motion spike.
20:22:28 | INFO     | suraksha.event_manager | [EventManager] Visual event logged: [HIGH] IMPACT_COLLAPSE on Webcam Unit — Person fall detected after sudden motion spike.
20:22:29 | WARNING  | suraksha.frame_processor | [Capture] Frame loss / black frame detected (1/10)
20:22:30 | INFO     | suraksha.event_manager | [EventManager] Visual event logged: [HIGH] AGGRESSIVE_CHASE on V_20 — Converging bounding velocities indicating a chase.
20:22:34 | WARNING  | suraksha.frame_processor | [Capture] Frame loss / black frame detected (1/10)
20:22:35 | INFO     | suraksha.event_manager | [EventManager] Visual event logged: [HIGH] IMPACT_COLLAPSE on V_20 — Person fall detected after sudden motion spike.
20:22:36 | INFO     | suraksha.event_manager | [EventManager] Visual event logged: [HIGH] AGGRESSIVE_CHASE on V_20 — Converging bounding velocities indicating a chase.
20:22:36 | INFO     | suraksha.event_manager | [EventManager] Visual event logged: [HIGH] IMPACT_COLLAPSE on f — Person fall detected after sudden motion spike.
20:22:36 | INFO     | suraksha.event_manager | [EventManager] Visual event logged: [HIGH] IMPACT_COLLAPSE on Webcam Unit — Person fall detected after sudden motion spike.
20:22:37 | INFO     | suraksha | [Source] Dynamically selecting input source for camera 'default' -> 0
20:22:37 | INFO     | suraksha.frame_processor | [FrameProcessor] Relaying capture stream -> 0
20:22:37 | INFO     | suraksha.frame_processor | [Capture] Initializing VideoCapture index 0
20:22:37 | INFO     | suraksha.frame_processor | [FrameProcessor] Upgraded streams re-attached successfully.
20:22:37 | INFO     | suraksha | [Source] Dynamically selecting input source for camera 'default' -> 0
20:22:37 | INFO     | suraksha.frame_processor | [FrameProcessor] Relaying capture stream -> 0
20:22:38 | INFO     | suraksha.frame_processor | [Capture] Stream connected successfully (Target FPS: 20.00)
20:22:38 | INFO     | suraksha.frame_processor | [Capture] Initializing VideoCapture index 0
20:22:38 | INFO     | suraksha.frame_processor | [FrameProcessor] Upgraded streams re-attached successfully.
20:22:38 | INFO     | suraksha | [Registry] Mapping new camera card 'CAM-1779375157873' to default webcam source=0
20:22:38 | INFO     | suraksha.frame_processor | [Capture] Initializing VideoCapture index 0
20:22:38 | INFO     | suraksha.frame_processor | [FrameProcessor] Upgraded engine threads launched successfully.
20:22:39 | INFO     | suraksha.frame_processor | [Capture] Stream connected successfully (Target FPS: 20.00)
20:22:39 | INFO     | suraksha.frame_processor | [Capture] Stream connected successfully (Target FPS: 20.00)
20:22:40 | WARNING  | suraksha.frame_processor | [Capture] Frame loss / black frame detected (1/10)
20:22:40 | INFO     | suraksha.event_manager | [EventManager] Visual event logged: [HIGH] IMPACT_COLLAPSE on ldjv — Person fall detected after sudden motion spike.
20:22:40 | INFO     | suraksha.event_manager | [EventManager] Visual event logged: [HIGH] IMPACT_COLLAPSE on V_20 — Person fall detected after sudden motion spike.
20:22:45 | WARNING  | suraksha.frame_processor | [Capture] Frame loss / black frame detected (1/10)
20:22:51 | WARNING  | suraksha.frame_processor | [Capture] Frame loss / black frame detected (1/10)
20:22:56 | WARNING  | suraksha.frame_processor | [Capture] Frame loss / black frame detected (1/10)
20:23:01 | WARNING  | suraksha.frame_processor | [Capture] Frame loss / black frame detected (1/10)
20:23:07 | WARNING  | suraksha.frame_processor | [Capture] Frame loss / black frame detected (1/10)
20:23:10 | INFO     | suraksha.event_manager | [EventManager] Visual event logged: [HIGH] IMPACT_COLLAPSE on V_20 — Person fall detected after sudden motion spike.
20:23:12 | WARNING  | suraksha.frame_processor | [Capture] Frame loss / black frame detected (1/10)
20:23:18 | WARNING  | suraksha.frame_processor | [Capture] Frame loss / black frame detected (1/10)
E0000 00:00:1779375203.604258  174508 portable_clearcut_uploader.cc:90] Failed to send to clearcut: FAILED_PRECONDITION: Not valid for uploading until: 2026-05-21T20:29:23.507256+05:30
=== Source Location Trace: ===
wireless/android/play/playlog/cplusplus/portable_clearcut_uploader.cc:180
20:23:23 | WARNING  | suraksha.frame_processor | [Capture] Frame loss / black frame detected (1/10)
20:23:29 | WARNING  | suraksha.frame_processor | [Capture] Frame loss / black frame detected (1/10)
20:23:29 | INFO     | suraksha.event_manager | [EventManager] Visual event logged: [HIGH] IMPACT_COLLAPSE on ldjv — Person fall detected after sudden motion spike.
20:23:29 | INFO     | suraksha.event_manager | [EventManager] Visual event logged: [HIGH] IMPACT_COLLAPSE on f — Person fall detected after sudden motion spike.
20:23:34 | WARNING  | suraksha.frame_processor | [Capture] Frame loss / black frame detected (1/10)
20:23:37 | INFO     | suraksha.event_manager | [EventManager] Visual event logged: [HIGH] IMPACT_COLLAPSE on ldjv — Person fall detected after sudden motion spike.
20:23:37 | INFO     | suraksha.event_manager | [EventManager] Visual event logged: [HIGH] IMPACT_COLLAPSE on f — Person fall detected after sudden motion spike.
20:23:39 | WARNING  | suraksha.frame_processor | [Capture] Frame loss / black frame detected (1/10)
INFO:     connection closed
INFO:     connection closed
INFO:     connection closed
20:23:40 | INFO     | suraksha | [WS] Client disconnected. Total: 2
20:23:40 | INFO     | suraksha | [WS] Client disconnected. Total: 1
20:23:40 | INFO     | suraksha | [WS] Client disconnected. Total: 0
20:23:40 | INFO     | suraksha.event_manager | [EventManager] Visual event logged: [HIGH] AGGRESSIVE_CHASE on V_20 — Converging bounding velocities indicating a chase.
20:23:41 | WARNING  | suraksha.frame_processor | [Capture] Frame loss / black frame detected (1/10)
20:23:41 | WARNING  | suraksha.frame_processor | [Capture] Frame loss / black frame detected (1/10)
20:23:41 | WARNING  | suraksha.frame_processor | [Capture] Frame loss / black frame detected (1/10)
20:23:41 | INFO     | suraksha.event_manager | [EventManager] Visual event logged: [HIGH] AGGRESSIVE_CHASE on V_20 — Converging bounding velocities indicating a chase.
20:23:42 | WARNING  | suraksha.frame_processor | [Capture] Frame loss / black frame detected (2/10)
20:23:42 | WARNING  | suraksha.frame_processor | [Capture] Frame loss / black frame detected (2/10)
20:23:42 | WARNING  | suraksha.frame_processor | [Capture] Frame loss / black frame detected (2/10)
20:23:42 | INFO     | suraksha.event_manager | [EventManager] Visual event logged: [CRITICAL] FIGHTING_STRIKES on V_20 — Repeated aggressive arm strikes counted.
20:23:42 | INFO     | suraksha.event_manager | [EventManager] Visual event logged: [HIGH] AGGRESSIVE_CHASE on V_20 — Converging bounding velocities indicating a chase.
INFO:     ('127.0.0.1', 52541) - "WebSocket /ws/detections" [accepted]
20:23:43 | INFO     | suraksha | [WS] Client connected. Total: 1
INFO:     connection open
INFO:     ('127.0.0.1', 52545) - "WebSocket /ws/detections" [accepted]
20:23:43 | INFO     | suraksha | [WS] Client connected. Total: 2
INFO:     connection open
INFO:     ('127.0.0.1', 52547) - "WebSocket /ws/detections" [accepted]
20:23:43 | INFO     | suraksha | [WS] Client connected. Total: 3
INFO:     connection open
20:23:43 | WARNING  | suraksha.frame_processor | [Capture] Frame loss / black frame detected (3/10)
20:23:43 | WARNING  | suraksha.frame_processor | [Capture] Frame loss / black frame detected (3/10)
20:23:43 | WARNING  | suraksha.frame_processor | [Capture] Frame loss / black frame detected (3/10)
20:23:44 | WARNING  | suraksha.frame_processor | [Capture] Frame loss / black frame detected (4/10)
20:23:44 | WARNING  | suraksha.frame_processor | [Capture] Frame loss / black frame detected (4/10)
20:23:44 | WARNING  | suraksha.frame_processor | [Capture] Frame loss / black frame detected (4/10)
20:23:44 | INFO     | suraksha.event_manager | [EventManager] Visual event logged: [HIGH] AGGRESSIVE_CHASE on V_20 — Converging bounding velocities indicating a chase.
20:23:44 | INFO     | suraksha.event_manager | [EventManager] Visual event logged: [HIGH] IMPACT_COLLAPSE on V_20 — Person fall detected after sudden motion spike.
20:23:45 | INFO     | suraksha.event_manager | [EventManager] Visual event logged: [HIGH] AGGRESSIVE_CHASE on V_20 — Converging bounding velocities indicating a chase.
20:23:45 | WARNING  | suraksha.frame_processor | [Capture] Frame loss / black frame detected (5/10)
20:23:45 | WARNING  | suraksha.frame_processor | [Capture] Frame loss / black frame detected (5/10)
20:23:45 | WARNING  | suraksha.frame_processor | [Capture] Frame loss / black frame detected (5/10)
20:23:45 | INFO     | suraksha.event_manager | [EventManager] Visual event logged: [HIGH] AGGRESSIVE_CHASE on V_20 — Converging bounding velocities indicating a chase.
20:23:45 | WARNING  | suraksha.frame_processor | [Capture] Frame loss / black frame detected (1/10)
20:23:46 | WARNING  | suraksha.frame_processor | [Capture] Frame loss / black frame detected (6/10)
20:23:46 | WARNING  | suraksha.frame_processor | [Capture] Frame loss / black frame detected (6/10)
20:23:46 | WARNING  | suraksha.frame_processor | [Capture] Frame loss / black frame detected (6/10)
20:23:47 | INFO     | suraksha.event_manager | [EventManager] Visual event logged: [HIGH] AGGRESSIVE_CHASE on V_20 — Converging bounding velocities indicating a chase.
20:23:47 | WARNING  | suraksha.frame_processor | [Capture] Frame loss / black frame detected (7/10)
20:23:47 | WARNING  | suraksha.frame_processor | [Capture] Frame loss / black frame detected (7/10)
20:23:47 | WARNING  | suraksha.frame_processor | [Capture] Frame loss / black frame detected (7/10)
20:23:48 | WARNING  | suraksha.frame_processor | [Capture] Frame loss / black frame detected (8/10)
20:23:48 | WARNING  | suraksha.frame_processor | [Capture] Frame loss / black frame detected (8/10)
20:23:48 | WARNING  | suraksha.frame_processor | [Capture] Frame loss / black frame detected (8/10)
20:23:48 | INFO     | suraksha.event_manager | [EventManager] Visual event logged: [HIGH] AGGRESSIVE_CHASE on V_20 — Converging bounding velocities indicating a chase.
20:23:48 | INFO     | suraksha.event_manager | [EventManager] Visual event logged: [CRITICAL] FIGHTING_STRIKES on V_20 — Repeated aggressive arm strikes counted.
20:23:49 | WARNING  | suraksha.frame_processor | [Capture] Frame loss / black frame detected (9/10)
20:23:49 | WARNING  | suraksha.frame_processor | [Capture] Frame loss / black frame detected (9/10)
20:23:49 | WARNING  | suraksha.frame_processor | [Capture] Frame loss / black frame detected (9/10)
20:23:50 | WARNING  | suraksha.frame_processor | [Capture] Frame loss / black frame detected (10/10)
20:23:50 | WARNING  | suraksha.frame_processor | [Capture] Frame loss / black frame detected (10/10)
20:23:50 | WARNING  | suraksha.frame_processor | [Capture] Frame loss / black frame detected (10/10)
20:23:50 | WARNING  | suraksha.frame_processor | [Capture] Stream offline or high frame losses (10/10). Releasing and reconnecting camera index 0...
20:23:50 | WARNING  | suraksha.frame_processor | [Capture] Stream offline or high frame losses (10/10). Releasing and reconnecting camera index 0...
20:23:50 | WARNING  | suraksha.frame_processor | [Capture] Stream offline or high frame losses (10/10). Releasing and reconnecting camera index 0...
20:23:51 | WARNING  | suraksha.frame_processor | [Capture] Frame loss / black frame detected (1/10)
20:23:53 | INFO     | suraksha.event_manager | [EventManager] Visual event logged: [HIGH] AGGRESSIVE_CHASE on V_20 — Converging bounding velocities indicating a chase.
20:23:54 | INFO     | suraksha.frame_processor | [Capture] Stream reconnected successfully!
20:23:54 | INFO     | suraksha.frame_processor | [Capture] Stream reconnected successfully!
20:23:54 | INFO     | suraksha.frame_processor | [Capture] Stream reconnected successfully!
20:23:54 | INFO     | suraksha.event_manager | [EventManager] Visual event logged: [HIGH] AGGRESSIVE_CHASE on V_20 — Converging bounding velocities indicating a chase.
20:23:55 | WARNING  | suraksha.frame_processor | [Capture] Frame loss / black frame detected (1/10)
20:23:55 | WARNING  | suraksha.frame_processor | [Capture] Frame loss / black frame detected (1/10)
20:23:55 | WARNING  | suraksha.frame_processor | [Capture] Frame loss / black frame detected (1/10)
20:23:56 | WARNING  | suraksha.frame_processor | [Capture] Frame loss / black frame detected (2/10)
20:23:56 | WARNING  | suraksha.frame_processor | [Capture] Frame loss / black frame detected (2/10)
20:23:56 | WARNING  | suraksha.frame_processor | [Capture] Frame loss / black frame detected (2/10)
20:23:57 | WARNING  | suraksha.frame_processor | [Capture] Frame loss / black frame detected (3/10)
20:23:57 | WARNING  | suraksha.frame_processor | [Capture] Frame loss / black frame detected (3/10)
20:23:57 | WARNING  | suraksha.frame_processor | [Capture] Frame loss / black frame detected (3/10)
20:23:57 | WARNING  | suraksha.frame_processor | [Capture] Frame loss / black frame detected (1/10)
20:23:58 | WARNING  | suraksha.frame_processor | [Capture] Frame loss / black frame detected (4/10)
20:23:58 | WARNING  | suraksha.frame_processor | [Capture] Frame loss / black frame detected (4/10)
20:23:58 | WARNING  | suraksha.frame_processor | [Capture] Frame loss / black frame detected (4/10)
20:23:59 | WARNING  | suraksha.frame_processor | [Capture] Frame loss / black frame detected (5/10)
20:23:59 | WARNING  | suraksha.frame_processor | [Capture] Frame loss / black frame detected (5/10)
20:23:59 | WARNING  | suraksha.frame_processor | [Capture] Frame loss / black frame detected (5/10)
20:24:00 | WARNING  | suraksha.frame_processor | [Capture] Frame loss / black frame detected (6/10)
20:24:00 | WARNING  | suraksha.frame_processor | [Capture] Frame loss / black frame detected (6/10)
20:24:00 | WARNING  | suraksha.frame_processor | [Capture] Frame loss / black frame detected (6/10)
20:24:01 | WARNING  | suraksha.frame_processor | [Capture] Frame loss / black frame detected (7/10)
20:24:01 | WARNING  | suraksha.frame_processor | [Capture] Frame loss / black frame detected (7/10)
20:24:01 | WARNING  | suraksha.frame_processor | [Capture] Frame loss / black frame detected (7/10)
20:24:02 | WARNING  | suraksha.frame_processor | [Capture] Frame loss / black frame detected (8/10)
20:24:02 | WARNING  | suraksha.frame_processor | [Capture] Frame loss / black frame detected (8/10)
20:24:02 | WARNING  | suraksha.frame_processor | [Capture] Frame loss / black frame detected (8/10)
20:24:03 | WARNING  | suraksha.frame_processor | [Capture] Frame loss / black frame detected (1/10)
20:24:03 | WARNING  | suraksha.frame_processor | [Capture] Frame loss / black frame detected (9/10)
20:24:03 | WARNING  | suraksha.frame_processor | [Capture] Frame loss / black frame detected (9/10)
20:24:03 | WARNING  | suraksha.frame_processor | [Capture] Frame loss / black frame detected (9/10)
20:24:04 | INFO     | suraksha.event_manager | [EventManager] Visual event logged: [HIGH] AGGRESSIVE_CHASE on V_20 — Converging bounding velocities indicating a chase.
20:24:04 | WARNING  | suraksha.frame_processor | [Capture] Frame loss / black frame detected (10/10)
20:24:04 | WARNING  | suraksha.frame_processor | [Capture] Frame loss / black frame detected (10/10)
20:24:05 | WARNING  | suraksha.frame_processor | [Capture] Stream offline or high frame losses (10/10). Releasing and reconnecting camera index 0...
20:24:05 | WARNING  | suraksha.frame_processor | [Capture] Stream offline or high frame losses (10/10). Releasing and reconnecting camera index 0...
20:24:05 | WARNING  | suraksha.frame_processor | [Capture] Frame loss / black frame detected (10/10)
20:24:05 | WARNING  | suraksha.frame_processor | [Capture] Stream offline or high frame losses (10/10). Releasing and reconnecting camera index 0...
20:24:08 | INFO     | suraksha.frame_processor | [Capture] Stream reconnected successfully!
20:24:08 | INFO     | suraksha.frame_processor | [Capture] Stream reconnected successfully!
20:24:08 | INFO     | suraksha.frame_processor | [Capture] Stream reconnected successfully!
20:24:09 | WARNING  | suraksha.frame_processor | [Capture] Frame loss / black frame detected (1/10)
20:24:09 | WARNING  | suraksha.frame_processor | [Capture] Frame loss / black frame detected (1/10)
20:24:09 | WARNING  | suraksha.frame_processor | [Capture] Frame loss / black frame detected (1/10)
20:24:09 | WARNING  | suraksha.frame_processor | [Capture] Frame loss / black frame detected (1/10)
20:24:10 | WARNING  | suraksha.frame_processor | [Capture] Frame loss / black frame detected (2/10)
20:24:10 | WARNING  | suraksha.frame_processor | [Capture] Frame loss / black frame detected (2/10)
20:24:10 | WARNING  | suraksha.frame_processor | [Capture] Frame loss / black frame detected (2/10)
20:24:11 | INFO     | suraksha.event_manager | [EventManager] Visual event logged: [HIGH] AGGRESSIVE_CHASE on V_20 — Converging bounding velocities indicating a chase.
20:24:11 | WARNING  | suraksha.frame_processor | [Capture] Frame loss / black frame detected (3/10)
20:24:11 | WARNING  | suraksha.frame_processor | [Capture] Frame loss / black frame detected (3/10)
20:24:11 | WARNING  | suraksha.frame_processor | [Capture] Frame loss / black frame detected (3/10)
20:41:40 | INFO     | suraksha.event_manager | [EventManager] Visual event logged: [HIGH] AGGRESSIVE_CHASE on V_20 — Converging bounding velocities indicating a chase.
20:41:40 | WARNING  | suraksha.frame_processor | [Capture] Frame loss / black frame detected (4/10)
20:41:40 | WARNING  | suraksha.frame_processor | [Capture] Frame loss / black frame detected (4/10)
20:41:40 | WARNING  | suraksha.frame_processor | [Capture] Frame loss / black frame detected (4/10)
20:41:41 | WARNING  | suraksha.frame_processor | [Capture] Frame loss / black frame detected (5/10)
20:41:41 | WARNING  | suraksha.frame_processor | [Capture] Frame loss / black frame detected (5/10)
20:41:41 | WARNING  | suraksha.frame_processor | [Capture] Frame loss / black frame detected (5/10)
20:41:42 | INFO     | suraksha.event_manager | [EventManager] Visual event logged: [HIGH] IMPACT_COLLAPSE on V_20 — Person fall detected after sudden motion spike.
20:41:42 | INFO     | suraksha.event_manager | [EventManager] Visual event logged: [HIGH] AGGRESSIVE_CHASE on V_20 — Converging bounding velocities indicating a chase.
20:41:42 | WARNING  | suraksha.frame_processor | [Capture] Frame loss / black frame detected (6/10)
20:41:42 | WARNING  | suraksha.frame_processor | [Capture] Frame loss / black frame detected (6/10)
20:41:42 | WARNING  | suraksha.frame_processor | [Capture] Frame loss / black frame detected (6/10)
20:41:43 | WARNING  | suraksha.frame_processor | [Capture] Frame loss / black frame detected (1/10)
20:41:43 | WARNING  | suraksha.frame_processor | [Capture] Frame loss / black frame detected (7/10)
20:41:43 | WARNING  | suraksha.frame_processor | [Capture] Frame loss / black frame detected (7/10)
20:41:43 | WARNING  | suraksha.frame_processor | [Capture] Frame loss / black frame detected (7/10)
20:41:43 | INFO     | suraksha.event_manager | [EventManager] Visual event logged: [HIGH] AGGRESSIVE_CHASE on V_20 — Converging bounding velocities indicating a chase.
20:41:44 | WARNING  | suraksha.frame_processor | [Capture] Frame loss / black frame detected (8/10)
20:41:44 | WARNING  | suraksha.frame_processor | [Capture] Frame loss / black frame detected (8/10)
20:41:44 | WARNING  | suraksha.frame_processor | [Capture] Frame loss / black frame detected (8/10)
20:41:45 | WARNING  | suraksha.frame_processor | [Capture] Frame loss / black frame detected (9/10)
20:41:45 | WARNING  | suraksha.frame_processor | [Capture] Frame loss / black frame detected (9/10)
20:41:45 | WARNING  | suraksha.frame_processor | [Capture] Frame loss / black frame detected (9/10)
20:41:45 | INFO     | suraksha.event_manager | [EventManager] Visual event logged: [CRITICAL] FIGHTING_STRIKES on V_20 — Repeated aggressive arm strikes counted.
20:41:45 | INFO     | suraksha.event_manager | [EventManager] Visual event logged: [HIGH] AGGRESSIVE_CHASE on V_20 — Converging bounding velocities indicating a chase.
20:41:46 | INFO     | suraksha.event_manager | [EventManager] Visual event logged: [HIGH] AGGRESSIVE_CHASE on V_20 — Converging bounding velocities indicating a chase.
20:41:46 | WARNING  | suraksha.frame_processor | [Capture] Frame loss / black frame detected (10/10)
20:41:46 | WARNING  | suraksha.frame_processor | [Capture] Frame loss / black frame detected (10/10)
20:41:46 | WARNING  | suraksha.frame_processor | [Capture] Stream offline or high frame losses (10/10). Releasing and reconnecting camera index 0...
20:41:46 | WARNING  | suraksha.frame_processor | [Capture] Frame loss / black frame detected (10/10)
20:41:46 | WARNING  | suraksha.frame_processor | [Capture] Stream offline or high frame losses (10/10). Releasing and reconnecting camera index 0...
20:41:46 | WARNING  | suraksha.frame_processor | [Capture] Stream offline or high frame losses (10/10). Releasing and reconnecting camera index 0...
20:41:49 | WARNING  | suraksha.frame_processor | [Capture] Frame loss / black frame detected (1/10)
20:41:50 | INFO     | suraksha.frame_processor | [Capture] Stream reconnected successfully!
20:41:50 | INFO     | suraksha.frame_processor | [Capture] Stream reconnected successfully!
20:41:50 | INFO     | suraksha.frame_processor | [Capture] Stream reconnected successfully!
E0000 00:00:1779376311.170616  174508 portable_clearcut_uploader.cc:90] Failed to send to clearcut: INTERNAL: ResponseInfo[id: 2, type: 0, code: 2, description: "", headers: ]
=== Source Location Trace: ===
wireless/android/play/playlog/cplusplus/ion_http_client.cc:44
20:41:51 | WARNING  | suraksha.frame_processor | [Capture] Frame loss / black frame detected (1/10)
20:41:51 | WARNING  | suraksha.frame_processor | [Capture] Frame loss / black frame detected (1/10)
20:41:51 | WARNING  | suraksha.frame_processor | [Capture] Frame loss / black frame detected (1/10)
20:41:52 | WARNING  | suraksha.frame_processor | [Capture] Frame loss / black frame detected (2/10)
20:41:52 | WARNING  | suraksha.frame_processor | [Capture] Frame loss / black frame detected (2/10)
20:41:52 | WARNING  | suraksha.frame_processor | [Capture] Frame loss / black frame detected (2/10)
20:41:53 | WARNING  | suraksha.frame_processor | [Capture] Frame loss / black frame detected (3/10)
20:41:53 | WARNING  | suraksha.frame_processor | [Capture] Frame loss / black frame detected (3/10)
20:41:53 | WARNING  | suraksha.frame_processor | [Capture] Frame loss / black frame detected (3/10)
20:41:54 | WARNING  | suraksha.frame_processor | [Capture] Frame loss / black frame detected (4/10)
20:41:54 | WARNING  | suraksha.frame_processor | [Capture] Frame loss / black frame detected (4/10)
20:41:54 | WARNING  | suraksha.frame_processor | [Capture] Frame loss / black frame detected (4/10)
20:41:55 | WARNING  | suraksha.frame_processor | [Capture] Frame loss / black frame detected (1/10)
20:41:55 | WARNING  | suraksha.frame_processor | [Capture] Frame loss / black frame detected (5/10)
20:41:55 | WARNING  | suraksha.frame_processor | [Capture] Frame loss / black frame detected (5/10)
20:41:55 | WARNING  | suraksha.frame_processor | [Capture] Frame loss / black frame detected (5/10)
20:41:56 | WARNING  | suraksha.frame_processor | [Capture] Frame loss / black frame detected (6/10)
20:41:56 | WARNING  | suraksha.frame_processor | [Capture] Frame loss / black frame detected (6/10)
20:41:56 | WARNING  | suraksha.frame_processor | [Capture] Frame loss / black frame detected (6/10)
20:41:57 | WARNING  | suraksha.frame_processor | [Capture] Frame loss / black frame detected (7/10)
20:41:57 | WARNING  | suraksha.frame_processor | [Capture] Frame loss / black frame detected (7/10)
20:41:57 | WARNING  | suraksha.frame_processor | [Capture] Frame loss / black frame detected (7/10)
20:41:57 | INFO     | suraksha.event_manager | [EventManager] Visual event logged: [HIGH] AGGRESSIVE_CHASE on V_20 — Converging bounding velocities indicating a chase.
20:41:58 | WARNING  | suraksha.frame_processor | [Capture] Frame loss / black frame detected (8/10)
20:41:58 | WARNING  | suraksha.frame_processor | [Capture] Frame loss / black frame detected (8/10)
20:41:58 | WARNING  | suraksha.frame_processor | [Capture] Frame loss / black frame detected (8/10)
20:41:59 | INFO     | suraksha.event_manager | [EventManager] Visual event logged: [HIGH] AGGRESSIVE_CHASE on V_20 — Converging bounding velocities indicating a chase.
20:41:59 | INFO     | suraksha.event_manager | [EventManager] Visual event logged: [HIGH] IMPACT_COLLAPSE on V_20 — Person fall detected after sudden motion spike.
20:41:59 | WARNING  | suraksha.frame_processor | [Capture] Frame loss / black frame detected (9/10)
20:41:59 | WARNING  | suraksha.frame_processor | [Capture] Frame loss / black frame detected (9/10)
20:41:59 | WARNING  | suraksha.frame_processor | [Capture] Frame loss / black frame detected (9/10)
20:42:00 | INFO     | suraksha.event_manager | [EventManager] Visual event logged: [HIGH] IMPACT_COLLAPSE on V_20 — Person fall detected after sudden motion spike.
20:42:00 | INFO     | suraksha.event_manager | [EventManager] Visual event logged: [HIGH] AGGRESSIVE_CHASE on V_20 — Converging bounding velocities indicating a chase.
20:43:36 | WARNING  | suraksha.frame_processor | [Capture] Frame loss / black frame detected (10/10)
20:43:36 | WARNING  | suraksha.frame_processor | [Capture] Frame loss / black frame detected (10/10)
20:43:36 | WARNING  | suraksha.frame_processor | [Capture] Frame loss / black frame detected (1/10)
20:43:36 | WARNING  | suraksha.frame_processor | [Capture] Frame loss / black frame detected (10/10)
20:43:36 | WARNING  | suraksha.frame_processor | [Capture] Stream offline or high frame losses (10/10). Releasing and reconnecting camera index 0...
20:43:36 | WARNING  | suraksha.frame_processor | [Capture] Stream offline or high frame losses (10/10). Releasing and reconnecting camera index 0...
20:43:36 | WARNING  | suraksha.frame_processor | [Capture] Stream offline or high frame losses (10/10). Releasing and reconnecting camera index 0...
20:43:39 | INFO     | suraksha.event_manager | [EventManager] Visual event logged: [HIGH] AGGRESSIVE_CHASE on V_20 — Converging bounding velocities indicating a chase.
20:43:39 | INFO     | suraksha.event_manager | [EventManager] Visual event logged: [HIGH] AGGRESSIVE_CHASE on V_20 — Converging bounding velocities indicating a chase.
20:43:40 | INFO     | suraksha.frame_processor | [Capture] Stream reconnected successfully!
20:43:40 | INFO     | suraksha.frame_processor | [Capture] Stream reconnected successfully!
20:43:40 | INFO     | suraksha.frame_processor | [Capture] Stream reconnected successfully!
20:43:41 | WARNING  | suraksha.frame_processor | [Capture] Frame loss / black frame detected (1/10)
20:43:41 | WARNING  | suraksha.frame_processor | [Capture] Frame loss / black frame detected (1/10)
20:43:41 | WARNING  | suraksha.frame_processor | [Capture] Frame loss / black frame detected (1/10)
20:43:41 | INFO     | suraksha.event_manager | [EventManager] Visual event logged: [HIGH] IMPACT_COLLAPSE on V_20 — Person fall detected after sudden motion spike.
20:43:41 | INFO     | suraksha.event_manager | [EventManager] Visual event logged: [HIGH] AGGRESSIVE_CHASE on V_20 — Converging bounding velocities indicating a chase.
20:43:42 | WARNING  | suraksha.frame_processor | [Capture] Frame loss / black frame detected (2/10)
20:43:42 | WARNING  | suraksha.frame_processor | [Capture] Frame loss / black frame detected (2/10)
20:43:42 | WARNING  | suraksha.frame_processor | [Capture] Frame loss / black frame detected (2/10)
20:43:42 | WARNING  | suraksha.frame_processor | [Capture] Frame loss / black frame detected (1/10)
20:43:43 | INFO     | suraksha.event_manager | [EventManager] Visual event logged: [HIGH] AGGRESSIVE_CHASE on V_20 — Converging bounding velocities indicating a chase.
20:43:43 | WARNING  | suraksha.frame_processor | [Capture] Frame loss / black frame detected (3/10)
20:43:43 | WARNING  | suraksha.frame_processor | [Capture] Frame loss / black frame detected (3/10)
20:43:43 | WARNING  | suraksha.frame_processor | [Capture] Frame loss / black frame detected (3/10)
20:54:21 | INFO     | suraksha.event_manager | [EventManager] Visual event logged: [HIGH] AGGRESSIVE_CHASE on V_20 — Converging bounding velocities indicating a chase.
20:54:21 | WARNING  | suraksha.frame_processor | [Capture] Frame loss / black frame detected (4/10)
20:54:21 | WARNING  | suraksha.frame_processor | [Capture] Frame loss / black frame detected (4/10)
20:54:21 | WARNING  | suraksha.frame_processor | [Capture] Frame loss / black frame detected (4/10)
20:54:22 | INFO     | suraksha.event_manager | [EventManager] Visual event logged: [CRITICAL] FIGHTING_STRIKES on V_20 — Repeated aggressive arm strikes counted.
20:54:22 | INFO     | suraksha.event_manager | [EventManager] Visual event logged: [HIGH] AGGRESSIVE_CHASE on V_20 — Converging bounding velocities indicating a chase.
20:54:22 | WARNING  | suraksha.frame_processor | [Capture] Frame loss / black frame detected (5/10)
20:54:22 | WARNING  | suraksha.frame_processor | [Capture] Frame loss / black frame detected (5/10)
20:54:22 | WARNING  | suraksha.frame_processor | [Capture] Frame loss / black frame detected (5/10)
20:54:22 | WARNING  | suraksha.frame_processor | [Capture] Frame loss / black frame detected (6/10)
20:54:22 | WARNING  | suraksha.frame_processor | [Capture] Frame loss / black frame detected (6/10)
INFO:     connection closed
INFO:     connection closed
INFO:     connection closed
20:54:23 | INFO     | suraksha | [WS] Client disconnected. Total: 2
20:54:23 | INFO     | suraksha | [WS] Client disconnected. Total: 1
20:54:23 | INFO     | suraksha | [WS] Client disconnected. Total: 0
20:54:24 | WARNING  | suraksha.frame_processor | [Capture] Frame loss / black frame detected (1/10)
20:54:24 | WARNING  | suraksha.frame_processor | [Capture] Frame loss / black frame detected (1/10)
20:54:24 | WARNING  | suraksha.frame_processor | [Capture] Frame loss / black frame detected (1/10)
20:54:24 | INFO     | suraksha.event_manager | [EventManager] Visual event logged: [HIGH] AGGRESSIVE_CHASE on V_20 — Converging bounding velocities indicating a chase.
20:54:24 | INFO     | suraksha.event_manager | [EventManager] Visual event logged: [HIGH] IMPACT_COLLAPSE on V_20 — Person fall detected after sudden motion spike.
20:54:24 | INFO     | suraksha.event_manager | [EventManager] Visual event logged: [HIGH] IMPACT_COLLAPSE on V_20 — Person fall detected after sudden motion spike.
20:54:25 | INFO     | suraksha.event_manager | [EventManager] Visual event logged: [HIGH] AGGRESSIVE_CHASE on V_20 — Converging bounding velocities indicating a chase.
20:54:25 | WARNING  | suraksha.frame_processor | [Capture] Frame loss / black frame detected (2/10)
20:54:25 | WARNING  | suraksha.frame_processor | [Capture] Frame loss / black frame detected (2/10)
20:54:25 | WARNING  | suraksha.frame_processor | [Capture] Frame loss / black frame detected (2/10)
INFO:     ('127.0.0.1', 52586) - "WebSocket /ws/detections" [accepted]
20:54:25 | INFO     | suraksha | [WS] Client connected. Total: 1
INFO:     connection open
INFO:     ('127.0.0.1', 52588) - "WebSocket /ws/detections" [accepted]
20:54:25 | INFO     | suraksha | [WS] Client connected. Total: 2
INFO:     connection open
INFO:     ('127.0.0.1', 52590) - "WebSocket /ws/detections" [accepted]
20:54:25 | INFO     | suraksha | [WS] Client connected. Total: 3
INFO:     connection open
20:54:25 | WARNING  | suraksha.frame_processor | [Capture] Frame loss / black frame detected (1/10)
20:54:26 | WARNING  | suraksha.frame_processor | [Capture] Frame loss / black frame detected (3/10)
20:54:26 | WARNING  | suraksha.frame_processor | [Capture] Frame loss / black frame detected (3/10)
20:54:26 | WARNING  | suraksha.frame_processor | [Capture] Frame loss / black frame detected (3/10)
20:54:27 | WARNING  | suraksha.frame_processor | [Capture] Frame loss / black frame detected (4/10)
20:54:27 | WARNING  | suraksha.frame_processor | [Capture] Frame loss / black frame detected (4/10)
20:54:27 | WARNING  | suraksha.frame_processor | [Capture] Frame loss / black frame detected (4/10)
20:54:28 | INFO     | suraksha.event_manager | [EventManager] Visual event logged: [HIGH] AGGRESSIVE_CHASE on V_20 — Converging bounding velocities indicating a chase.
20:54:28 | WARNING  | suraksha.frame_processor | [Capture] Frame loss / black frame detected (5/10)
20:54:28 | WARNING  | suraksha.frame_processor | [Capture] Frame loss / black frame detected (5/10)
20:54:28 | WARNING  | suraksha.frame_processor | [Capture] Frame loss / black frame detected (5/10)
20:54:29 | WARNING  | suraksha.frame_processor | [Capture] Frame loss / black frame detected (6/10)
20:54:29 | WARNING  | suraksha.frame_processor | [Capture] Frame loss / black frame detected (6/10)
20:54:29 | WARNING  | suraksha.frame_processor | [Capture] Frame loss / black frame detected (6/10)
20:54:30 | INFO     | suraksha.event_manager | [EventManager] Visual event logged: [HIGH] IMPACT_COLLAPSE on V_20 — Person fall detected after sudden motion spike.
20:54:30 | INFO     | suraksha.event_manager | [EventManager] Visual event logged: [HIGH] AGGRESSIVE_CHASE on V_20 — Converging bounding velocities indicating a chase.
20:54:30 | WARNING  | suraksha.frame_processor | [Capture] Frame loss / black frame detected (7/10)
20:54:30 | WARNING  | suraksha.frame_processor | [Capture] Frame loss / black frame detected (7/10)
20:54:30 | WARNING  | suraksha.frame_processor | [Capture] Frame loss / black frame detected (7/10)
20:54:30 | INFO     | suraksha.event_manager | [EventManager] Visual event logged: [HIGH] AGGRESSIVE_CHASE on V_20 — Converging bounding velocities indicating a chase.
20:54:31 | WARNING  | suraksha.frame_processor | [Capture] Frame loss / black frame detected (1/10)
20:54:31 | WARNING  | suraksha.frame_processor | [Capture] Frame loss / black frame detected (8/10)
20:54:31 | WARNING  | suraksha.frame_processor | [Capture] Frame loss / black frame detected (8/10)
20:54:31 | WARNING  | suraksha.frame_processor | [Capture] Frame loss / black frame detected (8/10)
20:54:32 | INFO     | suraksha.event_manager | [EventManager] Visual event logged: [HIGH] AGGRESSIVE_CHASE on V_20 — Converging bounding velocities indicating a chase.
20:54:32 | WARNING  | suraksha.frame_processor | [Capture] Frame loss / black frame detected (9/10)
20:54:32 | WARNING  | suraksha.frame_processor | [Capture] Frame loss / black frame detected (9/10)
20:54:32 | WARNING  | suraksha.frame_processor | [Capture] Frame loss / black frame detected (9/10)
20:54:33 | INFO     | suraksha.event_manager | [EventManager] Visual event logged: [HIGH] AGGRESSIVE_CHASE on V_20 — Converging bounding velocities indicating a chase.
20:54:33 | WARNING  | suraksha.frame_processor | [Capture] Frame loss / black frame detected (10/10)
20:54:33 | WARNING  | suraksha.frame_processor | [Capture] Frame loss / black frame detected (10/10)
20:54:33 | WARNING  | suraksha.frame_processor | [Capture] Frame loss / black frame detected (10/10)
20:54:33 | WARNING  | suraksha.frame_processor | [Capture] Stream offline or high frame losses (10/10). Releasing and reconnecting camera index 0...
20:54:33 | WARNING  | suraksha.frame_processor | [Capture] Stream offline or high frame losses (10/10). Releasing and reconnecting camera index 0...
20:54:33 | WARNING  | suraksha.frame_processor | [Capture] Stream offline or high frame losses (10/10). Releasing and reconnecting camera index 0...
20:54:34 | INFO     | suraksha.event_manager | [EventManager] Visual event logged: [HIGH] AGGRESSIVE_CHASE on V_20 — Converging bounding velocities indicating a chase.
20:54:37 | INFO     | suraksha.frame_processor | [Capture] Stream reconnected successfully!
20:54:37 | INFO     | suraksha.frame_processor | [Capture] Stream reconnected successfully!
20:54:37 | WARNING  | suraksha.frame_processor | [Capture] Frame loss / black frame detected (1/10)
20:54:37 | INFO     | suraksha.frame_processor | [Capture] Stream reconnected successfully!
20:54:38 | WARNING  | suraksha.frame_processor | [Capture] Frame loss / black frame detected (1/10)
20:54:38 | WARNING  | suraksha.frame_processor | [Capture] Frame loss / black frame detected (1/10)
20:54:38 | WARNING  | suraksha.frame_processor | [Capture] Frame loss / black frame detected (1/10)
20:54:39 | WARNING  | suraksha.frame_processor | [Capture] Frame loss / black frame detected (2/10)
20:54:39 | WARNING  | suraksha.frame_processor | [Capture] Frame loss / black frame detected (2/10)
20:54:39 | WARNING  | suraksha.frame_processor | [Capture] Frame loss / black frame detected (2/10)
20:54:40 | WARNING  | suraksha.frame_processor | [Capture] Frame loss / black frame detected (3/10)
20:54:40 | WARNING  | suraksha.frame_processor | [Capture] Frame loss / black frame detected (3/10)
20:54:40 | WARNING  | suraksha.frame_processor | [Capture] Frame loss / black frame detected (3/10)
20:54:41 | WARNING  | suraksha.frame_processor | [Capture] Frame loss / black frame detected (4/10)
20:54:41 | WARNING  | suraksha.frame_processor | [Capture] Frame loss / black frame detected (4/10)
20:54:41 | WARNING  | suraksha.frame_processor | [Capture] Frame loss / black frame detected (4/10)
20:54:42 | WARNING  | suraksha.frame_processor | [Capture] Frame loss / black frame detected (5/10)
20:54:42 | WARNING  | suraksha.frame_processor | [Capture] Frame loss / black frame detected (5/10)
20:54:42 | INFO     | suraksha.event_manager | [EventManager] Visual event logged: [HIGH] AGGRESSIVE_CHASE on V_20 — Converging bounding velocities indicating a chase.
20:54:42 | WARNING  | suraksha.frame_processor | [Capture] Frame loss / black frame detected (5/10)
20:54:43 | WARNING  | suraksha.frame_processor | [Capture] Frame loss / black frame detected (1/10)
20:54:43 | WARNING  | suraksha.frame_processor | [Capture] Frame loss / black frame detected (6/10)
20:54:43 | WARNING  | suraksha.frame_processor | [Capture] Frame loss / black frame detected (6/10)
20:54:43 | WARNING  | suraksha.frame_processor | [Capture] Frame loss / black frame detected (6/10)
20:54:44 | INFO     | suraksha.event_manager | [EventManager] Visual event logged: [HIGH] AGGRESSIVE_CHASE on V_20 — Converging bounding velocities indicating a chase.
20:54:44 | WARNING  | suraksha.frame_processor | [Capture] Frame loss / black frame detected (7/10)
20:54:44 | WARNING  | suraksha.frame_processor | [Capture] Frame loss / black frame detected (7/10)
20:54:44 | WARNING  | suraksha.frame_processor | [Capture] Frame loss / black frame detected (7/10)
20:54:45 | WARNING  | suraksha.frame_processor | [Capture] Frame loss / black frame detected (8/10)
20:54:45 | WARNING  | suraksha.frame_processor | [Capture] Frame loss / black frame detected (8/10)
20:54:46 | WARNING  | suraksha.frame_processor | [Capture] Frame loss / black frame detected (8/10)
20:54:46 | INFO     | suraksha.event_manager | [EventManager] Visual event logged: [HIGH] AGGRESSIVE_CHASE on V_20 — Converging bounding velocities indicating a chase.
20:54:46 | WARNING  | suraksha.frame_processor | [Capture] Frame loss / black frame detected (9/10)
20:54:46 | WARNING  | suraksha.frame_processor | [Capture] Frame loss / black frame detected (9/10)
20:54:47 | WARNING  | suraksha.frame_processor | [Capture] Frame loss / black frame detected (9/10)
20:54:48 | WARNING  | suraksha.frame_processor | [Capture] Frame loss / black frame detected (10/10)
20:54:48 | WARNING  | suraksha.frame_processor | [Capture] Frame loss / black frame detected (10/10)
20:54:48 | WARNING  | suraksha.frame_processor | [Capture] Stream offline or high frame losses (10/10). Releasing and reconnecting camera index 0...
20:54:48 | WARNING  | suraksha.frame_processor | [Capture] Stream offline or high frame losses (10/10). Releasing and reconnecting camera index 0...
20:54:48 | WARNING  | suraksha.frame_processor | [Capture] Frame loss / black frame detected (10/10)
20:54:48 | WARNING  | suraksha.frame_processor | [Capture] Stream offline or high frame losses (10/10). Releasing and reconnecting camera index 0...
20:54:48 | INFO     | suraksha.event_manager | [EventManager] Visual event logged: [HIGH] AGGRESSIVE_CHASE on V_20 — Converging bounding velocities indicating a chase.
20:54:49 | WARNING  | suraksha.frame_processor | [Capture] Frame loss / black frame detected (1/10)
20:54:51 | INFO     | suraksha.frame_processor | [Capture] Stream reconnected successfully!
20:54:51 | INFO     | suraksha.frame_processor | [Capture] Stream reconnected successfully!
20:54:51 | INFO     | suraksha.frame_processor | [Capture] Stream reconnected successfully!
20:54:52 | WARNING  | suraksha.frame_processor | [Capture] Frame loss / black frame detected (1/10)
20:54:52 | WARNING  | suraksha.frame_processor | [Capture] Frame loss / black frame detected (1/10)
20:54:52 | WARNING  | suraksha.frame_processor | [Capture] Frame loss / black frame detected (1/10)
20:54:53 | WARNING  | suraksha.frame_processor | [Capture] Frame loss / black frame detected (2/10)
20:54:53 | WARNING  | suraksha.frame_processor | [Capture] Frame loss / black frame detected (2/10)
20:54:53 | WARNING  | suraksha.frame_processor | [Capture] Frame loss / black frame detected (2/10)
20:54:54 | INFO     | suraksha.event_manager | [EventManager] Visual event logged: [HIGH] IMPACT_COLLAPSE on V_20 — Person fall detected after sudden motion spike.
20:54:54 | INFO     | suraksha.event_manager | [EventManager] Visual event logged: [HIGH] AGGRESSIVE_CHASE on V_20 — Converging bounding velocities indicating a chase.
20:54:54 | INFO     | suraksha.event_manager | [EventManager] Visual event logged: [HIGH] IMPACT_COLLAPSE on V_20 — Person fall detected after sudden motion spike.
20:54:54 | WARNING  | suraksha.frame_processor | [Capture] Frame loss / black frame detected (3/10)
20:54:54 | WARNING  | suraksha.frame_processor | [Capture] Frame loss / black frame detected (3/10)
21:10:16 | WARNING  | suraksha.frame_processor | [Capture] Frame loss / black frame detected (3/10)
21:10:17 | WARNING  | suraksha.frame_processor | [Capture] Frame loss / black frame detected (1/10)
21:10:17 | WARNING  | suraksha.frame_processor | [Capture] Frame loss / black frame detected (4/10)
21:10:17 | WARNING  | suraksha.frame_processor | [Capture] Frame loss / black frame detected (4/10)
21:10:17 | INFO     | suraksha.event_manager | [EventManager] Visual event logged: [HIGH] AGGRESSIVE_CHASE on V_20 — Converging bounding velocities indicating a chase.
21:10:17 | WARNING  | suraksha.frame_processor | [Capture] Frame loss / black frame detected (4/10)
21:10:18 | WARNING  | suraksha.frame_processor | [Capture] Frame loss / black frame detected (5/10)
21:10:18 | WARNING  | suraksha.frame_processor | [Capture] Frame loss / black frame detected (5/10)
21:10:18 | WARNING  | suraksha.frame_processor | [Capture] Frame loss / black frame detected (5/10)
21:10:19 | INFO     | suraksha.event_manager | [EventManager] Visual event logged: [CRITICAL] FIGHTING_STRIKES on V_20 — Repeated aggressive arm strikes counted.
21:10:19 | WARNING  | suraksha.frame_processor | [Capture] Frame loss / black frame detected (6/10)
21:10:19 | WARNING  | suraksha.frame_processor | [Capture] Frame loss / black frame detected (6/10)
21:10:19 | WARNING  | suraksha.frame_processor | [Capture] Frame loss / black frame detected (6/10)
21:10:19 | INFO     | suraksha.event_manager | [EventManager] Visual event logged: [HIGH] AGGRESSIVE_CHASE on V_20 — Converging bounding velocities indicating a chase.
21:10:20 | INFO     | suraksha.event_manager | [EventManager] Visual event logged: [HIGH] AGGRESSIVE_CHASE on V_20 — Converging bounding velocities indicating a chase.
21:10:20 | INFO     | suraksha.event_manager | [EventManager] Visual event logged: [HIGH] AGGRESSIVE_CHASE on V_20 — Converging bounding velocities indicating a chase.
21:10:20 | WARNING  | suraksha.frame_processor | [Capture] Frame loss / black frame detected (7/10)
21:10:20 | WARNING  | suraksha.frame_processor | [Capture] Frame loss / black frame detected (7/10)
21:10:20 | WARNING  | suraksha.frame_processor | [Capture] Frame loss / black frame detected (7/10)
21:23:26 | WARNING  | suraksha.frame_processor | [Capture] Frame loss / black frame detected (8/10)
21:23:26 | WARNING  | suraksha.frame_processor | [Capture] Frame loss / black frame detected (8/10)
21:23:26 | WARNING  | suraksha.frame_processor | [Capture] Frame loss / black frame detected (8/10)
21:23:26 | INFO     | suraksha.event_manager | [EventManager] Visual event logged: [HIGH] IMPACT_COLLAPSE on V_20 — Person fall detected after sudden motion spike.
21:23:27 | WARNING  | suraksha.frame_processor | [Capture] Frame loss / black frame detected (9/10)
21:23:27 | WARNING  | suraksha.frame_processor | [Capture] Frame loss / black frame detected (9/10)
21:23:27 | WARNING  | suraksha.frame_processor | [Capture] Frame loss / black frame detected (1/10)
21:23:27 | WARNING  | suraksha.frame_processor | [Capture] Frame loss / black frame detected (9/10)
21:23:27 | WARNING  | suraksha.frame_processor | [Capture] Frame loss / black frame detected (10/10)
21:23:27 | WARNING  | suraksha.frame_processor | [Capture] Frame loss / black frame detected (10/10)
21:23:27 | WARNING  | suraksha.frame_processor | [Capture] Frame loss / black frame detected (10/10)
21:23:27 | WARNING  | suraksha.frame_processor | [Capture] Stream offline or high frame losses (10/10). Releasing and reconnecting camera index 0...
21:23:27 | WARNING  | suraksha.frame_processor | [Capture] Stream offline or high frame losses (10/10). Releasing and reconnecting camera index 0...
21:23:27 | WARNING  | suraksha.frame_processor | [Capture] Stream offline or high frame losses (10/10). Releasing and reconnecting camera index 0...
21:23:27 | INFO     | suraksha | [WS] Client disconnected. Total: 2
21:23:27 | INFO     | suraksha | [WS] Client disconnected. Total: 1
21:23:27 | INFO     | suraksha | [WS] Client disconnected. Total: 0
INFO:     connection closed
INFO:     connection closed
INFO:     connection closed
21:23:27 | INFO     | suraksha | [WS] Client disconnected. Total: 0
21:23:27 | INFO     | suraksha | [WS] Client disconnected. Total: 0
21:23:27 | INFO     | suraksha | [WS] Client disconnected. Total: 0
INFO:     ('127.0.0.1', 52609) - "WebSocket /ws/detections" [accepted]
21:23:29 | INFO     | suraksha | [WS] Client connected. Total: 1
INFO:     connection open
INFO:     ('127.0.0.1', 52611) - "WebSocket /ws/detections" [accepted]
21:23:29 | INFO     | suraksha | [WS] Client connected. Total: 2
INFO:     connection open
INFO:     ('127.0.0.1', 52613) - "WebSocket /ws/detections" [accepted]
21:23:29 | INFO     | suraksha | [WS] Client connected. Total: 3
INFO:     connection open
21:23:29 | INFO     | suraksha.event_manager | [EventManager] Visual event logged: [HIGH] AGGRESSIVE_CHASE on V_20 — Converging bounding velocities indicating a chase.
E0000 00:00:1779378810.027145  174508 portable_clearcut_uploader.cc:90] Failed to send to clearcut: INTERNAL: ResponseInfo[id: 3, type: 0, code: 2, description: "", headers: ]
=== Source Location Trace: ===
wireless/android/play/playlog/cplusplus/ion_http_client.cc:44
21:23:30 | INFO     | suraksha.event_manager | [EventManager] Visual event logged: [HIGH] AGGRESSIVE_CHASE on V_20 — Converging bounding velocities indicating a chase.
21:23:30 | INFO     | suraksha.frame_processor | [Capture] Stream reconnected successfully!
21:23:30 | INFO     | suraksha.frame_processor | [Capture] Stream reconnected successfully!
21:23:30 | INFO     | suraksha.frame_processor | [Capture] Stream reconnected successfully!
21:23:30 | WARNING  | suraksha.frame_processor | [Capture] Frame loss / black frame detected (1/10)
21:23:30 | WARNING  | suraksha.frame_processor | [Capture] Frame loss / black frame detected (1/10)
21:23:30 | WARNING  | suraksha.frame_processor | [Capture] Frame loss / black frame detected (1/10)
21:23:32 | WARNING  | suraksha.frame_processor | [Capture] Frame loss / black frame detected (1/10)
21:23:33 | INFO     | suraksha.event_manager | [EventManager] Visual event logged: [HIGH] IMPACT_COLLAPSE on V_20 — Person fall detected after sudden motion spike.
21:23:33 | INFO     | suraksha.event_manager | [EventManager] Visual event logged: [HIGH] IMPACT_COLLAPSE on f — Person fall detected after sudden motion spike.
21:23:34 | INFO     | suraksha.event_manager | [EventManager] Visual event logged: [HIGH] AGGRESSIVE_CHASE on f — Converging bounding velocities indicating a chase.
21:23:34 | INFO     | suraksha.event_manager | [EventManager] Visual event logged: [HIGH] IMPACT_COLLAPSE on Webcam Unit — Person fall detected after sudden motion spike.
21:23:34 | INFO     | suraksha.event_manager | [EventManager] Visual event logged: [HIGH] AGGRESSIVE_CHASE on Webcam Unit — Converging bounding velocities indicating a chase.
21:23:34 | INFO     | suraksha.event_manager | [EventManager] Visual event logged: [HIGH] IMPACT_COLLAPSE on V_20 — Person fall detected after sudden motion spike.
21:23:34 | INFO     | suraksha.event_manager | [EventManager] Visual event logged: [HIGH] AGGRESSIVE_CHASE on V_20 — Converging bounding velocities indicating a chase.
21:23:34 | INFO     | suraksha.event_manager | [EventManager] Visual event logged: [HIGH] IMPACT_COLLAPSE on ldjv — Person fall detected after sudden motion spike.
21:23:34 | INFO     | suraksha.event_manager | [EventManager] Visual event logged: [HIGH] AGGRESSIVE_CHASE on ldjv — Converging bounding velocities indicating a chase.
21:23:35 | INFO     | suraksha.event_manager | [EventManager] Visual event logged: [HIGH] IMPACT_COLLAPSE on V_20 — Person fall detected after sudden motion spike.
21:23:36 | INFO     | suraksha.event_manager | [EventManager] Visual event logged: [HIGH] IMPACT_COLLAPSE on ldjv — Person fall detected after sudden motion spike.
21:23:36 | INFO     | suraksha.event_manager | [EventManager] Visual event logged: [HIGH] IMPACT_COLLAPSE on V_20 — Person fall detected after sudden motion spike.
21:23:37 | INFO     | suraksha.event_manager | [EventManager] Visual event logged: [HIGH] IMPACT_COLLAPSE on f — Person fall detected after sudden motion spike.
21:23:37 | INFO     | suraksha.event_manager | [EventManager] Visual event logged: [HIGH] IMPACT_COLLAPSE on Webcam Unit — Person fall detected after sudden motion spike.
21:23:37 | INFO     | suraksha.event_manager | [EventManager] Visual event logged: [HIGH] IMPACT_COLLAPSE on V_20 — Person fall detected after sudden motion spike.
21:23:37 | INFO     | suraksha.event_manager | [EventManager] Visual event logged: [HIGH] IMPACT_COLLAPSE on ldjv — Person fall detected after sudden motion spike.
21:23:38 | WARNING  | suraksha.frame_processor | [Capture] Frame loss / black frame detected (1/10)
21:23:40 | INFO     | suraksha.event_manager | [EventManager] Visual event logged: [HIGH] IMPACT_COLLAPSE on Webcam Unit — Person fall detected after sudden motion spike.
21:23:40 | INFO     | suraksha.event_manager | [EventManager] Visual event logged: [HIGH] IMPACT_COLLAPSE on V_20 — Person fall detected after sudden motion spike.
21:23:40 | INFO     | suraksha.event_manager | [EventManager] Visual event logged: [HIGH] IMPACT_COLLAPSE on f — Person fall detected after sudden motion spike.
21:23:40 | INFO     | suraksha.event_manager | [EventManager] Visual event logged: [HIGH] IMPACT_COLLAPSE on ldjv — Person fall detected after sudden motion spike.
21:23:40 | INFO     | suraksha.event_manager | [EventManager] Visual event logged: [HIGH] AGGRESSIVE_CHASE on V_20 — Converging bounding velocities indicating a chase.
21:23:41 | INFO     | suraksha.event_manager | [EventManager] Visual event logged: [HIGH] IMPACT_COLLAPSE on V_20 — Person fall detected after sudden motion spike.
21:23:42 | INFO     | suraksha.event_manager | [EventManager] Visual event logged: [HIGH] IMPACT_COLLAPSE on V_20 — Person fall detected after sudden motion spike.
21:23:43 | INFO     | suraksha.event_manager | [EventManager] Visual event logged: [HIGH] IMPACT_COLLAPSE on V_20 — Person fall detected after sudden motion spike.
21:23:43 | WARNING  | suraksha.frame_processor | [Capture] Frame loss / black frame detected (1/10)
21:23:44 | INFO     | suraksha.event_manager | [EventManager] Visual event logged: [HIGH] IMPACT_COLLAPSE on Webcam Unit — Person fall detected after sudden motion spike.
21:23:44 | INFO     | suraksha.event_manager | [EventManager] Visual event logged: [HIGH] IMPACT_COLLAPSE on f — Person fall detected after sudden motion spike.
21:23:44 | INFO     | suraksha.event_manager | [EventManager] Visual event logged: [HIGH] IMPACT_COLLAPSE on ldjv — Person fall detected after sudden motion spike.
21:23:44 | INFO     | suraksha.event_manager | [EventManager] Visual event logged: [HIGH] IMPACT_COLLAPSE on V_20 — Person fall detected after sudden motion spike.
21:23:46 | INFO     | suraksha.event_manager | [EventManager] Visual event logged: [HIGH] IMPACT_COLLAPSE on V_20 — Person fall detected after sudden motion spike.
21:23:49 | WARNING  | suraksha.frame_processor | [Capture] Frame loss / black frame detected (1/10)
21:23:52 | INFO     | suraksha.event_manager | [EventManager] Visual event logged: [HIGH] IMPACT_COLLAPSE on V_20 — Person fall detected after sudden motion spike.
21:23:54 | WARNING  | suraksha.frame_processor | [Capture] Frame loss / black frame detected (1/10)
21:23:54 | INFO     | suraksha.event_manager | [EventManager] Visual event logged: [HIGH] IMPACT_COLLAPSE on V_20 — Person fall detected after sudden motion spike.
21:23:57 | INFO     | suraksha.event_manager | [EventManager] Visual event logged: [HIGH] IMPACT_COLLAPSE on V_20 — Person fall detected after sudden motion spike.
21:23:57 | INFO     | suraksha.event_manager | [EventManager] Visual event logged: [HIGH] IMPACT_COLLAPSE on f — Person fall detected after sudden motion spike.
21:24:00 | WARNING  | suraksha.frame_processor | [Capture] Frame loss / black frame detected (1/10)
21:24:01 | INFO     | suraksha.event_manager | [EventManager] Visual event logged: [HIGH] IMPACT_COLLAPSE on V_20 — Person fall detected after sudden motion spike.
21:24:05 | WARNING  | suraksha.frame_processor | [Capture] Frame loss / black frame detected (1/10)
21:24:06 | INFO     | suraksha.event_manager | [EventManager] Visual event logged: [HIGH] IMPACT_COLLAPSE on V_20 — Person fall detected after sudden motion spike.
21:24:08 | INFO     | suraksha.event_manager | [EventManager] Visual event logged: [HIGH] AGGRESSIVE_CHASE on V_20 — Converging bounding velocities indicating a chase.
21:24:10 | INFO     | suraksha.event_manager | [EventManager] Visual event logged: [HIGH] IMPACT_COLLAPSE on V_20 — Person fall detected after sudden motion spike.
21:24:11 | WARNING  | suraksha.frame_processor | [Capture] Frame loss / black frame detected (1/10)
21:24:11 | INFO     | suraksha.event_manager | [EventManager] Visual event logged: [HIGH] IMPACT_COLLAPSE on V_20 — Person fall detected after sudden motion spike.
21:24:15 | INFO     | suraksha.event_manager | [EventManager] Visual event logged: [HIGH] IMPACT_COLLAPSE on V_20 — Person fall detected after sudden motion spike.
21:24:16 | WARNING  | suraksha.frame_processor | [Capture] Frame loss / black frame detected (1/10)
21:24:17 | INFO     | suraksha.event_manager | [EventManager] Visual event logged: [HIGH] IMPACT_COLLAPSE on V_20 — Person fall detected after sudden motion spike.
21:24:18 | INFO     | suraksha.event_manager | [EventManager] Visual event logged: [HIGH] IMPACT_COLLAPSE on f — Person fall detected after sudden motion spike.
21:24:18 | INFO     | suraksha.event_manager | [EventManager] Visual event logged: [HIGH] IMPACT_COLLAPSE on Webcam Unit — Person fall detected after sudden motion spike.
21:24:18 | INFO     | suraksha.event_manager | [EventManager] Visual event logged: [HIGH] IMPACT_COLLAPSE on ldjv — Person fall detected after sudden motion spike.
21:24:18 | INFO     | suraksha.event_manager | [EventManager] Visual event logged: [HIGH] IMPACT_COLLAPSE on V_20 — Person fall detected after sudden motion spike.
21:24:19 | INFO     | suraksha.event_manager | [EventManager] Visual event logged: [HIGH] AGGRESSIVE_CHASE on V_20 — Converging bounding velocities indicating a chase.
21:24:20 | INFO     | suraksha.event_manager | [EventManager] Visual event logged: [HIGH] AGGRESSIVE_CHASE on V_20 — Converging bounding velocities indicating a chase.
21:24:20 | INFO     | suraksha.event_manager | [EventManager] Visual event logged: [HIGH] IMPACT_COLLAPSE on V_20 — Person fall detected after sudden motion spike.
21:24:20 | INFO     | suraksha.event_manager | [EventManager] Visual event logged: [HIGH] IMPACT_COLLAPSE on ldjv — Person fall detected after sudden motion spike.
21:24:21 | INFO     | suraksha.event_manager | [EventManager] Visual event logged: [HIGH] IMPACT_COLLAPSE on V_20 — Person fall detected after sudden motion spike.
21:24:21 | INFO     | suraksha.event_manager | [EventManager] Visual event logged: [CRITICAL] FIGHTING_STRIKES on f — Repeated aggressive arm strikes counted.
21:24:21 | INFO     | suraksha.event_manager | [EventManager] Visual event logged: [CRITICAL] FIGHTING_STRIKES on V_20 — Repeated aggressive arm strikes counted.
21:24:21 | INFO     | suraksha.event_manager | [EventManager] Visual event logged: [CRITICAL] FIGHTING_STRIKES on Webcam Unit — Repeated aggressive arm strikes counted.
21:24:21 | WARNING  | suraksha.frame_processor | [Capture] Frame loss / black frame detected (1/10)
21:24:22 | INFO     | suraksha.event_manager | [EventManager] Visual event logged: [HIGH] IMPACT_COLLAPSE on V_20 — Person fall detected after sudden motion spike.
21:24:24 | INFO     | suraksha.event_manager | [EventManager] Visual event logged: [HIGH] IMPACT_COLLAPSE on V_20 — Person fall detected after sudden motion spike.
21:24:24 | INFO     | suraksha.event_manager | [EventManager] Visual event logged: [HIGH] IMPACT_COLLAPSE on Webcam Unit — Person fall detected after sudden motion spike.
21:24:24 | INFO     | suraksha.event_manager | [EventManager] Visual event logged: [HIGH] IMPACT_COLLAPSE on f — Person fall detected after sudden motion spike.
21:24:24 | INFO     | suraksha.event_manager | [EventManager] Visual event logged: [HIGH] AGGRESSIVE_CHASE on V_20 — Converging bounding velocities indicating a chase.
21:24:24 | INFO     | suraksha.event_manager | [EventManager] Visual event logged: [HIGH] IMPACT_COLLAPSE on V_20 — Person fall detected after sudden motion spike.
21:24:27 | WARNING  | suraksha.frame_processor | [Capture] Frame loss / black frame detected (1/10)
21:24:28 | INFO     | suraksha.event_manager | [EventManager] Visual event logged: [HIGH] IMPACT_COLLAPSE on f — Person fall detected after sudden motion spike.
21:24:32 | WARNING  | suraksha.frame_processor | [Capture] Frame loss / black frame detected (1/10)
21:24:33 | INFO     | suraksha.event_manager | [EventManager] Visual event logged: [HIGH] IMPACT_COLLAPSE on V_20 — Person fall detected after sudden motion spike.
21:24:34 | INFO     | suraksha.event_manager | [EventManager] Visual event logged: [HIGH] IMPACT_COLLAPSE on f — Person fall detected after sudden motion spike.
21:24:34 | INFO     | suraksha.event_manager | [EventManager] Visual event logged: [HIGH] IMPACT_COLLAPSE on V_20 — Person fall detected after sudden motion spike.
21:24:34 | INFO     | suraksha.event_manager | [EventManager] Visual event logged: [HIGH] IMPACT_COLLAPSE on Webcam Unit — Person fall detected after sudden motion spike.
21:24:34 | INFO     | suraksha.event_manager | [EventManager] Visual event logged: [HIGH] IMPACT_COLLAPSE on ldjv — Person fall detected after sudden motion spike.
21:24:36 | INFO     | suraksha.event_manager | [EventManager] Visual event logged: [HIGH] IMPACT_COLLAPSE on V_20 — Person fall detected after sudden motion spike.
21:24:37 | INFO     | suraksha.event_manager | [EventManager] Visual event logged: [HIGH] IMPACT_COLLAPSE on V_20 — Person fall detected after sudden motion spike.
21:24:38 | WARNING  | suraksha.frame_processor | [Capture] Frame loss / black frame detected (1/10)
21:24:38 | INFO     | suraksha.event_manager | [EventManager] Visual event logged: [HIGH] IMPACT_COLLAPSE on V_20 — Person fall detected after sudden motion spike.
21:24:38 | INFO     | suraksha.event_manager | [EventManager] Visual event logged: [HIGH] AGGRESSIVE_CHASE on V_20 — Converging bounding velocities indicating a chase.
21:24:39 | INFO     | suraksha.event_manager | [EventManager] Visual event logged: [HIGH] IMPACT_COLLAPSE on V_20 — Person fall detected after sudden motion spike.
21:24:40 | INFO     | suraksha.event_manager | [EventManager] Visual event logged: [HIGH] AGGRESSIVE_CHASE on V_20 — Converging bounding velocities indicating a chase.
21:24:41 | INFO     | suraksha.event_manager | [EventManager] Visual event logged: [HIGH] IMPACT_COLLAPSE on V_20 — Person fall detected after sudden motion spike.
21:24:42 | INFO     | suraksha.event_manager | [EventManager] Visual event logged: [HIGH] AGGRESSIVE_CHASE on V_20 — Converging bounding velocities indicating a chase.
21:24:43 | WARNING  | suraksha.frame_processor | [Capture] Frame loss / black frame detected (1/10)
21:24:46 | INFO     | suraksha.event_manager | [EventManager] Visual event logged: [HIGH] AGGRESSIVE_CHASE on V_20 — Converging bounding velocities indicating a chase.
21:24:49 | WARNING  | suraksha.frame_processor | [Capture] Frame loss / black frame detected (1/10)
21:24:54 | WARNING  | suraksha.frame_processor | [Capture] Frame loss / black frame detected (1/10)
21:24:55 | INFO     | suraksha.event_manager | [EventManager] Visual event logged: [HIGH] IMPACT_COLLAPSE on V_20 — Person fall detected after sudden motion spike.
21:24:56 | INFO     | suraksha.event_manager | [EventManager] Visual event logged: [HIGH] AGGRESSIVE_CHASE on V_20 — Converging bounding velocities indicating a chase.
21:24:57 | INFO     | suraksha.event_manager | [EventManager] Visual event logged: [HIGH] IMPACT_COLLAPSE on V_20 — Person fall detected after sudden motion spike.
21:24:57 | INFO     | suraksha.event_manager | [EventManager] Visual event logged: [HIGH] IMPACT_COLLAPSE on f — Person fall detected after sudden motion spike.
21:24:57 | INFO     | suraksha.event_manager | [EventManager] Visual event logged: [HIGH] IMPACT_COLLAPSE on Webcam Unit — Person fall detected after sudden motion spike.
21:24:57 | INFO     | suraksha.event_manager | [EventManager] Visual event logged: [HIGH] IMPACT_COLLAPSE on ldjv — Person fall detected after sudden motion spike.
21:24:59 | WARNING  | suraksha.frame_processor | [Capture] Frame loss / black frame detected (1/10)
21:25:02 | INFO     | suraksha.event_manager | [EventManager] Visual event logged: [HIGH] AGGRESSIVE_CHASE on V_20 — Converging bounding velocities indicating a chase.
21:25:03 | INFO     | suraksha.event_manager | [EventManager] Visual event logged: [HIGH] IMPACT_COLLAPSE on V_20 — Person fall detected after sudden motion spike.
21:25:05 | WARNING  | suraksha.frame_processor | [Capture] Frame loss / black frame detected (1/10)
21:25:08 | INFO     | suraksha.event_manager | [EventManager] Visual event logged: [HIGH] IMPACT_COLLAPSE on Webcam Unit — Person fall detected after sudden motion spike.
21:25:08 | INFO     | suraksha.event_manager | [EventManager] Visual event logged: [HIGH] IMPACT_COLLAPSE on ldjv — Person fall detected after sudden motion spike.
21:25:08 | INFO     | suraksha.event_manager | [EventManager] Visual event logged: [HIGH] IMPACT_COLLAPSE on V_20 — Person fall detected after sudden motion spike.
21:25:10 | WARNING  | suraksha.frame_processor | [Capture] Frame loss / black frame detected (1/10)
21:25:11 | INFO     | suraksha.event_manager | [EventManager] Visual event logged: [HIGH] AGGRESSIVE_CHASE on V_20 — Converging bounding velocities indicating a chase.
21:25:12 | INFO     | suraksha.event_manager | [EventManager] Visual event logged: [HIGH] IMPACT_COLLAPSE on V_20 — Person fall detected after sudden motion spike.
21:25:12 | INFO     | suraksha.event_manager | [EventManager] Visual event logged: [HIGH] IMPACT_COLLAPSE on f — Person fall detected after sudden motion spike.
21:25:13 | INFO     | suraksha.event_manager | [EventManager] Visual event logged: [HIGH] AGGRESSIVE_CHASE on V_20 — Converging bounding velocities indicating a chase.
21:25:13 | INFO     | suraksha.event_manager | [EventManager] Visual event logged: [HIGH] IMPACT_COLLAPSE on V_20 — Person fall detected after sudden motion spike.
21:25:14 | INFO     | suraksha.event_manager | [EventManager] Visual event logged: [HIGH] AGGRESSIVE_CHASE on V_20 — Converging bounding velocities indicating a chase.
21:25:15 | INFO     | suraksha.event_manager | [EventManager] Visual event logged: [HIGH] AGGRESSIVE_CHASE on V_20 — Converging bounding velocities indicating a chase.
21:25:16 | WARNING  | suraksha.frame_processor | [Capture] Frame loss / black frame detected (1/10)
21:25:17 | INFO     | suraksha.event_manager | [EventManager] Visual event logged: [HIGH] IMPACT_COLLAPSE on V_20 — Person fall detected after sudden motion spike.
21:25:19 | INFO     | suraksha.event_manager | [EventManager] Visual event logged: [HIGH] IMPACT_COLLAPSE on V_20 — Person fall detected after sudden motion spike.
21:25:21 | WARNING  | suraksha.frame_processor | [Capture] Frame loss / black frame detected (1/10)
21:25:23 | INFO     | suraksha.event_manager | [EventManager] Visual event logged: [HIGH] AGGRESSIVE_CHASE on V_20 — Converging bounding velocities indicating a chase.
21:25:23 | INFO     | suraksha.event_manager | [EventManager] Visual event logged: [HIGH] IMPACT_COLLAPSE on V_20 — Person fall detected after sudden motion spike.
21:25:23 | INFO     | suraksha.event_manager | [EventManager] Visual event logged: [HIGH] IMPACT_COLLAPSE on f — Person fall detected after sudden motion spike.
21:25:23 | INFO     | suraksha.event_manager | [EventManager] Visual event logged: [HIGH] IMPACT_COLLAPSE on Webcam Unit — Person fall detected after sudden motion spike.
21:25:24 | INFO     | suraksha.event_manager | [EventManager] Visual event logged: [HIGH] AGGRESSIVE_CHASE on V_20 — Converging bounding velocities indicating a chase.
21:25:27 | WARNING  | suraksha.frame_processor | [Capture] Frame loss / black frame detected (1/10)
21:25:30 | INFO     | suraksha.event_manager | [EventManager] Visual event logged: [HIGH] IMPACT_COLLAPSE on V_20 — Person fall detected after sudden motion spike.
E0000 00:00:1779378930.991990  174508 portable_clearcut_uploader.cc:90] Failed to send to clearcut: FAILED_PRECONDITION: Not valid for uploading until: 2026-05-21T21:39:30.988578+05:30
=== Source Location Trace: ===
wireless/android/play/playlog/cplusplus/portable_clearcut_uploader.cc:180
21:25:32 | WARNING  | suraksha.frame_processor | [Capture] Frame loss / black frame detected (1/10)
21:25:33 | INFO     | suraksha.event_manager | [EventManager] Visual event logged: [HIGH] AGGRESSIVE_CHASE on V_20 — Converging bounding velocities indicating a chase.
21:25:36 | INFO     | suraksha.event_manager | [EventManager] Visual event logged: [HIGH] AGGRESSIVE_CHASE on V_20 — Converging bounding velocities indicating a chase.
21:25:37 | WARNING  | suraksha.frame_processor | [Capture] Frame loss / black frame detected (1/10)
21:25:43 | WARNING  | suraksha.frame_processor | [Capture] Frame loss / black frame detected (1/10)
21:25:43 | INFO     | suraksha.event_manager | [EventManager] Visual event logged: [HIGH] AGGRESSIVE_CHASE on V_20 — Converging bounding velocities indicating a chase.
21:25:46 | INFO     | suraksha.event_manager | [EventManager] Visual event logged: [HIGH] IMPACT_COLLAPSE on V_20 — Person fall detected after sudden motion spike.
21:25:48 | WARNING  | suraksha.frame_processor | [Capture] Frame loss / black frame detected (1/10)
21:25:49 | INFO     | suraksha.event_manager | [EventManager] Visual event logged: [HIGH] IMPACT_COLLAPSE on ldjv — Person fall detected after sudden motion spike.
21:25:49 | INFO     | suraksha.event_manager | [EventManager] Visual event logged: [HIGH] IMPACT_COLLAPSE on f — Person fall detected after sudden motion spike.
21:25:49 | INFO     | suraksha.event_manager | [EventManager] Visual event logged: [HIGH] IMPACT_COLLAPSE on V_20 — Person fall detected after sudden motion spike.
INFO:     connection closed
INFO:     connection closed
21:25:51 | INFO     | suraksha | [WS] Client disconnected. Total: 2
21:25:51 | INFO     | suraksha | [WS] Client disconnected. Total: 1
21:25:54 | WARNING  | suraksha.frame_processor | [Capture] Frame loss / black frame detected (1/10)
21:25:54 | INFO     | suraksha.event_manager | [EventManager] Visual event logged: [HIGH] IMPACT_COLLAPSE on V_20 — Person fall detected after sudden motion spike.
21:25:57 | INFO     | suraksha.event_manager | [EventManager] Visual event logged: [HIGH] AGGRESSIVE_CHASE on V_20 — Converging bounding velocities indicating a chase.
21:25:58 | INFO     | suraksha.event_manager | [EventManager] Visual event logged: [HIGH] IMPACT_COLLAPSE on V_20 — Person fall detected after sudden motion spike.
21:25:58 | INFO     | suraksha.event_manager | [EventManager] Visual event logged: [HIGH] AGGRESSIVE_CHASE on V_20 — Converging bounding velocities indicating a chase.
21:25:59 | WARNING  | suraksha.frame_processor | [Capture] Frame loss / black frame detected (1/10)
21:26:05 | WARNING  | suraksha.frame_processor | [Capture] Frame loss / black frame detected (1/10)
21:26:05 | INFO     | suraksha.event_manager | [EventManager] Visual event logged: [HIGH] IMPACT_COLLAPSE on V_20 — Person fall detected after sudden motion spike.
21:26:05 | INFO     | suraksha.event_manager | [EventManager] Visual event logged: [HIGH] AGGRESSIVE_CHASE on V_20 — Converging bounding velocities indicating a chase.
21:26:07 | INFO     | suraksha.event_manager | [EventManager] Visual event logged: [HIGH] AGGRESSIVE_CHASE on V_20 — Converging bounding velocities indicating a chase.
21:26:09 | INFO     | suraksha.event_manager | [EventManager] Visual event logged: [HIGH] AGGRESSIVE_CHASE on V_20 — Converging bounding velocities indicating a chase.
21:26:09 | INFO     | suraksha.event_manager | [EventManager] Visual event logged: [HIGH] IMPACT_COLLAPSE on V_20 — Person fall detected after sudden motion spike.
21:26:10 | WARNING  | suraksha.frame_processor | [Capture] Frame loss / black frame detected (1/10)
21:26:12 | INFO     | suraksha.event_manager | [EventManager] Visual event logged: [HIGH] IMPACT_COLLAPSE on Webcam Unit — Person fall detected after sudden motion spike.
21:26:12 | INFO     | suraksha.event_manager | [EventManager] Visual event logged: [HIGH] IMPACT_COLLAPSE on V_20 — Person fall detected after sudden motion spike.
21:26:13 | INFO     | suraksha.event_manager | [EventManager] Visual event logged: [HIGH] AGGRESSIVE_CHASE on V_20 — Converging bounding velocities indicating a chase.
21:26:15 | WARNING  | suraksha.frame_processor | [Capture] Frame loss / black frame detected (1/10)
21:26:21 | WARNING  | suraksha.frame_processor | [Capture] Frame loss / black frame detected (1/10)
21:26:26 | WARNING  | suraksha.frame_processor | [Capture] Frame loss / black frame detected (1/10)
21:26:27 | INFO     | suraksha.event_manager | [EventManager] Visual event logged: [HIGH] AGGRESSIVE_CHASE on V_20 — Converging bounding velocities indicating a chase.
21:26:27 | INFO     | suraksha.event_manager | [EventManager] Visual event logged: [HIGH] IMPACT_COLLAPSE on ldjv — Person fall detected after sudden motion spike.
21:26:27 | INFO     | suraksha.event_manager | [EventManager] Visual event logged: [HIGH] IMPACT_COLLAPSE on V_20 — Person fall detected after sudden motion spike.
21:26:27 | INFO     | suraksha.event_manager | [EventManager] Visual event logged: [HIGH] IMPACT_COLLAPSE on Webcam Unit — Person fall detected after sudden motion spike.
21:26:27 | INFO     | suraksha.event_manager | [EventManager] Visual event logged: [HIGH] IMPACT_COLLAPSE on f — Person fall detected after sudden motion spike.
21:26:28 | INFO     | suraksha.event_manager | [EventManager] Visual event logged: [HIGH] IMPACT_COLLAPSE on V_20 — Person fall detected after sudden motion spike.
21:26:29 | INFO     | suraksha.event_manager | [EventManager] Visual event logged: [HIGH] AGGRESSIVE_CHASE on V_20 — Converging bounding velocities indicating a chase.
21:26:29 | INFO     | suraksha.event_manager | [EventManager] Visual event logged: [HIGH] IMPACT_COLLAPSE on V_20 — Person fall detected after sudden motion spike.
E0000 00:00:1779378990.996203  174508 portable_clearcut_uploader.cc:90] Failed to send to clearcut: FAILED_PRECONDITION: Not valid for uploading until: 2026-05-21T21:39:30.988578+05:30
=== Source Location Trace: ===
wireless/android/play/playlog/cplusplus/portable_clearcut_uploader.cc:180
21:26:31 | INFO     | suraksha.event_manager | [EventManager] Visual event logged: [HIGH] AGGRESSIVE_CHASE on V_20 — Converging bounding velocities indicating a chase.
21:26:31 | INFO     | suraksha.event_manager | [EventManager] Visual event logged: [HIGH] IMPACT_COLLAPSE on V_20 — Person fall detected after sudden motion spike.
21:26:32 | WARNING  | suraksha.frame_processor | [Capture] Frame loss / black frame detected (1/10)
INFO:     ('127.0.0.1', 52693) - "WebSocket /ws/detections" [accepted]
21:26:32 | INFO     | suraksha | [WS] Client connected. Total: 2
INFO:     connection open
INFO:     connection closed
21:26:32 | INFO     | suraksha | [WS] Client disconnected. Total: 1
INFO:     ('127.0.0.1', 52702) - "WebSocket /ws/detections" [accepted]
21:26:32 | INFO     | suraksha | [WS] Client connected. Total: 2
INFO:     connection open
INFO:     ('127.0.0.1', 52704) - "WebSocket /ws/detections" [accepted]
21:26:32 | INFO     | suraksha | [WS] Client connected. Total: 3
INFO:     connection open
21:26:34 | INFO     | suraksha.event_manager | [EventManager] Visual event logged: [HIGH] IMPACT_COLLAPSE on ldjv — Person fall detected after sudden motion spike.
INFO:     connection closed
INFO:     connection closed
21:26:35 | INFO     | suraksha | [WS] Client disconnected. Total: 2
21:26:35 | INFO     | suraksha | [WS] Client disconnected. Total: 1
21:26:37 | INFO     | suraksha.event_manager | [EventManager] Visual event logged: [HIGH] IMPACT_COLLAPSE on V_20 — Person fall detected after sudden motion spike.
21:26:37 | WARNING  | suraksha.frame_processor | [Capture] Frame loss / black frame detected (1/10)
21:26:39 | INFO     | suraksha.event_manager | [EventManager] Visual event logged: [HIGH] IMPACT_COLLAPSE on V_20 — Person fall detected after sudden motion spike.
21:26:39 | INFO     | suraksha.event_manager | [EventManager] Visual event logged: [HIGH] IMPACT_COLLAPSE on V_20 — Person fall detected after sudden motion spike.
21:26:39 | INFO     | suraksha.event_manager | [EventManager] Visual event logged: [HIGH] IMPACT_COLLAPSE on ldjv — Person fall detected after sudden motion spike.
21:26:39 | INFO     | suraksha.event_manager | [EventManager] Visual event logged: [CRITICAL] FIGHTING_STRIKES on ldjv — Repeated aggressive arm strikes counted.
21:26:39 | INFO     | suraksha.event_manager | [EventManager] Visual event logged: [HIGH] IMPACT_COLLAPSE on Webcam Unit — Person fall detected after sudden motion spike.
21:26:39 | INFO     | suraksha.event_manager | [EventManager] Visual event logged: [CRITICAL] FIGHTING_STRIKES on Webcam Unit — Repeated aggressive arm strikes counted.
21:26:39 | INFO     | suraksha.event_manager | [EventManager] Visual event logged: [HIGH] IMPACT_COLLAPSE on V_20 — Person fall detected after sudden motion spike.
21:26:39 | INFO     | suraksha.event_manager | [EventManager] Visual event logged: [CRITICAL] FIGHTING_STRIKES on V_20 — Repeated aggressive arm strikes counted.
21:26:40 | INFO     | suraksha.event_manager | [EventManager] Visual event logged: [HIGH] IMPACT_COLLAPSE on f — Person fall detected after sudden motion spike.
21:26:40 | INFO     | suraksha.event_manager | [EventManager] Visual event logged: [CRITICAL] FIGHTING_STRIKES on f — Repeated aggressive arm strikes counted.
21:26:40 | INFO     | suraksha.event_manager | [EventManager] Visual event logged: [HIGH] AGGRESSIVE_CHASE on V_20 — Converging bounding velocities indicating a chase.
21:26:41 | INFO     | suraksha.event_manager | [EventManager] Visual event logged: [HIGH] IMPACT_COLLAPSE on V_20 — Person fall detected after sudden motion spike.
21:26:41 | INFO     | suraksha.event_manager | [EventManager] Visual event logged: [HIGH] AGGRESSIVE_CHASE on V_20 — Converging bounding velocities indicating a chase.
21:26:42 | INFO     | suraksha.event_manager | [EventManager] Visual event logged: [HIGH] IMPACT_COLLAPSE on V_20 — Person fall detected after sudden motion spike.
21:26:42 | INFO     | suraksha.event_manager | [EventManager] Visual event logged: [HIGH] IMPACT_COLLAPSE on ldjv — Person fall detected after sudden motion spike.
21:26:42 | INFO     | suraksha.event_manager | [EventManager] Visual event logged: [HIGH] IMPACT_COLLAPSE on Webcam Unit — Person fall detected after sudden motion spike.
21:26:43 | WARNING  | suraksha.frame_processor | [Capture] Frame loss / black frame detected (1/10)
21:26:44 | INFO     | suraksha.event_manager | [EventManager] Visual event logged: [HIGH] IMPACT_COLLAPSE on V_20 — Person fall detected after sudden motion spike.
21:26:45 | INFO     | suraksha.event_manager | [EventManager] Visual event logged: [HIGH] IMPACT_COLLAPSE on ldjv — Person fall detected after sudden motion spike.
21:26:45 | INFO     | suraksha.event_manager | [EventManager] Visual event logged: [HIGH] IMPACT_COLLAPSE on Webcam Unit — Person fall detected after sudden motion spike.
21:26:45 | INFO     | suraksha.event_manager | [EventManager] Visual event logged: [HIGH] IMPACT_COLLAPSE on V_20 — Person fall detected after sudden motion spike.
21:26:45 | INFO     | suraksha.event_manager | [EventManager] Visual event logged: [HIGH] IMPACT_COLLAPSE on f — Person fall detected after sudden motion spike.
21:26:47 | INFO     | suraksha.event_manager | [EventManager] Visual event logged: [HIGH] IMPACT_COLLAPSE on V_20 — Person fall detected after sudden motion spike.
21:26:47 | INFO     | suraksha.event_manager | [EventManager] Visual event logged: [HIGH] IMPACT_COLLAPSE on ldjv — Person fall detected after sudden motion spike.
21:26:48 | WARNING  | suraksha.frame_processor | [Capture] Frame loss / black frame detected (1/10)
21:26:49 | INFO     | suraksha.dispatch | [Dispatch] Verified dispatch accepted by ADMIN_001 (Officer Officer-70) for EVD-1779374740106
21:26:49 | WARNING  | suraksha.evidence | [Evidence] Record EVD-1779374740106 not found in database.
21:26:49 | INFO     | suraksha.alert | [Alert] Alarm muted globally.
21:26:50 | INFO     | suraksha.event_manager | [EventManager] Visual event logged: [HIGH] IMPACT_COLLAPSE on ldjv — Person fall detected after sudden motion spike.
21:26:53 | INFO     | suraksha.event_manager | [EventManager] Visual event logged: [HIGH] IMPACT_COLLAPSE on ldjv — Person fall detected after sudden motion spike.
21:26:53 | INFO     | suraksha.event_manager | [EventManager] Visual event logged: [HIGH] IMPACT_COLLAPSE on Webcam Unit — Person fall detected after sudden motion spike.
21:26:53 | INFO     | suraksha.event_manager | [EventManager] Visual event logged: [HIGH] IMPACT_COLLAPSE on V_20 — Person fall detected after sudden motion spike.
21:26:53 | INFO     | suraksha.event_manager | [EventManager] Visual event logged: [HIGH] IMPACT_COLLAPSE on V_20 — Person fall detected after sudden motion spike.
21:26:53 | WARNING  | suraksha.frame_processor | [Capture] Frame loss / black frame detected (1/10)
21:26:55 | INFO     | suraksha.event_manager | [EventManager] Visual event logged: [HIGH] IMPACT_COLLAPSE on V_20 — Person fall detected after sudden motion spike.
21:26:55 | INFO     | suraksha.event_manager | [EventManager] Visual event logged: [HIGH] IMPACT_COLLAPSE on ldjv — Person fall detected after sudden motion spike.
21:26:55 | INFO     | suraksha.event_manager | [EventManager] Visual event logged: [HIGH] IMPACT_COLLAPSE on Webcam Unit — Person fall detected after sudden motion spike.
21:26:56 | INFO     | suraksha.event_manager | [EventManager] Visual event logged: [HIGH] IMPACT_COLLAPSE on V_20 — Person fall detected after sudden motion spike.
21:26:56 | INFO     | suraksha.event_manager | [EventManager] Visual event logged: [HIGH] IMPACT_COLLAPSE on f — Person fall detected after sudden motion spike.
21:26:56 | INFO     | suraksha.event_manager | [EventManager] Visual event logged: [HIGH] AGGRESSIVE_CHASE on V_20 — Converging bounding velocities indicating a chase.
21:26:58 | INFO     | suraksha.dispatch | [Dispatch] Escalation request verified for EVD-1779374740106 by ADMIN_001
21:26:58 | WARNING  | suraksha.evidence | [Evidence] Record EVD-1779374740106 not found in database.
21:26:58 | INFO     | suraksha.alert | [Alert] Manual global alarm force-triggered: EMERGENCY_BACKUP
21:26:58 | INFO     | suraksha.event_manager | [EventManager] Visual event logged: [HIGH] IMPACT_COLLAPSE on V_20 — Person fall detected after sudden motion spike.
21:26:58 | INFO     | suraksha.event_manager | [EventManager] Visual event logged: [HIGH] AGGRESSIVE_CHASE on V_20 — Converging bounding velocities indicating a chase.
21:26:59 | WARNING  | suraksha.frame_processor | [Capture] Frame loss / black frame detected (1/10)
21:27:00 | INFO     | suraksha.event_manager | [EventManager] Visual event logged: [HIGH] AGGRESSIVE_CHASE on V_20 — Converging bounding velocities indicating a chase.
21:27:03 | INFO     | suraksha.event_manager | [EventManager] Visual event logged: [HIGH] AGGRESSIVE_CHASE on V_20 — Converging bounding velocities indicating a chase.
21:27:04 | WARNING  | suraksha.frame_processor | [Capture] Frame loss / black frame detected (1/10)
21:27:06 | INFO     | suraksha.event_manager | [EventManager] Visual event logged: [HIGH] IMPACT_COLLAPSE on V_20 — Person fall detected after sudden motion spike.
21:27:07 | INFO     | suraksha.event_manager | [EventManager] Visual event logged: [HIGH] IMPACT_COLLAPSE on V_20 — Person fall detected after sudden motion spike.
21:27:07 | INFO     | suraksha.event_manager | [EventManager] Visual event logged: [HIGH] IMPACT_COLLAPSE on ldjv — Person fall detected after sudden motion spike.
21:27:07 | INFO     | suraksha.event_manager | [EventManager] Visual event logged: [HIGH] IMPACT_COLLAPSE on Webcam Unit — Person fall detected after sudden motion spike.
21:27:07 | INFO     | suraksha.event_manager | [EventManager] Visual event logged: [HIGH] IMPACT_COLLAPSE on V_20 — Person fall detected after sudden motion spike.
21:27:10 | WARNING  | suraksha.frame_processor | [Capture] Frame loss / black frame detected (1/10)
21:27:15 | WARNING  | suraksha.frame_processor | [Capture] Frame loss / black frame detected (1/10)
21:27:18 | INFO     | suraksha.event_manager | [EventManager] Visual event logged: [HIGH] IMPACT_COLLAPSE on V_20 — Person fall detected after sudden motion spike.
21:27:18 | INFO     | suraksha.event_manager | [EventManager] Visual event logged: [HIGH] AGGRESSIVE_CHASE on V_20 — Converging bounding velocities indicating a chase.
21:27:21 | WARNING  | suraksha.frame_processor | [Capture] Frame loss / black frame detected (1/10)
21:27:22 | INFO     | suraksha.event_manager | [EventManager] Visual event logged: [HIGH] AGGRESSIVE_CHASE on V_20 — Converging bounding velocities indicating a chase.
21:27:26 | WARNING  | suraksha.frame_processor | [Capture] Frame loss / black frame detected (1/10)
E0000 00:00:1779379051.001118  174508 portable_clearcut_uploader.cc:90] Failed to send to clearcut: FAILED_PRECONDITION: Not valid for uploading until: 2026-05-21T21:39:30.988578+05:30
=== Source Location Trace: ===
wireless/android/play/playlog/cplusplus/portable_clearcut_uploader.cc:180
21:27:32 | WARNING  | suraksha.frame_processor | [Capture] Frame loss / black frame detected (1/10)
21:27:32 | INFO     | suraksha.event_manager | [EventManager] Visual event logged: [HIGH] AGGRESSIVE_CHASE on V_20 — Converging bounding velocities indicating a chase.
21:27:37 | WARNING  | suraksha.frame_processor | [Capture] Frame loss / black frame detected (1/10)
21:27:40 | INFO     | suraksha.event_manager | [EventManager] Visual event logged: [HIGH] AGGRESSIVE_CHASE on V_20 — Converging bounding velocities indicating a chase.
21:27:42 | WARNING  | suraksha.frame_processor | [Capture] Frame loss / black frame detected (1/10)
21:27:45 | INFO     | suraksha.event_manager | [EventManager] Visual event logged: [HIGH] AGGRESSIVE_CHASE on V_20 — Converging bounding velocities indicating a chase.
21:27:48 | WARNING  | suraksha.frame_processor | [Capture] Frame loss / black frame detected (1/10)
21:27:53 | WARNING  | suraksha.frame_processor | [Capture] Frame loss / black frame detected (1/10)
21:27:54 | INFO     | suraksha.event_manager | [EventManager] Visual event logged: [HIGH] AGGRESSIVE_CHASE on V_20 — Converging bounding velocities indicating a chase.
21:27:59 | WARNING  | suraksha.frame_processor | [Capture] Frame loss / black frame detected (1/10)
21:28:04 | WARNING  | suraksha.frame_processor | [Capture] Frame loss / black frame detected (1/10)
21:28:10 | WARNING  | suraksha.frame_processor | [Capture] Frame loss / black frame detected (1/10)
INFO:     ('127.0.0.1', 52737) - "WebSocket /ws/detections" [accepted]
21:28:13 | INFO     | suraksha | [WS] Client connected. Total: 2
INFO:     connection open
21:28:13 | INFO     | suraksha | [WS] Client disconnected. Total: 1
INFO:     connection closed
INFO:     ('127.0.0.1', 52744) - "WebSocket /ws/detections" [accepted]
21:28:13 | INFO     | suraksha | [WS] Client connected. Total: 2
INFO:     connection open
INFO:     ('127.0.0.1', 52746) - "WebSocket /ws/detections" [accepted]
21:28:13 | INFO     | suraksha | [WS] Client connected. Total: 3
INFO:     connection open
21:28:15 | WARNING  | suraksha.frame_processor | [Capture] Frame loss / black frame detected (1/10)
21:28:21 | WARNING  | suraksha.frame_processor | [Capture] Frame loss / black frame detected (1/10)
21:28:26 | WARNING  | suraksha.frame_processor | [Capture] Frame loss / black frame detected (1/10)
E0000 00:00:1779379111.004566  174508 portable_clearcut_uploader.cc:90] Failed to send to clearcut: FAILED_PRECONDITION: Not valid for uploading until: 2026-05-21T21:39:30.988578+05:30
=== Source Location Trace: ===
wireless/android/play/playlog/cplusplus/portable_clearcut_uploader.cc:180
21:28:31 | WARNING  | suraksha.frame_processor | [Capture] Frame loss / black frame detected (1/10)
21:28:37 | WARNING  | suraksha.frame_processor | [Capture] Frame loss / black frame detected (1/10)
21:28:42 | WARNING  | suraksha.frame_processor | [Capture] Frame loss / black frame detected (1/10)
21:28:48 | WARNING  | suraksha.frame_processor | [Capture] Frame loss / black frame detected (1/10)
21:28:53 | WARNING  | suraksha.frame_processor | [Capture] Frame loss / black frame detected (1/10)
21:28:56 | INFO     | suraksha.event_manager | [EventManager] Visual event logged: [HIGH] IMPACT_COLLAPSE on V_20 — Person fall detected after sudden motion spike.
21:28:56 | INFO     | suraksha.event_manager | [EventManager] Visual event logged: [HIGH] IMPACT_COLLAPSE on ldjv — Person fall detected after sudden motion spike.
21:28:59 | WARNING  | suraksha.frame_processor | [Capture] Frame loss / black frame detected (1/10)
21:29:04 | WARNING  | suraksha.frame_processor | [Capture] Frame loss / black frame detected (1/10)
21:29:10 | WARNING  | suraksha.frame_processor | [Capture] Frame loss / black frame detected (1/10)
21:29:15 | WARNING  | suraksha.frame_processor | [Capture] Frame loss / black frame detected (1/10)
21:29:20 | WARNING  | suraksha.frame_processor | [Capture] Frame loss / black frame detected (1/10)
21:29:26 | WARNING  | suraksha.frame_processor | [Capture] Frame loss / black frame detected (1/10)
21:29:29 | INFO     | suraksha.event_manager | [EventManager] Visual event logged: [HIGH] IMPACT_COLLAPSE on Webcam Unit — Person fall detected after sudden motion spike.
21:29:29 | INFO     | suraksha.event_manager | [EventManager] Visual event logged: [HIGH] IMPACT_COLLAPSE on V_20 — Person fall detected after sudden motion spike.
E0000 00:00:1779379171.007946  174508 portable_clearcut_uploader.cc:90] Failed to send to clearcut: FAILED_PRECONDITION: Not valid for uploading until: 2026-05-21T21:39:30.988578+05:30
=== Source Location Trace: ===
wireless/android/play/playlog/cplusplus/portable_clearcut_uploader.cc:180
21:29:31 | WARNING  | suraksha.frame_processor | [Capture] Frame loss / black frame detected (1/10)
21:29:37 | WARNING  | suraksha.frame_processor | [Capture] Frame loss / black frame detected (1/10)
21:29:42 | WARNING  | suraksha.frame_processor | [Capture] Frame loss / black frame detected (1/10)
21:29:48 | WARNING  | suraksha.frame_processor | [Capture] Frame loss / black frame detected (1/10)
21:29:53 | WARNING  | suraksha.frame_processor | [Capture] Frame loss / black frame detected (1/10)
21:29:58 | WARNING  | suraksha.frame_processor | [Capture] Frame loss / black frame detected (1/10)
INFO:     connection closed
21:29:59 | INFO     | suraksha | [WS] Client disconnected. Total: 2
INFO:     connection closed
21:29:59 | INFO     | suraksha | [WS] Client disconnected. Total: 1
INFO:     connection closed
21:29:59 | INFO     | suraksha | [WS] Client disconnected. Total: 0
21:30:00 | WARNING  | suraksha.frame_processor | [Capture] Frame loss / black frame detected (1/10)
21:30:00 | WARNING  | suraksha.frame_processor | [Capture] Frame loss / black frame detected (1/10)
21:30:00 | WARNING  | suraksha.frame_processor | [Capture] Frame loss / black frame detected (1/10)
21:30:01 | WARNING  | suraksha.frame_processor | [Capture] Frame loss / black frame detected (2/10)
21:30:01 | WARNING  | suraksha.frame_processor | [Capture] Frame loss / black frame detected (2/10)
21:30:01 | WARNING  | suraksha.frame_processor | [Capture] Frame loss / black frame detected (2/10)
INFO:     ('127.0.0.1', 52795) - "WebSocket /ws/detections" [accepted]
21:30:01 | INFO     | suraksha | [WS] Client connected. Total: 1
INFO:     connection open
INFO:     ('127.0.0.1', 52797) - "WebSocket /ws/detections" [accepted]
21:30:01 | INFO     | suraksha | [WS] Client connected. Total: 2
INFO:     connection open
INFO:     ('127.0.0.1', 52799) - "WebSocket /ws/detections" [accepted]
21:30:01 | INFO     | suraksha | [WS] Client connected. Total: 3
INFO:     connection open
21:30:01 | INFO     | suraksha.event_manager | [EventManager] Visual event logged: [HIGH] AGGRESSIVE_CHASE on V_20 — Converging bounding velocities indicating a chase.
21:30:02 | WARNING  | suraksha.frame_processor | [Capture] Frame loss / black frame detected (3/10)
21:30:02 | WARNING  | suraksha.frame_processor | [Capture] Frame loss / black frame detected (3/10)
21:30:02 | WARNING  | suraksha.frame_processor | [Capture] Frame loss / black frame detected (3/10)
21:30:03 | WARNING  | suraksha.frame_processor | [Capture] Frame loss / black frame detected (4/10)
21:30:03 | WARNING  | suraksha.frame_processor | [Capture] Frame loss / black frame detected (4/10)
21:30:03 | WARNING  | suraksha.frame_processor | [Capture] Frame loss / black frame detected (4/10)
21:30:04 | WARNING  | suraksha.frame_processor | [Capture] Frame loss / black frame detected (5/10)
21:30:04 | WARNING  | suraksha.frame_processor | [Capture] Frame loss / black frame detected (5/10)
21:30:04 | WARNING  | suraksha.frame_processor | [Capture] Frame loss / black frame detected (5/10)
21:30:04 | WARNING  | suraksha.frame_processor | [Capture] Frame loss / black frame detected (1/10)
21:30:05 | INFO     | suraksha.event_manager | [EventManager] Visual event logged: [HIGH] AGGRESSIVE_CHASE on V_20 — Converging bounding velocities indicating a chase.
21:30:05 | WARNING  | suraksha.frame_processor | [Capture] Frame loss / black frame detected (6/10)
21:30:05 | WARNING  | suraksha.frame_processor | [Capture] Frame loss / black frame detected (6/10)
21:30:05 | WARNING  | suraksha.frame_processor | [Capture] Frame loss / black frame detected (6/10)
21:30:06 | INFO     | suraksha.event_manager | [EventManager] Visual event logged: [HIGH] AGGRESSIVE_CHASE on V_20 — Converging bounding velocities indicating a chase.
21:30:06 | WARNING  | suraksha.frame_processor | [Capture] Frame loss / black frame detected (7/10)
21:30:06 | WARNING  | suraksha.frame_processor | [Capture] Frame loss / black frame detected (7/10)
21:30:06 | WARNING  | suraksha.frame_processor | [Capture] Frame loss / black frame detected (7/10)
21:30:07 | WARNING  | suraksha.frame_processor | [Capture] Frame loss / black frame detected (8/10)
21:30:07 | INFO     | suraksha.event_manager | [EventManager] Visual event logged: [HIGH] AGGRESSIVE_CHASE on V_20 — Converging bounding velocities indicating a chase.
21:30:07 | WARNING  | suraksha.frame_processor | [Capture] Frame loss / black frame detected (8/10)
21:30:07 | WARNING  | suraksha.frame_processor | [Capture] Frame loss / black frame detected (8/10)
21:30:08 | INFO     | suraksha.event_manager | [EventManager] Visual event logged: [HIGH] AGGRESSIVE_CHASE on V_20 — Converging bounding velocities indicating a chase.
21:30:08 | WARNING  | suraksha.frame_processor | [Capture] Frame loss / black frame detected (9/10)
21:30:08 | WARNING  | suraksha.frame_processor | [Capture] Frame loss / black frame detected (9/10)
21:30:08 | WARNING  | suraksha.frame_processor | [Capture] Frame loss / black frame detected (9/10)
21:30:09 | WARNING  | suraksha.frame_processor | [Capture] Frame loss / black frame detected (10/10)
21:30:09 | WARNING  | suraksha.frame_processor | [Capture] Frame loss / black frame detected (10/10)
21:30:09 | WARNING  | suraksha.frame_processor | [Capture] Frame loss / black frame detected (10/10)
21:30:09 | WARNING  | suraksha.frame_processor | [Capture] Stream offline or high frame losses (10/10). Releasing and reconnecting camera index 0...
21:30:09 | WARNING  | suraksha.frame_processor | [Capture] Stream offline or high frame losses (10/10). Releasing and reconnecting camera index 0...
21:30:09 | WARNING  | suraksha.frame_processor | [Capture] Stream offline or high frame losses (10/10). Releasing and reconnecting camera index 0...
21:30:10 | WARNING  | suraksha.frame_processor | [Capture] Frame loss / black frame detected (1/10)
21:30:13 | INFO     | suraksha.frame_processor | [Capture] Stream reconnected successfully!
21:30:13 | INFO     | suraksha.frame_processor | [Capture] Stream reconnected successfully!
21:30:13 | INFO     | suraksha.frame_processor | [Capture] Stream reconnected successfully!
21:30:14 | WARNING  | suraksha.frame_processor | [Capture] Frame loss / black frame detected (1/10)
21:30:14 | WARNING  | suraksha.frame_processor | [Capture] Frame loss / black frame detected (1/10)
21:30:14 | WARNING  | suraksha.frame_processor | [Capture] Frame loss / black frame detected (1/10)
21:30:15 | WARNING  | suraksha.frame_processor | [Capture] Frame loss / black frame detected (2/10)
21:30:15 | WARNING  | suraksha.frame_processor | [Capture] Frame loss / black frame detected (2/10)
21:30:15 | WARNING  | suraksha.frame_processor | [Capture] Frame loss / black frame detected (2/10)
21:30:16 | WARNING  | suraksha.frame_processor | [Capture] Frame loss / black frame detected (3/10)
21:30:16 | WARNING  | suraksha.frame_processor | [Capture] Frame loss / black frame detected (3/10)
21:30:16 | WARNING  | suraksha.frame_processor | [Capture] Frame loss / black frame detected (3/10)
21:30:16 | WARNING  | suraksha.frame_processor | [Capture] Frame loss / black frame detected (1/10)
21:30:17 | WARNING  | suraksha.frame_processor | [Capture] Frame loss / black frame detected (4/10)
21:30:17 | WARNING  | suraksha.frame_processor | [Capture] Frame loss / black frame detected (4/10)
21:30:17 | WARNING  | suraksha.frame_processor | [Capture] Frame loss / black frame detected (4/10)
21:30:18 | WARNING  | suraksha.frame_processor | [Capture] Frame loss / black frame detected (5/10)
21:30:18 | WARNING  | suraksha.frame_processor | [Capture] Frame loss / black frame detected (5/10)
21:30:18 | WARNING  | suraksha.frame_processor | [Capture] Frame loss / black frame detected (5/10)
21:30:19 | INFO     | suraksha.event_manager | [EventManager] Visual event logged: [HIGH] AGGRESSIVE_CHASE on V_20 — Converging bounding velocities indicating a chase.
21:30:19 | WARNING  | suraksha.frame_processor | [Capture] Frame loss / black frame detected (6/10)
21:30:19 | WARNING  | suraksha.frame_processor | [Capture] Frame loss / black frame detected (6/10)
21:30:19 | WARNING  | suraksha.frame_processor | [Capture] Frame loss / black frame detected (6/10)
21:30:20 | INFO     | suraksha.event_manager | [EventManager] Visual event logged: [HIGH] AGGRESSIVE_CHASE on V_20 — Converging bounding velocities indicating a chase.
21:30:20 | WARNING  | suraksha.frame_processor | [Capture] Frame loss / black frame detected (7/10)
21:30:20 | WARNING  | suraksha.frame_processor | [Capture] Frame loss / black frame detected (7/10)
21:30:20 | WARNING  | suraksha.frame_processor | [Capture] Frame loss / black frame detected (7/10)
21:30:21 | WARNING  | suraksha.frame_processor | [Capture] Frame loss / black frame detected (8/10)
21:30:21 | WARNING  | suraksha.frame_processor | [Capture] Frame loss / black frame detected (8/10)
21:30:21 | WARNING  | suraksha.frame_processor | [Capture] Frame loss / black frame detected (8/10)
21:30:22 | WARNING  | suraksha.frame_processor | [Capture] Frame loss / black frame detected (1/10)
21:30:22 | WARNING  | suraksha.frame_processor | [Capture] Frame loss / black frame detected (9/10)
21:30:22 | WARNING  | suraksha.frame_processor | [Capture] Frame loss / black frame detected (9/10)
21:30:23 | WARNING  | suraksha.frame_processor | [Capture] Frame loss / black frame detected (9/10)
21:30:24 | WARNING  | suraksha.frame_processor | [Capture] Frame loss / black frame detected (10/10)
21:30:24 | WARNING  | suraksha.frame_processor | [Capture] Frame loss / black frame detected (10/10)
21:30:24 | WARNING  | suraksha.frame_processor | [Capture] Stream offline or high frame losses (10/10). Releasing and reconnecting camera index 0...
21:30:24 | WARNING  | suraksha.frame_processor | [Capture] Stream offline or high frame losses (10/10). Releasing and reconnecting camera index 0...
21:30:24 | WARNING  | suraksha.frame_processor | [Capture] Frame loss / black frame detected (10/10)
21:30:24 | WARNING  | suraksha.frame_processor | [Capture] Stream offline or high frame losses (10/10). Releasing and reconnecting camera index 0...
21:30:25 | INFO     | suraksha.event_manager | [EventManager] Visual event logged: [HIGH] AGGRESSIVE_CHASE on V_20 — Converging bounding velocities indicating a chase.
21:30:27 | INFO     | suraksha.frame_processor | [Capture] Stream reconnected successfully!
21:30:27 | INFO     | suraksha.frame_processor | [Capture] Stream reconnected successfully!
21:30:27 | INFO     | suraksha.frame_processor | [Capture] Stream reconnected successfully!
21:30:27 | INFO     | suraksha.event_manager | [EventManager] Visual event logged: [HIGH] AGGRESSIVE_CHASE on V_20 — Converging bounding velocities indicating a chase.
21:30:28 | WARNING  | suraksha.frame_processor | [Capture] Frame loss / black frame detected (1/10)
21:30:28 | WARNING  | suraksha.frame_processor | [Capture] Frame loss / black frame detected (1/10)
21:30:28 | WARNING  | suraksha.frame_processor | [Capture] Frame loss / black frame detected (1/10)
21:30:28 | WARNING  | suraksha.frame_processor | [Capture] Frame loss / black frame detected (1/10)
21:30:29 | INFO     | suraksha.event_manager | [EventManager] Visual event logged: [HIGH] AGGRESSIVE_CHASE on V_20 — Converging bounding velocities indicating a chase.
E0000 00:00:1779379231.012118  174508 portable_clearcut_uploader.cc:90] Failed to send to clearcut: FAILED_PRECONDITION: Not valid for uploading until: 2026-05-21T21:39:30.988578+05:30
=== Source Location Trace: ===
wireless/android/play/playlog/cplusplus/portable_clearcut_uploader.cc:180
INFO:     connection closed
INFO:     connection closed
21:30:31 | INFO     | suraksha | [WS] Client disconnected. Total: 2
21:30:31 | INFO     | suraksha | [WS] Client disconnected. Total: 1
21:30:33 | WARNING  | suraksha.frame_processor | [Capture] Frame loss / black frame detected (1/10)
21:30:39 | WARNING  | suraksha.frame_processor | [Capture] Frame loss / black frame detected (1/10)
21:30:44 | WARNING  | suraksha.frame_processor | [Capture] Frame loss / black frame detected (1/10)
21:30:48 | INFO     | suraksha.evidence | [Evidence] Database cleared.
INFO:     ('127.0.0.1', 52823) - "WebSocket /ws/detections" [accepted]
21:30:50 | INFO     | suraksha | [WS] Client connected. Total: 2
INFO:     connection open
21:30:50 | INFO     | suraksha | [WS] Client disconnected. Total: 1
INFO:     connection closed
INFO:     ('127.0.0.1', 52832) - "WebSocket /ws/detections" [accepted]
21:30:50 | INFO     | suraksha | [WS] Client connected. Total: 2
INFO:     connection open
INFO:     ('127.0.0.1', 52834) - "WebSocket /ws/detections" [accepted]
21:30:50 | INFO     | suraksha | [WS] Client connected. Total: 3
INFO:     connection open
21:30:50 | WARNING  | suraksha.frame_processor | [Capture] Frame loss / black frame detected (1/10)
21:30:51 | INFO     | suraksha.event_manager | [EventManager] Visual event logged: [HIGH] IMPACT_COLLAPSE on V_20 — Person fall detected after sudden motion spike.
21:30:51 | INFO     | suraksha.event_manager | [EventManager] Visual event logged: [HIGH] IMPACT_COLLAPSE on Webcam Unit — Person fall detected after sudden motion spike.
21:30:55 | WARNING  | suraksha.frame_processor | [Capture] Frame loss / black frame detected (1/10)
21:31:01 | WARNING  | suraksha.frame_processor | [Capture] Frame loss / black frame detected (1/10)
INFO:     connection closed
INFO:     connection closed
21:31:01 | INFO     | suraksha | [WS] Client disconnected. Total: 2
21:31:01 | INFO     | suraksha | [WS] Client disconnected. Total: 1
21:31:03 | INFO     | suraksha.event_manager | [EventManager] Visual event logged: [CRITICAL] FIGHTING_STRIKES on V_20 — Repeated aggressive arm strikes counted.
21:31:06 | WARNING  | suraksha.frame_processor | [Capture] Frame loss / black frame detected (1/10)
21:31:11 | WARNING  | suraksha.frame_processor | [Capture] Frame loss / black frame detected (1/10)
INFO:     connection closed
21:31:12 | INFO     | suraksha | [WS] Client disconnected. Total: 0
21:31:13 | WARNING  | suraksha.frame_processor | [Capture] Frame loss / black frame detected (1/10)
21:31:13 | WARNING  | suraksha.frame_processor | [Capture] Frame loss / black frame detected (1/10)
21:31:13 | WARNING  | suraksha.frame_processor | [Capture] Frame loss / black frame detected (1/10)
21:31:14 | INFO     | suraksha.event_manager | [EventManager] Visual event logged: [CRITICAL] FIGHTING_STRIKES on V_20 — Repeated aggressive arm strikes counted.
21:31:14 | WARNING  | suraksha.frame_processor | [Capture] Frame loss / black frame detected (2/10)
21:31:14 | WARNING  | suraksha.frame_processor | [Capture] Frame loss / black frame detected (2/10)
21:31:14 | WARNING  | suraksha.frame_processor | [Capture] Frame loss / black frame detected (2/10)
INFO:     ('127.0.0.1', 52853) - "WebSocket /ws/detections" [accepted]
21:31:14 | INFO     | suraksha | [WS] Client connected. Total: 1
INFO:     connection open
21:31:14 | INFO     | suraksha.event_manager | [EventManager] Visual event logged: [HIGH] AGGRESSIVE_CHASE on V_20 — Converging bounding velocities indicating a chase.
21:31:14 | INFO     | suraksha.event_manager | [EventManager] Visual event logged: [HIGH] AGGRESSIVE_CHASE on V_20 — Converging bounding velocities indicating a chase.
21:31:15 | INFO     | suraksha.event_manager | [EventManager] Visual event logged: [HIGH] AGGRESSIVE_CHASE on V_20 — Converging bounding velocities indicating a chase.
21:31:15 | WARNING  | suraksha.frame_processor | [Capture] Frame loss / black frame detected (3/10)
21:31:15 | WARNING  | suraksha.frame_processor | [Capture] Frame loss / black frame detected (3/10)
21:31:15 | WARNING  | suraksha.frame_processor | [Capture] Frame loss / black frame detected (3/10)
21:31:16 | INFO     | suraksha.event_manager | [EventManager] Visual event logged: [HIGH] AGGRESSIVE_CHASE on V_20 — Converging bounding velocities indicating a chase.
21:31:16 | WARNING  | suraksha.frame_processor | [Capture] Frame loss / black frame detected (4/10)
21:31:16 | WARNING  | suraksha.frame_processor | [Capture] Frame loss / black frame detected (4/10)
21:31:16 | WARNING  | suraksha.frame_processor | [Capture] Frame loss / black frame detected (4/10)
21:31:16 | INFO     | suraksha.event_manager | [EventManager] Visual event logged: [HIGH] IMPACT_COLLAPSE on V_20 — Person fall detected after sudden motion spike.
21:31:17 | INFO     | suraksha.event_manager | [EventManager] Visual event logged: [HIGH] IMPACT_COLLAPSE on V_20 — Person fall detected after sudden motion spike.
21:31:17 | INFO     | suraksha.event_manager | [EventManager] Visual event logged: [HIGH] AGGRESSIVE_CHASE on V_20 — Converging bounding velocities indicating a chase.
21:31:17 | WARNING  | suraksha.frame_processor | [Capture] Frame loss / black frame detected (5/10)
21:31:17 | WARNING  | suraksha.frame_processor | [Capture] Frame loss / black frame detected (5/10)
21:31:17 | WARNING  | suraksha.frame_processor | [Capture] Frame loss / black frame detected (5/10)
21:31:17 | WARNING  | suraksha.frame_processor | [Capture] Frame loss / black frame detected (1/10)
21:31:18 | WARNING  | suraksha.frame_processor | [Capture] Frame loss / black frame detected (6/10)
21:31:18 | WARNING  | suraksha.frame_processor | [Capture] Frame loss / black frame detected (6/10)
21:31:18 | WARNING  | suraksha.frame_processor | [Capture] Frame loss / black frame detected (6/10)
21:31:19 | INFO     | suraksha.event_manager | [EventManager] Visual event logged: [HIGH] AGGRESSIVE_CHASE on V_20 — Converging bounding velocities indicating a chase.
21:31:19 | WARNING  | suraksha.frame_processor | [Capture] Frame loss / black frame detected (7/10)
21:31:19 | WARNING  | suraksha.frame_processor | [Capture] Frame loss / black frame detected (7/10)
21:31:19 | WARNING  | suraksha.frame_processor | [Capture] Frame loss / black frame detected (7/10)
21:31:20 | WARNING  | suraksha.frame_processor | [Capture] Frame loss / black frame detected (8/10)
21:31:20 | WARNING  | suraksha.frame_processor | [Capture] Frame loss / black frame detected (8/10)
21:31:20 | WARNING  | suraksha.frame_processor | [Capture] Frame loss / black frame detected (8/10)
21:31:21 | WARNING  | suraksha.frame_processor | [Capture] Frame loss / black frame detected (9/10)
21:31:21 | WARNING  | suraksha.frame_processor | [Capture] Frame loss / black frame detected (9/10)
21:31:21 | WARNING  | suraksha.frame_processor | [Capture] Frame loss / black frame detected (9/10)
21:31:21 | WARNING  | suraksha.frame_processor | [Capture] Frame loss / black frame detected (10/10)
21:31:21 | WARNING  | suraksha.frame_processor | [Capture] Frame loss / black frame detected (10/10)
21:31:21 | WARNING  | suraksha.frame_processor | [Capture] Frame loss / black frame detected (10/10)
21:31:21 | WARNING  | suraksha.frame_processor | [Capture] Stream offline or high frame losses (10/10). Releasing and reconnecting camera index 0...
21:31:21 | WARNING  | suraksha.frame_processor | [Capture] Stream offline or high frame losses (10/10). Releasing and reconnecting camera index 0...
21:31:21 | WARNING  | suraksha.frame_processor | [Capture] Stream offline or high frame losses (10/10). Releasing and reconnecting camera index 0...
21:31:23 | WARNING  | suraksha.frame_processor | [Capture] Frame loss / black frame detected (1/10)
21:31:23 | INFO     | suraksha.frame_processor | [Capture] Stream reconnected successfully!
21:31:23 | INFO     | suraksha.frame_processor | [Capture] Stream reconnected successfully!
21:31:23 | INFO     | suraksha.frame_processor | [Capture] Stream reconnected successfully!
21:31:23 | WARNING  | suraksha.frame_processor | [Capture] Frame loss / black frame detected (1/10)
21:31:23 | WARNING  | suraksha.frame_processor | [Capture] Frame loss / black frame detected (1/10)
21:31:23 | WARNING  | suraksha.frame_processor | [Capture] Frame loss / black frame detected (1/10)
21:31:24 | INFO     | suraksha.event_manager | [EventManager] Visual event logged: [HIGH] IMPACT_COLLAPSE on f — Person fall detected after sudden motion spike.
21:31:24 | INFO     | suraksha.event_manager | [EventManager] Visual event logged: [HIGH] IMPACT_COLLAPSE on V_20 — Person fall detected after sudden motion spike.
INFO:     ('127.0.0.1', 52857) - "WebSocket /ws/detections" [accepted]
21:31:25 | INFO     | suraksha | [WS] Client connected. Total: 2
INFO:     connection open
INFO:     connection closed
21:31:25 | INFO     | suraksha | [WS] Client disconnected. Total: 1
INFO:     ('127.0.0.1', 52865) - "WebSocket /ws/detections" [accepted]
21:31:25 | INFO     | suraksha | [WS] Client connected. Total: 2
INFO:     connection open
INFO:     ('127.0.0.1', 52867) - "WebSocket /ws/detections" [accepted]
21:31:25 | INFO     | suraksha | [WS] Client connected. Total: 3
INFO:     connection open
21:31:28 | WARNING  | suraksha.frame_processor | [Capture] Frame loss / black frame detected (1/10)
INFO:     connection closed
21:31:29 | INFO     | suraksha | [WS] Client disconnected. Total: 2
INFO:     connection closed
21:31:29 | INFO     | suraksha | [WS] Client disconnected. Total: 1
21:31:30 | INFO     | suraksha.event_manager | [EventManager] Visual event logged: [HIGH] IMPACT_COLLAPSE on V_20 — Person fall detected after sudden motion spike.
E0000 00:00:1779379291.016508  174508 portable_clearcut_uploader.cc:90] Failed to send to clearcut: FAILED_PRECONDITION: Not valid for uploading until: 2026-05-21T21:39:30.988578+05:30
=== Source Location Trace: ===
wireless/android/play/playlog/cplusplus/portable_clearcut_uploader.cc:180
21:31:34 | WARNING  | suraksha.frame_processor | [Capture] Frame loss / black frame detected (1/10)
21:31:34 | WARNING  | suraksha.frame_processor | [Capture] Frame loss / black frame detected (1/10)
21:31:34 | WARNING  | suraksha.frame_processor | [Capture] Frame loss / black frame detected (1/10)
21:31:34 | WARNING  | suraksha.frame_processor | [Capture] Frame loss / black frame detected (1/10)
21:31:34 | INFO     | suraksha.event_manager | [EventManager] Visual event logged: [HIGH] AGGRESSIVE_CHASE on V_20 — Converging bounding velocities indicating a chase.
21:31:35 | WARNING  | suraksha.frame_processor | [Capture] Frame loss / black frame detected (2/10)
21:31:35 | WARNING  | suraksha.frame_processor | [Capture] Frame loss / black frame detected (2/10)
21:31:35 | WARNING  | suraksha.frame_processor | [Capture] Frame loss / black frame detected (2/10)
21:31:36 | WARNING  | suraksha.frame_processor | [Capture] Frame loss / black frame detected (3/10)
21:31:36 | WARNING  | suraksha.frame_processor | [Capture] Frame loss / black frame detected (3/10)
21:31:36 | WARNING  | suraksha.frame_processor | [Capture] Frame loss / black frame detected (3/10)
21:31:36 | INFO     | suraksha.event_manager | [EventManager] Visual event logged: [CRITICAL] FIGHTING_STRIKES on V_20 — Repeated aggressive arm strikes counted.
21:31:36 | INFO     | suraksha.event_manager | [EventManager] Visual event logged: [HIGH] AGGRESSIVE_CHASE on V_20 — Converging bounding velocities indicating a chase.
21:31:37 | INFO     | suraksha.event_manager | [EventManager] Visual event logged: [HIGH] AGGRESSIVE_CHASE on V_20 — Converging bounding velocities indicating a chase.
21:31:37 | WARNING  | suraksha.frame_processor | [Capture] Frame loss / black frame detected (4/10)
21:31:37 | WARNING  | suraksha.frame_processor | [Capture] Frame loss / black frame detected (4/10)
21:31:37 | WARNING  | suraksha.frame_processor | [Capture] Frame loss / black frame detected (4/10)
21:31:37 | INFO     | suraksha.event_manager | [EventManager] Visual event logged: [HIGH] AGGRESSIVE_CHASE on V_20 — Converging bounding velocities indicating a chase.
21:31:38 | WARNING  | suraksha.frame_processor | [Capture] Frame loss / black frame detected (5/10)
21:31:38 | WARNING  | suraksha.frame_processor | [Capture] Frame loss / black frame detected (5/10)
21:31:38 | WARNING  | suraksha.frame_processor | [Capture] Frame loss / black frame detected (5/10)
21:31:38 | INFO     | suraksha.event_manager | [EventManager] Visual event logged: [HIGH] AGGRESSIVE_CHASE on V_20 — Converging bounding velocities indicating a chase.
21:31:38 | INFO     | suraksha.event_manager | [EventManager] Visual event logged: [HIGH] IMPACT_COLLAPSE on V_20 — Person fall detected after sudden motion spike.
21:31:39 | INFO     | suraksha.event_manager | [EventManager] Visual event logged: [HIGH] IMPACT_COLLAPSE on V_20 — Person fall detected after sudden motion spike.
21:31:39 | INFO     | suraksha.event_manager | [EventManager] Visual event logged: [HIGH] AGGRESSIVE_CHASE on V_20 — Converging bounding velocities indicating a chase.
21:31:39 | WARNING  | suraksha.frame_processor | [Capture] Frame loss / black frame detected (6/10)
21:31:39 | WARNING  | suraksha.frame_processor | [Capture] Frame loss / black frame detected (6/10)
21:31:39 | WARNING  | suraksha.frame_processor | [Capture] Frame loss / black frame detected (6/10)
21:31:39 | WARNING  | suraksha.frame_processor | [Capture] Frame loss / black frame detected (1/10)
21:31:40 | WARNING  | suraksha.frame_processor | [Capture] Frame loss / black frame detected (7/10)
21:31:40 | WARNING  | suraksha.frame_processor | [Capture] Frame loss / black frame detected (7/10)
21:31:40 | WARNING  | suraksha.frame_processor | [Capture] Frame loss / black frame detected (7/10)
21:31:41 | WARNING  | suraksha.frame_processor | [Capture] Frame loss / black frame detected (8/10)
21:31:41 | WARNING  | suraksha.frame_processor | [Capture] Frame loss / black frame detected (8/10)
21:31:41 | WARNING  | suraksha.frame_processor | [Capture] Frame loss / black frame detected (8/10)
21:31:42 | INFO     | suraksha.event_manager | [EventManager] Visual event logged: [HIGH] AGGRESSIVE_CHASE on V_20 — Converging bounding velocities indicating a chase.
21:31:42 | WARNING  | suraksha.frame_processor | [Capture] Frame loss / black frame detected (9/10)
21:31:42 | WARNING  | suraksha.frame_processor | [Capture] Frame loss / black frame detected (9/10)
21:31:42 | WARNING  | suraksha.frame_processor | [Capture] Frame loss / black frame detected (9/10)
21:31:43 | WARNING  | suraksha.frame_processor | [Capture] Frame loss / black frame detected (10/10)
21:31:43 | WARNING  | suraksha.frame_processor | [Capture] Frame loss / black frame detected (10/10)
21:31:43 | WARNING  | suraksha.frame_processor | [Capture] Frame loss / black frame detected (10/10)
21:31:43 | WARNING  | suraksha.frame_processor | [Capture] Stream offline or high frame losses (10/10). Releasing and reconnecting camera index 0...
21:31:43 | WARNING  | suraksha.frame_processor | [Capture] Stream offline or high frame losses (10/10). Releasing and reconnecting camera index 0...
21:31:43 | WARNING  | suraksha.frame_processor | [Capture] Stream offline or high frame losses (10/10). Releasing and reconnecting camera index 0...
21:31:44 | INFO     | suraksha.event_manager | [EventManager] Visual event logged: [HIGH] IMPACT_COLLAPSE on V_20 — Person fall detected after sudden motion spike.
21:31:44 | INFO     | suraksha.event_manager | [EventManager] Visual event logged: [HIGH] AGGRESSIVE_CHASE on V_20 — Converging bounding velocities indicating a chase.
21:31:44 | INFO     | suraksha.event_manager | [EventManager] Visual event logged: [HIGH] IMPACT_COLLAPSE on V_20 — Person fall detected after sudden motion spike.
21:31:45 | WARNING  | suraksha.frame_processor | [Capture] Frame loss / black frame detected (1/10)
21:31:45 | INFO     | suraksha.event_manager | [EventManager] Visual event logged: [HIGH] AGGRESSIVE_CHASE on V_20 — Converging bounding velocities indicating a chase.
21:31:47 | INFO     | suraksha.frame_processor | [Capture] Stream reconnected successfully!
21:31:47 | INFO     | suraksha.frame_processor | [Capture] Stream reconnected successfully!
21:31:47 | INFO     | suraksha.frame_processor | [Capture] Stream reconnected successfully!
21:31:47 | INFO     | suraksha.event_manager | [EventManager] Visual event logged: [CRITICAL] FIGHTING_STRIKES on V_20 — Repeated aggressive arm strikes counted.
INFO:     connection closed
21:31:47 | INFO     | suraksha | [WS] Client disconnected. Total: 0
21:31:47 | INFO     | suraksha.event_manager | [EventManager] Visual event logged: [HIGH] AGGRESSIVE_CHASE on V_20 — Converging bounding velocities indicating a chase.
21:31:48 | WARNING  | suraksha.frame_processor | [Capture] Frame loss / black frame detected (1/10)
21:31:48 | WARNING  | suraksha.frame_processor | [Capture] Frame loss / black frame detected (1/10)
21:31:48 | INFO     | suraksha.event_manager | [EventManager] Visual event logged: [HIGH] AGGRESSIVE_CHASE on V_20 — Converging bounding velocities indicating a chase.
21:31:48 | WARNING  | suraksha.frame_processor | [Capture] Frame loss / black frame detected (1/10)
21:31:49 | WARNING  | suraksha.frame_processor | [Capture] Frame loss / black frame detected (2/10)
21:31:49 | WARNING  | suraksha.frame_processor | [Capture] Frame loss / black frame detected (2/10)
21:31:49 | WARNING  | suraksha.frame_processor | [Capture] Frame loss / black frame detected (2/10)
21:31:49 | INFO     | suraksha.event_manager | [EventManager] Visual event logged: [HIGH] AGGRESSIVE_CHASE on V_20 — Converging bounding velocities indicating a chase.
21:31:49 | INFO     | suraksha.event_manager | [EventManager] Visual event logged: [HIGH] IMPACT_COLLAPSE on V_20 — Person fall detected after sudden motion spike.
21:31:50 | INFO     | suraksha.event_manager | [EventManager] Visual event logged: [HIGH] IMPACT_COLLAPSE on V_20 — Person fall detected after sudden motion spike.
21:31:50 | INFO     | suraksha.event_manager | [EventManager] Visual event logged: [HIGH] AGGRESSIVE_CHASE on V_20 — Converging bounding velocities indicating a chase.
INFO:     ('127.0.0.1', 52883) - "WebSocket /ws/detections" [accepted]
21:31:50 | INFO     | suraksha | [WS] Client connected. Total: 1
INFO:     connection open
21:31:50 | WARNING  | suraksha.frame_processor | [Capture] Frame loss / black frame detected (3/10)
21:31:50 | WARNING  | suraksha.frame_processor | [Capture] Frame loss / black frame detected (3/10)
21:31:50 | WARNING  | suraksha.frame_processor | [Capture] Frame loss / black frame detected (3/10)
21:31:50 | WARNING  | suraksha.frame_processor | [Capture] Frame loss / black frame detected (1/10)
21:31:51 | WARNING  | suraksha.frame_processor | [Capture] Frame loss / black frame detected (4/10)
21:31:51 | WARNING  | suraksha.frame_processor | [Capture] Frame loss / black frame detected (4/10)
21:31:51 | WARNING  | suraksha.frame_processor | [Capture] Frame loss / black frame detected (4/10)
21:31:52 | WARNING  | suraksha.frame_processor | [Capture] Frame loss / black frame detected (5/10)
21:31:52 | WARNING  | suraksha.frame_processor | [Capture] Frame loss / black frame detected (5/10)
21:31:52 | WARNING  | suraksha.frame_processor | [Capture] Frame loss / black frame detected (5/10)
21:31:53 | INFO     | suraksha.event_manager | [EventManager] Visual event logged: [HIGH] AGGRESSIVE_CHASE on V_20 — Converging bounding velocities indicating a chase.
21:31:53 | WARNING  | suraksha.frame_processor | [Capture] Frame loss / black frame detected (6/10)
21:31:53 | WARNING  | suraksha.frame_processor | [Capture] Frame loss / black frame detected (6/10)
21:31:53 | WARNING  | suraksha.frame_processor | [Capture] Frame loss / black frame detected (6/10)
21:31:54 | WARNING  | suraksha.frame_processor | [Capture] Frame loss / black frame detected (7/10)
21:31:54 | WARNING  | suraksha.frame_processor | [Capture] Frame loss / black frame detected (7/10)
21:31:54 | WARNING  | suraksha.frame_processor | [Capture] Frame loss / black frame detected (7/10)
21:31:55 | WARNING  | suraksha.frame_processor | [Capture] Frame loss / black frame detected (8/10)
21:31:55 | WARNING  | suraksha.frame_processor | [Capture] Frame loss / black frame detected (8/10)
21:31:55 | WARNING  | suraksha.frame_processor | [Capture] Frame loss / black frame detected (8/10)
21:31:56 | WARNING  | suraksha.frame_processor | [Capture] Frame loss / black frame detected (1/10)
21:31:56 | WARNING  | suraksha.frame_processor | [Capture] Frame loss / black frame detected (9/10)
21:31:56 | WARNING  | suraksha.frame_processor | [Capture] Frame loss / black frame detected (9/10)
21:31:57 | WARNING  | suraksha.frame_processor | [Capture] Frame loss / black frame detected (9/10)
21:31:57 | WARNING  | suraksha.frame_processor | [Capture] Frame loss / black frame detected (10/10)
21:31:57 | WARNING  | suraksha.frame_processor | [Capture] Frame loss / black frame detected (10/10)
21:31:58 | WARNING  | suraksha.frame_processor | [Capture] Stream offline or high frame losses (10/10). Releasing and reconnecting camera index 0...
21:31:58 | WARNING  | suraksha.frame_processor | [Capture] Stream offline or high frame losses (10/10). Releasing and reconnecting camera index 0...
21:31:58 | WARNING  | suraksha.frame_processor | [Capture] Frame loss / black frame detected (10/10)
21:31:58 | WARNING  | suraksha.frame_processor | [Capture] Stream offline or high frame losses (10/10). Releasing and reconnecting camera index 0...
21:31:59 | INFO     | suraksha.event_manager | [EventManager] Visual event logged: [HIGH] AGGRESSIVE_CHASE on V_20 — Converging bounding velocities indicating a chase.
21:32:00 | INFO     | suraksha.event_manager | [EventManager] Visual event logged: [HIGH] AGGRESSIVE_CHASE on V_20 — Converging bounding velocities indicating a chase.
21:32:01 | INFO     | suraksha.frame_processor | [Capture] Stream reconnected successfully!
21:32:01 | INFO     | suraksha.frame_processor | [Capture] Stream reconnected successfully!
21:32:01 | INFO     | suraksha.frame_processor | [Capture] Stream reconnected successfully!
21:32:02 | WARNING  | suraksha.frame_processor | [Capture] Frame loss / black frame detected (1/10)
21:32:02 | WARNING  | suraksha.frame_processor | [Capture] Frame loss / black frame detected (1/10)
21:32:02 | WARNING  | suraksha.frame_processor | [Capture] Frame loss / black frame detected (1/10)
21:32:02 | WARNING  | suraksha.frame_processor | [Capture] Frame loss / black frame detected (1/10)
21:32:03 | WARNING  | suraksha.frame_processor | [Capture] Frame loss / black frame detected (2/10)
21:32:03 | WARNING  | suraksha.frame_processor | [Capture] Frame loss / black frame detected (2/10)
21:32:03 | WARNING  | suraksha.frame_processor | [Capture] Frame loss / black frame detected (2/10)
21:32:04 | WARNING  | suraksha.frame_processor | [Capture] Frame loss / black frame detected (3/10)
21:32:04 | WARNING  | suraksha.frame_processor | [Capture] Frame loss / black frame detected (3/10)
21:32:04 | WARNING  | suraksha.frame_processor | [Capture] Frame loss / black frame detected (3/10)
21:32:05 | INFO     | suraksha.event_manager | [EventManager] Visual event logged: [HIGH] AGGRESSIVE_CHASE on V_20 — Converging bounding velocities indicating a chase.
21:32:05 | WARNING  | suraksha.frame_processor | [Capture] Frame loss / black frame detected (4/10)
21:32:05 | WARNING  | suraksha.frame_processor | [Capture] Frame loss / black frame detected (4/10)
21:32:05 | WARNING  | suraksha.frame_processor | [Capture] Frame loss / black frame detected (4/10)
21:32:06 | WARNING  | suraksha.frame_processor | [Capture] Frame loss / black frame detected (5/10)
21:32:06 | WARNING  | suraksha.frame_processor | [Capture] Frame loss / black frame detected (5/10)
21:32:06 | WARNING  | suraksha.frame_processor | [Capture] Frame loss / black frame detected (5/10)
21:32:07 | WARNING  | suraksha.frame_processor | [Capture] Frame loss / black frame detected (6/10)
21:32:07 | WARNING  | suraksha.frame_processor | [Capture] Frame loss / black frame detected (6/10)
21:32:08 | WARNING  | suraksha.frame_processor | [Capture] Frame loss / black frame detected (6/10)
21:32:08 | WARNING  | suraksha.frame_processor | [Capture] Frame loss / black frame detected (1/10)
21:32:09 | WARNING  | suraksha.frame_processor | [Capture] Frame loss / black frame detected (7/10)
21:32:09 | WARNING  | suraksha.frame_processor | [Capture] Frame loss / black frame detected (7/10)
21:32:09 | WARNING  | suraksha.frame_processor | [Capture] Frame loss / black frame detected (7/10)
21:32:09 | INFO     | suraksha.event_manager | [EventManager] Visual event logged: [HIGH] AGGRESSIVE_CHASE on V_20 — Converging bounding velocities indicating a chase.
21:32:10 | WARNING  | suraksha.frame_processor | [Capture] Frame loss / black frame detected (8/10)
21:32:10 | WARNING  | suraksha.frame_processor | [Capture] Frame loss / black frame detected (8/10)
21:32:10 | WARNING  | suraksha.frame_processor | [Capture] Frame loss / black frame detected (8/10)
21:32:11 | WARNING  | suraksha.frame_processor | [Capture] Frame loss / black frame detected (9/10)
21:32:11 | WARNING  | suraksha.frame_processor | [Capture] Frame loss / black frame detected (9/10)
21:32:11 | WARNING  | suraksha.frame_processor | [Capture] Frame loss / black frame detected (9/10)
21:32:11 | INFO     | suraksha.event_manager | [EventManager] Visual event logged: [HIGH] AGGRESSIVE_CHASE on V_20 — Converging bounding velocities indicating a chase.
21:32:12 | INFO     | suraksha.event_manager | [EventManager] Visual event logged: [HIGH] AGGRESSIVE_CHASE on V_20 — Converging bounding velocities indicating a chase.
21:32:12 | WARNING  | suraksha.frame_processor | [Capture] Frame loss / black frame detected (10/10)
21:32:12 | WARNING  | suraksha.frame_processor | [Capture] Frame loss / black frame detected (10/10)
21:32:12 | WARNING  | suraksha.frame_processor | [Capture] Stream offline or high frame losses (10/10). Releasing and reconnecting camera index 0...
21:32:12 | WARNING  | suraksha.frame_processor | [Capture] Stream offline or high frame losses (10/10). Releasing and reconnecting camera index 0...
21:32:12 | WARNING  | suraksha.frame_processor | [Capture] Frame loss / black frame detected (10/10)
21:32:12 | WARNING  | suraksha.frame_processor | [Capture] Stream offline or high frame losses (10/10). Releasing and reconnecting camera index 0...
21:32:14 | WARNING  | suraksha.frame_processor | [Capture] Frame loss / black frame detected (1/10)
21:32:15 | INFO     | suraksha.frame_processor | [Capture] Stream reconnected successfully!
21:32:15 | INFO     | suraksha.frame_processor | [Capture] Stream reconnected successfully!
21:32:15 | INFO     | suraksha.frame_processor | [Capture] Stream reconnected successfully!
21:32:16 | WARNING  | suraksha.frame_processor | [Capture] Frame loss / black frame detected (1/10)
21:32:16 | WARNING  | suraksha.frame_processor | [Capture] Frame loss / black frame detected (1/10)
21:32:16 | WARNING  | suraksha.frame_processor | [Capture] Frame loss / black frame detected (1/10)
21:32:17 | WARNING  | suraksha.frame_processor | [Capture] Frame loss / black frame detected (2/10)
21:32:17 | WARNING  | suraksha.frame_processor | [Capture] Frame loss / black frame detected (2/10)
21:32:18 | WARNING  | suraksha.frame_processor | [Capture] Frame loss / black frame detected (2/10)
21:32:19 | WARNING  | suraksha.frame_processor | [Capture] Frame loss / black frame detected (3/10)
21:32:19 | WARNING  | suraksha.frame_processor | [Capture] Frame loss / black frame detected (3/10)
21:32:19 | WARNING  | suraksha.frame_processor | [Capture] Frame loss / black frame detected (3/10)
21:32:19 | INFO     | suraksha.event_manager | [EventManager] Visual event logged: [HIGH] IMPACT_COLLAPSE on V_20 — Person fall detected after sudden motion spike.
21:32:19 | INFO     | suraksha.event_manager | [EventManager] Visual event logged: [HIGH] AGGRESSIVE_CHASE on V_20 — Converging bounding velocities indicating a chase.
21:44:08 | WARNING  | suraksha.frame_processor | [Capture] Frame loss / black frame detected (4/10)
21:44:08 | WARNING  | suraksha.frame_processor | [Capture] Frame loss / black frame detected (4/10)
21:44:08 | WARNING  | suraksha.frame_processor | [Capture] Frame loss / black frame detected (4/10)
21:44:09 | WARNING  | suraksha.frame_processor | [Capture] Frame loss / black frame detected (1/10)
21:44:09 | INFO     | suraksha.event_manager | [EventManager] Visual event logged: [HIGH] AGGRESSIVE_CHASE on V_20 — Converging bounding velocities indicating a chase.
21:44:09 | WARNING  | suraksha.frame_processor | [Capture] Frame loss / black frame detected (5/10)
21:44:09 | WARNING  | suraksha.frame_processor | [Capture] Frame loss / black frame detected (5/10)
21:44:09 | WARNING  | suraksha.frame_processor | [Capture] Frame loss / black frame detected (5/10)
21:44:09 | WARNING  | suraksha.frame_processor | [Capture] Frame loss / black frame detected (6/10)
21:44:09 | WARNING  | suraksha.frame_processor | [Capture] Frame loss / black frame detected (6/10)
21:44:09 | WARNING  | suraksha.frame_processor | [Capture] Frame loss / black frame detected (6/10)
21:44:09 | WARNING  | suraksha.frame_processor | [Capture] Frame loss / black frame detected (7/10)
21:44:09 | WARNING  | suraksha.frame_processor | [Capture] Frame loss / black frame detected (7/10)
21:44:09 | WARNING  | suraksha.frame_processor | [Capture] Frame loss / black frame detected (7/10)
21:44:10 | INFO     | suraksha.event_manager | [EventManager] Visual event logged: [HIGH] AGGRESSIVE_CHASE on V_20 — Converging bounding velocities indicating a chase.
21:44:12 | INFO     | suraksha.event_manager | [EventManager] Visual event logged: [HIGH] IMPACT_COLLAPSE on V_20 — Person fall detected after sudden motion spike.
21:44:12 | INFO     | suraksha.event_manager | [EventManager] Visual event logged: [HIGH] IMPACT_COLLAPSE on V_20 — Person fall detected after sudden motion spike.
21:44:14 | WARNING  | suraksha.frame_processor | [Capture] Frame loss / black frame detected (1/10)
21:44:15 | INFO     | suraksha.event_manager | [EventManager] Visual event logged: [HIGH] AGGRESSIVE_CHASE on V_20 — Converging bounding velocities indicating a chase.
21:44:17 | INFO     | suraksha.event_manager | [EventManager] Visual event logged: [HIGH] IMPACT_COLLAPSE on V_20 — Person fall detected after sudden motion spike.
21:44:17 | INFO     | suraksha.event_manager | [EventManager] Visual event logged: [HIGH] IMPACT_COLLAPSE on Webcam Unit — Person fall detected after sudden motion spike.
E0000 00:00:1779380059.617887  174508 portable_clearcut_uploader.cc:90] Failed to send to clearcut: INTERNAL: ResponseInfo[id: 5, type: 0, code: 2, description: "", headers: ]
=== Source Location Trace: ===
wireless/android/play/playlog/cplusplus/ion_http_client.cc:44
21:44:19 | WARNING  | suraksha.frame_processor | [Capture] Frame loss / black frame detected (1/10)
21:44:22 | INFO     | suraksha.event_manager | [EventManager] Visual event logged: [HIGH] IMPACT_COLLAPSE on V_20 — Person fall detected after sudden motion spike.
21:44:22 | INFO     | suraksha.event_manager | [EventManager] Visual event logged: [HIGH] IMPACT_COLLAPSE on Webcam Unit — Person fall detected after sudden motion spike.
21:44:23 | INFO     | suraksha.event_manager | [EventManager] Visual event logged: [HIGH] IMPACT_COLLAPSE on V_20 — Person fall detected after sudden motion spike.
21:44:25 | WARNING  | suraksha.frame_processor | [Capture] Frame loss / black frame detected (1/10)
21:44:28 | INFO     | suraksha.event_manager | [EventManager] Visual event logged: [HIGH] IMPACT_COLLAPSE on ldjv — Person fall detected after sudden motion spike.
21:44:28 | INFO     | suraksha.event_manager | [EventManager] Visual event logged: [HIGH] IMPACT_COLLAPSE on V_20 — Person fall detected after sudden motion spike.
21:44:30 | WARNING  | suraksha.frame_processor | [Capture] Frame loss / black frame detected (1/10)
21:44:36 | WARNING  | suraksha.frame_processor | [Capture] Frame loss / black frame detected (1/10)
21:44:37 | INFO     | suraksha.event_manager | [EventManager] Visual event logged: [HIGH] IMPACT_COLLAPSE on V_20 — Person fall detected after sudden motion spike.
21:44:39 | INFO     | suraksha.event_manager | [EventManager] Visual event logged: [HIGH] IMPACT_COLLAPSE on V_20 — Person fall detected after sudden motion spike.
21:44:41 | WARNING  | suraksha.frame_processor | [Capture] Frame loss / black frame detected (1/10)
INFO:     connection closed
21:44:42 | INFO     | suraksha | [WS] Client disconnected. Total: 0
21:44:43 | WARNING  | suraksha.frame_processor | [Capture] Frame loss / black frame detected (1/10)
21:44:43 | WARNING  | suraksha.frame_processor | [Capture] Frame loss / black frame detected (1/10)
21:44:43 | WARNING  | suraksha.frame_processor | [Capture] Frame loss / black frame detected (1/10)
21:44:44 | INFO     | suraksha.event_manager | [EventManager] Visual event logged: [CRITICAL] FIGHTING_STRIKES on V_20 — Repeated aggressive arm strikes counted.
21:44:44 | INFO     | suraksha.event_manager | [EventManager] Visual event logged: [HIGH] AGGRESSIVE_CHASE on V_20 — Converging bounding velocities indicating a chase.
21:44:44 | INFO     | suraksha.event_manager | [EventManager] Visual event logged: [HIGH] AGGRESSIVE_CHASE on V_20 — Converging bounding velocities indicating a chase.
21:44:44 | WARNING  | suraksha.frame_processor | [Capture] Frame loss / black frame detected (2/10)
21:44:44 | WARNING  | suraksha.frame_processor | [Capture] Frame loss / black frame detected (2/10)
21:44:44 | WARNING  | suraksha.frame_processor | [Capture] Frame loss / black frame detected (2/10)
INFO:     ('127.0.0.1', 52904) - "WebSocket /ws/detections" [accepted]
21:44:45 | INFO     | suraksha | [WS] Client connected. Total: 1
INFO:     connection open
21:44:45 | INFO     | suraksha.event_manager | [EventManager] Visual event logged: [HIGH] AGGRESSIVE_CHASE on V_20 — Converging bounding velocities indicating a chase.
21:44:45 | WARNING  | suraksha.frame_processor | [Capture] Frame loss / black frame detected (3/10)
21:44:45 | WARNING  | suraksha.frame_processor | [Capture] Frame loss / black frame detected (3/10)
21:44:46 | WARNING  | suraksha.frame_processor | [Capture] Frame loss / black frame detected (3/10)
21:44:46 | INFO     | suraksha.event_manager | [EventManager] Visual event logged: [HIGH] AGGRESSIVE_CHASE on V_20 — Converging bounding velocities indicating a chase.
21:44:46 | INFO     | suraksha.event_manager | [EventManager] Visual event logged: [HIGH] IMPACT_COLLAPSE on V_20 — Person fall detected after sudden motion spike.
21:44:46 | INFO     | suraksha.event_manager | [EventManager] Visual event logged: [HIGH] IMPACT_COLLAPSE on V_20 — Person fall detected after sudden motion spike.
21:44:46 | INFO     | suraksha.event_manager | [EventManager] Visual event logged: [HIGH] AGGRESSIVE_CHASE on V_20 — Converging bounding velocities indicating a chase.
21:44:47 | WARNING  | suraksha.frame_processor | [Capture] Frame loss / black frame detected (4/10)
21:44:47 | WARNING  | suraksha.frame_processor | [Capture] Frame loss / black frame detected (4/10)
21:44:47 | WARNING  | suraksha.frame_processor | [Capture] Frame loss / black frame detected (4/10)
21:44:47 | WARNING  | suraksha.frame_processor | [Capture] Frame loss / black frame detected (1/10)
21:44:48 | WARNING  | suraksha.frame_processor | [Capture] Frame loss / black frame detected (5/10)
21:44:48 | WARNING  | suraksha.frame_processor | [Capture] Frame loss / black frame detected (5/10)
21:44:48 | WARNING  | suraksha.frame_processor | [Capture] Frame loss / black frame detected (5/10)
21:44:49 | WARNING  | suraksha.frame_processor | [Capture] Frame loss / black frame detected (6/10)
21:44:49 | WARNING  | suraksha.frame_processor | [Capture] Frame loss / black frame detected (6/10)
21:44:49 | WARNING  | suraksha.frame_processor | [Capture] Frame loss / black frame detected (6/10)
21:44:50 | WARNING  | suraksha.frame_processor | [Capture] Frame loss / black frame detected (7/10)
21:44:50 | WARNING  | suraksha.frame_processor | [Capture] Frame loss / black frame detected (7/10)
21:44:50 | WARNING  | suraksha.frame_processor | [Capture] Frame loss / black frame detected (7/10)
21:44:50 | INFO     | suraksha.event_manager | [EventManager] Visual event logged: [HIGH] AGGRESSIVE_CHASE on V_20 — Converging bounding velocities indicating a chase.
21:44:50 | INFO     | suraksha.event_manager | [EventManager] Visual event logged: [CRITICAL] FIGHTING_STRIKES on V_20 — Repeated aggressive arm strikes counted.
21:44:50 | INFO     | suraksha.event_manager | [EventManager] Visual event logged: [HIGH] AGGRESSIVE_CHASE on V_20 — Converging bounding velocities indicating a chase.
21:44:51 | WARNING  | suraksha.frame_processor | [Capture] Frame loss / black frame detected (8/10)
21:44:51 | WARNING  | suraksha.frame_processor | [Capture] Frame loss / black frame detected (8/10)
21:44:51 | WARNING  | suraksha.frame_processor | [Capture] Frame loss / black frame detected (8/10)
21:44:52 | WARNING  | suraksha.frame_processor | [Capture] Frame loss / black frame detected (9/10)
21:44:52 | WARNING  | suraksha.frame_processor | [Capture] Frame loss / black frame detected (9/10)
21:44:52 | WARNING  | suraksha.frame_processor | [Capture] Frame loss / black frame detected (9/10)
21:44:52 | INFO     | suraksha.event_manager | [EventManager] Visual event logged: [HIGH] IMPACT_COLLAPSE on V_20 — Person fall detected after sudden motion spike.
21:44:53 | WARNING  | suraksha.frame_processor | [Capture] Frame loss / black frame detected (10/10)
21:44:53 | WARNING  | suraksha.frame_processor | [Capture] Frame loss / black frame detected (10/10)
21:44:53 | WARNING  | suraksha.frame_processor | [Capture] Frame loss / black frame detected (10/10)
21:44:53 | WARNING  | suraksha.frame_processor | [Capture] Stream offline or high frame losses (10/10). Releasing and reconnecting camera index 0...
21:44:53 | WARNING  | suraksha.frame_processor | [Capture] Stream offline or high frame losses (10/10). Releasing and reconnecting camera index 0...
21:44:53 | WARNING  | suraksha.frame_processor | [Capture] Stream offline or high frame losses (10/10). Releasing and reconnecting camera index 0...
21:44:53 | WARNING  | suraksha.frame_processor | [Capture] Frame loss / black frame detected (1/10)
21:44:54 | INFO     | suraksha.event_manager | [EventManager] Visual event logged: [HIGH] AGGRESSIVE_CHASE on V_20 — Converging bounding velocities indicating a chase.
21:44:56 | INFO     | suraksha.event_manager | [EventManager] Visual event logged: [HIGH] AGGRESSIVE_CHASE on V_20 — Converging bounding velocities indicating a chase.
21:44:56 | INFO     | suraksha.event_manager | [EventManager] Visual event logged: [HIGH] AGGRESSIVE_CHASE on V_20 — Converging bounding velocities indicating a chase.
21:44:57 | INFO     | suraksha.frame_processor | [Capture] Stream reconnected successfully!
21:44:57 | INFO     | suraksha.frame_processor | [Capture] Stream reconnected successfully!
21:44:57 | INFO     | suraksha.frame_processor | [Capture] Stream reconnected successfully!
21:44:58 | WARNING  | suraksha.frame_processor | [Capture] Frame loss / black frame detected (1/10)
21:44:58 | WARNING  | suraksha.frame_processor | [Capture] Frame loss / black frame detected (1/10)
21:44:58 | WARNING  | suraksha.frame_processor | [Capture] Frame loss / black frame detected (1/10)
21:44:59 | WARNING  | suraksha.frame_processor | [Capture] Frame loss / black frame detected (2/10)
21:44:59 | WARNING  | suraksha.frame_processor | [Capture] Frame loss / black frame detected (2/10)
21:44:59 | WARNING  | suraksha.frame_processor | [Capture] Frame loss / black frame detected (2/10)
21:44:59 | WARNING  | suraksha.frame_processor | [Capture] Frame loss / black frame detected (1/10)
21:45:00 | WARNING  | suraksha.frame_processor | [Capture] Frame loss / black frame detected (3/10)
21:45:00 | WARNING  | suraksha.frame_processor | [Capture] Frame loss / black frame detected (3/10)
21:45:00 | WARNING  | suraksha.frame_processor | [Capture] Frame loss / black frame detected (3/10)
21:45:01 | WARNING  | suraksha.frame_processor | [Capture] Frame loss / black frame detected (4/10)
21:45:01 | WARNING  | suraksha.frame_processor | [Capture] Frame loss / black frame detected (4/10)
21:45:01 | WARNING  | suraksha.frame_processor | [Capture] Frame loss / black frame detected (4/10)
21:45:02 | WARNING  | suraksha.frame_processor | [Capture] Frame loss / black frame detected (5/10)
21:45:02 | WARNING  | suraksha.frame_processor | [Capture] Frame loss / black frame detected (5/10)
21:45:02 | WARNING  | suraksha.frame_processor | [Capture] Frame loss / black frame detected (5/10)
21:45:02 | INFO     | suraksha.event_manager | [EventManager] Visual event logged: [HIGH] AGGRESSIVE_CHASE on V_20 — Converging bounding velocities indicating a chase.
21:45:03 | WARNING  | suraksha.frame_processor | [Capture] Frame loss / black frame detected (6/10)
21:45:03 | WARNING  | suraksha.frame_processor | [Capture] Frame loss / black frame detected (6/10)
21:45:03 | WARNING  | suraksha.frame_processor | [Capture] Frame loss / black frame detected (6/10)
21:45:04 | WARNING  | suraksha.frame_processor | [Capture] Frame loss / black frame detected (7/10)
21:45:04 | WARNING  | suraksha.frame_processor | [Capture] Frame loss / black frame detected (7/10)
21:45:04 | WARNING  | suraksha.frame_processor | [Capture] Frame loss / black frame detected (7/10)
21:45:05 | WARNING  | suraksha.frame_processor | [Capture] Frame loss / black frame detected (1/10)
21:45:05 | WARNING  | suraksha.frame_processor | [Capture] Frame loss / black frame detected (8/10)
21:45:05 | WARNING  | suraksha.frame_processor | [Capture] Frame loss / black frame detected (8/10)
21:45:05 | WARNING  | suraksha.frame_processor | [Capture] Frame loss / black frame detected (8/10)
21:45:06 | INFO     | suraksha.event_manager | [EventManager] Visual event logged: [HIGH] AGGRESSIVE_CHASE on V_20 — Converging bounding velocities indicating a chase.
21:45:06 | WARNING  | suraksha.frame_processor | [Capture] Frame loss / black frame detected (9/10)
21:45:06 | WARNING  | suraksha.frame_processor | [Capture] Frame loss / black frame detected (9/10)
21:45:06 | WARNING  | suraksha.frame_processor | [Capture] Frame loss / black frame detected (9/10)
21:45:07 | WARNING  | suraksha.frame_processor | [Capture] Frame loss / black frame detected (10/10)
21:45:07 | WARNING  | suraksha.frame_processor | [Capture] Frame loss / black frame detected (10/10)
21:45:07 | WARNING  | suraksha.frame_processor | [Capture] Frame loss / black frame detected (10/10)
21:45:07 | WARNING  | suraksha.frame_processor | [Capture] Stream offline or high frame losses (10/10). Releasing and reconnecting camera index 0...
21:45:07 | WARNING  | suraksha.frame_processor | [Capture] Stream offline or high frame losses (10/10). Releasing and reconnecting camera index 0...
21:45:07 | WARNING  | suraksha.frame_processor | [Capture] Stream offline or high frame losses (10/10). Releasing and reconnecting camera index 0...
21:45:08 | INFO     | suraksha.event_manager | [EventManager] Visual event logged: [HIGH] AGGRESSIVE_CHASE on V_20 — Converging bounding velocities indicating a chase.
21:45:08 | INFO     | suraksha.event_manager | [EventManager] Visual event logged: [HIGH] AGGRESSIVE_CHASE on V_20 — Converging bounding velocities indicating a chase.
21:45:11 | INFO     | suraksha.frame_processor | [Capture] Stream reconnected successfully!
21:45:11 | INFO     | suraksha.frame_processor | [Capture] Stream reconnected successfully!
21:45:11 | WARNING  | suraksha.frame_processor | [Capture] Frame loss / black frame detected (1/10)
21:45:11 | INFO     | suraksha.frame_processor | [Capture] Stream reconnected successfully!
21:45:12 | WARNING  | suraksha.frame_processor | [Capture] Frame loss / black frame detected (1/10)
21:45:12 | WARNING  | suraksha.frame_processor | [Capture] Frame loss / black frame detected (1/10)
21:45:12 | WARNING  | suraksha.frame_processor | [Capture] Frame loss / black frame detected (1/10)
21:45:13 | WARNING  | suraksha.frame_processor | [Capture] Frame loss / black frame detected (2/10)
21:45:13 | WARNING  | suraksha.frame_processor | [Capture] Frame loss / black frame detected (2/10)
21:45:13 | WARNING  | suraksha.frame_processor | [Capture] Frame loss / black frame detected (2/10)
21:45:13 | INFO     | suraksha.event_manager | [EventManager] Visual event logged: [HIGH] AGGRESSIVE_CHASE on V_20 — Converging bounding velocities indicating a chase.
21:45:14 | INFO     | suraksha.event_manager | [EventManager] Visual event logged: [HIGH] AGGRESSIVE_CHASE on V_20 — Converging bounding velocities indicating a chase.
22:01:13 | WARNING  | suraksha.frame_processor | [Capture] Frame loss / black frame detected (3/10)
22:01:13 | WARNING  | suraksha.frame_processor | [Capture] Frame loss / black frame detected (3/10)
22:01:13 | WARNING  | suraksha.frame_processor | [Capture] Frame loss / black frame detected (3/10)
22:01:14 | WARNING  | suraksha.frame_processor | [Capture] Frame loss / black frame detected (4/10)
22:01:14 | WARNING  | suraksha.frame_processor | [Capture] Frame loss / black frame detected (4/10)
22:01:14 | WARNING  | suraksha.frame_processor | [Capture] Frame loss / black frame detected (4/10)
22:01:15 | INFO     | suraksha.event_manager | [EventManager] Visual event logged: [HIGH] IMPACT_COLLAPSE on V_20 — Person fall detected after sudden motion spike.
22:01:15 | INFO     | suraksha.event_manager | [EventManager] Visual event logged: [HIGH] AGGRESSIVE_CHASE on V_20 — Converging bounding velocities indicating a chase.
22:01:15 | INFO     | suraksha.event_manager | [EventManager] Visual event logged: [HIGH] IMPACT_COLLAPSE on V_20 — Person fall detected after sudden motion spike.
22:01:15 | WARNING  | suraksha.frame_processor | [Capture] Frame loss / black frame detected (5/10)
22:01:15 | WARNING  | suraksha.frame_processor | [Capture] Frame loss / black frame detected (5/10)
22:01:15 | WARNING  | suraksha.frame_processor | [Capture] Frame loss / black frame detected (5/10)
22:01:16 | WARNING  | suraksha.frame_processor | [Capture] Frame loss / black frame detected (1/10)
22:01:16 | WARNING  | suraksha.frame_processor | [Capture] Frame loss / black frame detected (6/10)
22:01:16 | WARNING  | suraksha.frame_processor | [Capture] Frame loss / black frame detected (6/10)
22:01:16 | WARNING  | suraksha.frame_processor | [Capture] Frame loss / black frame detected (6/10)
22:01:16 | INFO     | suraksha.event_manager | [EventManager] Visual event logged: [HIGH] AGGRESSIVE_CHASE on V_20 — Converging bounding velocities indicating a chase.
22:01:17 | WARNING  | suraksha.frame_processor | [Capture] Frame loss / black frame detected (7/10)
22:01:17 | WARNING  | suraksha.frame_processor | [Capture] Frame loss / black frame detected (7/10)
22:01:17 | WARNING  | suraksha.frame_processor | [Capture] Frame loss / black frame detected (7/10)
E0000 00:00:1779381078.657487  174508 portable_clearcut_uploader.cc:90] Failed to send to clearcut: INTERNAL: ResponseInfo[id: 6, type: 0, code: 2, description: "", headers: ]
=== Source Location Trace: ===
wireless/android/play/playlog/cplusplus/ion_http_client.cc:44
22:16:39 | WARNING  | suraksha.frame_processor | [Capture] Frame loss / black frame detected (8/10)
22:16:39 | WARNING  | suraksha.frame_processor | [Capture] Frame loss / black frame detected (8/10)
22:16:39 | WARNING  | suraksha.frame_processor | [Capture] Frame loss / black frame detected (8/10)
22:16:40 | INFO     | suraksha.event_manager | [EventManager] Visual event logged: [HIGH] AGGRESSIVE_CHASE on V_20 — Converging bounding velocities indicating a chase.
22:16:40 | INFO     | suraksha.event_manager | [EventManager] Visual event logged: [HIGH] AGGRESSIVE_CHASE on V_20 — Converging bounding velocities indicating a chase.
22:16:40 | INFO     | suraksha.event_manager | [EventManager] Visual event logged: [HIGH] AGGRESSIVE_CHASE on V_20 — Converging bounding velocities indicating a chase.
22:16:40 | WARNING  | suraksha.frame_processor | [Capture] Frame loss / black frame detected (9/10)
22:16:40 | WARNING  | suraksha.frame_processor | [Capture] Frame loss / black frame detected (9/10)
22:16:40 | WARNING  | suraksha.frame_processor | [Capture] Frame loss / black frame detected (9/10)
22:16:41 | INFO     | suraksha.event_manager | [EventManager] Visual event logged: [HIGH] AGGRESSIVE_CHASE on V_20 — Converging bounding velocities indicating a chase.
22:16:41 | WARNING  | suraksha.frame_processor | [Capture] Frame loss / black frame detected (10/10)
22:16:41 | WARNING  | suraksha.frame_processor | [Capture] Frame loss / black frame detected (10/10)
22:16:41 | WARNING  | suraksha.frame_processor | [Capture] Frame loss / black frame detected (10/10)
22:16:41 | INFO     | suraksha.event_manager | [EventManager] Visual event logged: [HIGH] IMPACT_COLLAPSE on V_20 — Person fall detected after sudden motion spike.
22:16:41 | WARNING  | suraksha.frame_processor | [Capture] Stream offline or high frame losses (10/10). Releasing and reconnecting camera index 0...
22:16:41 | WARNING  | suraksha.frame_processor | [Capture] Stream offline or high frame losses (10/10). Releasing and reconnecting camera index 0...
22:16:41 | WARNING  | suraksha.frame_processor | [Capture] Stream offline or high frame losses (10/10). Releasing and reconnecting camera index 0...
22:16:42 | INFO     | suraksha.event_manager | [EventManager] Visual event logged: [HIGH] IMPACT_COLLAPSE on V_20 — Person fall detected after sudden motion spike.
22:16:42 | INFO     | suraksha.event_manager | [EventManager] Visual event logged: [HIGH] AGGRESSIVE_CHASE on V_20 — Converging bounding velocities indicating a chase.
22:16:43 | WARNING  | suraksha.frame_processor | [Capture] Frame loss / black frame detected (1/10)
22:32:52 | INFO     | suraksha.frame_processor | [Capture] Stream reconnected successfully!
22:32:52 | INFO     | suraksha.frame_processor | [Capture] Stream reconnected successfully!
22:32:52 | INFO     | suraksha.frame_processor | [Capture] Stream reconnected successfully!
22:32:52 | INFO     | suraksha.event_manager | [EventManager] Visual event logged: [HIGH] AGGRESSIVE_CHASE on V_20 — Converging bounding velocities indicating a chase.
22:32:53 | INFO     | suraksha.event_manager | [EventManager] Visual event logged: [HIGH] AGGRESSIVE_CHASE on V_20 — Converging bounding velocities indicating a chase.
22:32:53 | WARNING  | suraksha.frame_processor | [Capture] Frame loss / black frame detected (1/10)
22:32:53 | WARNING  | suraksha.frame_processor | [Capture] Frame loss / black frame detected (1/10)
22:32:53 | WARNING  | suraksha.frame_processor | [Capture] Frame loss / black frame detected (1/10)
22:32:54 | WARNING  | suraksha.frame_processor | [Capture] Frame loss / black frame detected (2/10)
22:32:54 | WARNING  | suraksha.frame_processor | [Capture] Frame loss / black frame detected (2/10)
22:32:54 | WARNING  | suraksha.frame_processor | [Capture] Frame loss / black frame detected (2/10)
22:32:54 | INFO     | suraksha.event_manager | [EventManager] Visual event logged: [HIGH] IMPACT_COLLAPSE on V_20 — Person fall detected after sudden motion spike.
22:32:54 | INFO     | suraksha.event_manager | [EventManager] Visual event logged: [HIGH] AGGRESSIVE_CHASE on V_20 — Converging bounding velocities indicating a chase.
22:32:55 | INFO     | suraksha.event_manager | [EventManager] Visual event logged: [HIGH] IMPACT_COLLAPSE on V_20 — Person fall detected after sudden motion spike.
22:32:55 | WARNING  | suraksha.frame_processor | [Capture] Frame loss / black frame detected (3/10)
22:32:55 | WARNING  | suraksha.frame_processor | [Capture] Frame loss / black frame detected (3/10)
22:32:55 | WARNING  | suraksha.frame_processor | [Capture] Frame loss / black frame detected (3/10)
22:32:55 | WARNING  | suraksha.frame_processor | [Capture] Frame loss / black frame detected (1/10)
22:32:56 | INFO     | suraksha.event_manager | [EventManager] Visual event logged: [HIGH] AGGRESSIVE_CHASE on V_20 — Converging bounding velocities indicating a chase.
22:32:56 | WARNING  | suraksha.frame_processor | [Capture] Frame loss / black frame detected (4/10)
22:32:56 | WARNING  | suraksha.frame_processor | [Capture] Frame loss / black frame detected (4/10)
22:32:56 | WARNING  | suraksha.frame_processor | [Capture] Frame loss / black frame detected (4/10)
22:33:36 | INFO     | suraksha.event_manager | [EventManager] Visual event logged: [HIGH] AGGRESSIVE_CHASE on V_20 — Converging bounding velocities indicating a chase.
22:33:36 | WARNING  | suraksha.frame_processor | [Capture] Frame loss / black frame detected (5/10)
22:33:36 | WARNING  | suraksha.frame_processor | [Capture] Frame loss / black frame detected (5/10)
22:33:36 | WARNING  | suraksha.frame_processor | [Capture] Frame loss / black frame detected (5/10)
22:33:37 | WARNING  | suraksha.frame_processor | [Capture] Frame loss / black frame detected (6/10)
22:33:37 | WARNING  | suraksha.frame_processor | [Capture] Frame loss / black frame detected (6/10)
22:33:37 | WARNING  | suraksha.frame_processor | [Capture] Frame loss / black frame detected (6/10)
22:33:38 | WARNING  | suraksha.frame_processor | [Capture] Frame loss / black frame detected (7/10)
22:33:38 | WARNING  | suraksha.frame_processor | [Capture] Frame loss / black frame detected (7/10)
22:33:38 | WARNING  | suraksha.frame_processor | [Capture] Frame loss / black frame detected (7/10)
22:33:38 | INFO     | suraksha.event_manager | [EventManager] Visual event logged: [CRITICAL] FIGHTING_STRIKES on V_20 — Repeated aggressive arm strikes counted.
22:33:38 | INFO     | suraksha.event_manager | [EventManager] Visual event logged: [HIGH] AGGRESSIVE_CHASE on V_20 — Converging bounding velocities indicating a chase.
22:33:38 | INFO     | suraksha.event_manager | [EventManager] Visual event logged: [HIGH] IMPACT_COLLAPSE on V_20 — Person fall detected after sudden motion spike.
22:33:40 | WARNING  | suraksha.frame_processor | [Capture] Frame loss / black frame detected (1/10)
22:33:46 | WARNING  | suraksha.frame_processor | [Capture] Frame loss / black frame detected (1/10)
22:33:46 | INFO     | suraksha.event_manager | [EventManager] Visual event logged: [HIGH] IMPACT_COLLAPSE on V_20 — Person fall detected after sudden motion spike.
22:33:47 | INFO     | suraksha.event_manager | [EventManager] Visual event logged: [HIGH] IMPACT_COLLAPSE on V_20 — Person fall detected after sudden motion spike.
22:33:48 | INFO     | suraksha.event_manager | [EventManager] Visual event logged: [HIGH] IMPACT_COLLAPSE on Webcam Unit — Person fall detected after sudden motion spike.
22:33:48 | INFO     | suraksha.event_manager | [EventManager] Visual event logged: [HIGH] IMPACT_COLLAPSE on V_20 — Person fall detected after sudden motion spike.
22:33:49 | INFO     | suraksha.event_manager | [EventManager] Visual event logged: [HIGH] IMPACT_COLLAPSE on V_20 — Person fall detected after sudden motion spike.
22:33:51 | WARNING  | suraksha.frame_processor | [Capture] Frame loss / black frame detected (1/10)
22:33:53 | INFO     | suraksha.event_manager | [EventManager] Visual event logged: [HIGH] IMPACT_COLLAPSE on V_20 — Person fall detected after sudden motion spike.
22:33:53 | INFO     | suraksha.event_manager | [EventManager] Visual event logged: [HIGH] IMPACT_COLLAPSE on ldjv — Person fall detected after sudden motion spike.
22:33:53 | INFO     | suraksha.event_manager | [EventManager] Visual event logged: [HIGH] IMPACT_COLLAPSE on V_20 — Person fall detected after sudden motion spike.
22:33:57 | WARNING  | suraksha.frame_processor | [Capture] Frame loss / black frame detected (1/10)
22:34:00 | INFO     | suraksha.event_manager | [EventManager] Visual event logged: [HIGH] IMPACT_COLLAPSE on V_20 — Person fall detected after sudden motion spike.
22:34:02 | WARNING  | suraksha.frame_processor | [Capture] Frame loss / black frame detected (1/10)
22:34:05 | INFO     | suraksha.event_manager | [EventManager] Visual event logged: [HIGH] IMPACT_COLLAPSE on V_20 — Person fall detected after sudden motion spike.
22:34:05 | INFO     | suraksha.event_manager | [EventManager] Visual event logged: [HIGH] IMPACT_COLLAPSE on Webcam Unit — Person fall detected after sudden motion spike.
22:34:08 | WARNING  | suraksha.frame_processor | [Capture] Frame loss / black frame detected (1/10)
22:34:09 | INFO     | suraksha.event_manager | [EventManager] Visual event logged: [HIGH] IMPACT_COLLAPSE on V_20 — Person fall detected after sudden motion spike.
22:34:09 | INFO     | suraksha.event_manager | [EventManager] Visual event logged: [HIGH] IMPACT_COLLAPSE on f — Person fall detected after sudden motion spike.
22:34:11 | INFO     | suraksha.event_manager | [EventManager] Visual event logged: [HIGH] IMPACT_COLLAPSE on V_20 — Person fall detected after sudden motion spike.
22:34:11 | INFO     | suraksha.event_manager | [EventManager] Visual event logged: [HIGH] IMPACT_COLLAPSE on ldjv — Person fall detected after sudden motion spike.
22:34:13 | WARNING  | suraksha.frame_processor | [Capture] Frame loss / black frame detected (1/10)
22:34:19 | WARNING  | suraksha.frame_processor | [Capture] Frame loss / black frame detected (1/10)
22:34:20 | INFO     | suraksha.event_manager | [EventManager] Visual event logged: [HIGH] IMPACT_COLLAPSE on ldjv — Person fall detected after sudden motion spike.
22:34:20 | INFO     | suraksha.event_manager | [EventManager] Visual event logged: [HIGH] IMPACT_COLLAPSE on V_20 — Person fall detected after sudden motion spike.
22:34:24 | WARNING  | suraksha.frame_processor | [Capture] Frame loss / black frame detected (1/10)
E0000 00:00:1779383065.678241  174508 portable_clearcut_uploader.cc:90] Failed to send to clearcut: INTERNAL: ResponseInfo[id: 7, type: 0, code: 2, description: "", headers: ]
=== Source Location Trace: ===
wireless/android/play/playlog/cplusplus/ion_http_client.cc:44
22:34:25 | INFO     | suraksha.event_manager | [EventManager] Visual event logged: [HIGH] IMPACT_COLLAPSE on V_20 — Person fall detected after sudden motion spike.
22:34:25 | INFO     | suraksha.event_manager | [EventManager] Visual event logged: [HIGH] IMPACT_COLLAPSE on f — Person fall detected after sudden motion spike.
22:34:29 | WARNING  | suraksha.frame_processor | [Capture] Frame loss / black frame detected (1/10)
22:34:31 | INFO     | suraksha.event_manager | [EventManager] Visual event logged: [HIGH] IMPACT_COLLAPSE on Webcam Unit — Person fall detected after sudden motion spike.
22:34:31 | INFO     | suraksha.event_manager | [EventManager] Visual event logged: [HIGH] IMPACT_COLLAPSE on V_20 — Person fall detected after sudden motion spike.
22:34:33 | INFO     | suraksha.event_manager | [EventManager] Visual event logged: [HIGH] IMPACT_COLLAPSE on V_20 — Person fall detected after sudden motion spike.
22:34:35 | WARNING  | suraksha.frame_processor | [Capture] Frame loss / black frame detected (1/10)
22:34:40 | WARNING  | suraksha.frame_processor | [Capture] Frame loss / black frame detected (1/10)
22:34:46 | WARNING  | suraksha.frame_processor | [Capture] Frame loss / black frame detected (1/10)
22:34:47 | INFO     | suraksha.event_manager | [EventManager] Visual event logged: [HIGH] IMPACT_COLLAPSE on ldjv — Person fall detected after sudden motion spike.
22:34:47 | INFO     | suraksha.event_manager | [EventManager] Visual event logged: [HIGH] IMPACT_COLLAPSE on V_20 — Person fall detected after sudden motion spike.
22:34:51 | WARNING  | suraksha.frame_processor | [Capture] Frame loss / black frame detected (1/10)
22:34:54 | INFO     | suraksha.event_manager | [EventManager] Visual event logged: [HIGH] IMPACT_COLLAPSE on V_20 — Person fall detected after sudden motion spike.
22:34:54 | INFO     | suraksha.event_manager | [EventManager] Visual event logged: [HIGH] IMPACT_COLLAPSE on V_20 — Person fall detected after sudden motion spike.
22:34:57 | WARNING  | suraksha.frame_processor | [Capture] Frame loss / black frame detected (1/10)
22:34:57 | INFO     | suraksha.event_manager | [EventManager] Visual event logged: [HIGH] IMPACT_COLLAPSE on V_20 — Person fall detected after sudden motion spike.
22:35:00 | INFO     | suraksha.event_manager | [EventManager] Visual event logged: [HIGH] IMPACT_COLLAPSE on Webcam Unit — Person fall detected after sudden motion spike.
22:35:00 | INFO     | suraksha.event_manager | [EventManager] Visual event logged: [HIGH] IMPACT_COLLAPSE on V_20 — Person fall detected after sudden motion spike.
22:35:02 | WARNING  | suraksha.frame_processor | [Capture] Frame loss / black frame detected (1/10)
22:35:03 | INFO     | suraksha.event_manager | [EventManager] Visual event logged: [HIGH] IMPACT_COLLAPSE on V_20 — Person fall detected after sudden motion spike.
22:35:05 | INFO     | suraksha.event_manager | [EventManager] Visual event logged: [HIGH] IMPACT_COLLAPSE on V_20 — Person fall detected after sudden motion spike.
22:35:07 | WARNING  | suraksha.frame_processor | [Capture] Frame loss / black frame detected (1/10)
22:35:08 | INFO     | suraksha.event_manager | [EventManager] Visual event logged: [HIGH] IMPACT_COLLAPSE on V_20 — Person fall detected after sudden motion spike.
22:35:10 | INFO     | suraksha.event_manager | [EventManager] Visual event logged: [HIGH] IMPACT_COLLAPSE on V_20 — Person fall detected after sudden motion spike.
22:35:10 | INFO     | suraksha.event_manager | [EventManager] Visual event logged: [HIGH] IMPACT_COLLAPSE on ldjv — Person fall detected after sudden motion spike.
22:35:13 | WARNING  | suraksha.frame_processor | [Capture] Frame loss / black frame detected (1/10)
22:35:13 | INFO     | suraksha.event_manager | [EventManager] Visual event logged: [HIGH] IMPACT_COLLAPSE on f — Person fall detected after sudden motion spike.
22:35:13 | INFO     | suraksha.event_manager | [EventManager] Visual event logged: [HIGH] IMPACT_COLLAPSE on V_20 — Person fall detected after sudden motion spike.
22:35:14 | INFO     | suraksha.event_manager | [EventManager] Visual event logged: [HIGH] IMPACT_COLLAPSE on V_20 — Person fall detected after sudden motion spike.
22:35:17 | INFO     | suraksha.event_manager | [EventManager] Visual event logged: [HIGH] IMPACT_COLLAPSE on V_20 — Person fall detected after sudden motion spike.
22:35:18 | WARNING  | suraksha.frame_processor | [Capture] Frame loss / black frame detected (1/10)
22:35:19 | INFO     | suraksha.event_manager | [EventManager] Visual event logged: [HIGH] IMPACT_COLLAPSE on ldjv — Person fall detected after sudden motion spike.
22:35:19 | INFO     | suraksha.event_manager | [EventManager] Visual event logged: [HIGH] IMPACT_COLLAPSE on V_20 — Person fall detected after sudden motion spike.
22:35:20 | INFO     | suraksha.event_manager | [EventManager] Visual event logged: [HIGH] IMPACT_COLLAPSE on V_20 — Person fall detected after sudden motion spike.
22:35:21 | INFO     | suraksha.event_manager | [EventManager] Visual event logged: [HIGH] IMPACT_COLLAPSE on V_20 — Person fall detected after sudden motion spike.
22:35:21 | INFO     | suraksha.event_manager | [EventManager] Visual event logged: [HIGH] IMPACT_COLLAPSE on Webcam Unit — Person fall detected after sudden motion spike.
22:35:24 | WARNING  | suraksha.frame_processor | [Capture] Frame loss / black frame detected (1/10)
22:35:27 | INFO     | suraksha.event_manager | [EventManager] Visual event logged: [HIGH] IMPACT_COLLAPSE on V_20 — Person fall detected after sudden motion spike.
22:35:29 | WARNING  | suraksha.frame_processor | [Capture] Frame loss / black frame detected (1/10)
22:35:30 | INFO     | suraksha.event_manager | [EventManager] Visual event logged: [HIGH] IMPACT_COLLAPSE on V_20 — Person fall detected after sudden motion spike.
22:35:30 | INFO     | suraksha.event_manager | [EventManager] Visual event logged: [HIGH] IMPACT_COLLAPSE on f — Person fall detected after sudden motion spike.
22:35:32 | INFO     | suraksha.event_manager | [EventManager] Visual event logged: [HIGH] IMPACT_COLLAPSE on V_20 — Person fall detected after sudden motion spike.
22:35:32 | INFO     | suraksha.event_manager | [EventManager] Visual event logged: [HIGH] IMPACT_COLLAPSE on ldjv — Person fall detected after sudden motion spike.
22:35:35 | WARNING  | suraksha.frame_processor | [Capture] Frame loss / black frame detected (1/10)
22:35:40 | INFO     | suraksha.event_manager | [EventManager] Visual event logged: [HIGH] IMPACT_COLLAPSE on Webcam Unit — Person fall detected after sudden motion spike.
22:35:40 | INFO     | suraksha.event_manager | [EventManager] Visual event logged: [HIGH] IMPACT_COLLAPSE on V_20 — Person fall detected after sudden motion spike.
22:35:40 | WARNING  | suraksha.frame_processor | [Capture] Frame loss / black frame detected (1/10)
22:35:41 | INFO     | suraksha.event_manager | [EventManager] Visual event logged: [HIGH] IMPACT_COLLAPSE on f — Person fall detected after sudden motion spike.
22:35:41 | INFO     | suraksha.event_manager | [EventManager] Visual event logged: [HIGH] IMPACT_COLLAPSE on V_20 — Person fall detected after sudden motion spike.
22:35:41 | INFO     | suraksha.event_manager | [EventManager] Visual event logged: [HIGH] IMPACT_COLLAPSE on V_20 — Person fall detected after sudden motion spike.
22:35:42 | INFO     | suraksha.event_manager | [EventManager] Visual event logged: [HIGH] IMPACT_COLLAPSE on V_20 — Person fall detected after sudden motion spike.
22:35:46 | WARNING  | suraksha.frame_processor | [Capture] Frame loss / black frame detected (1/10)
22:35:48 | INFO     | suraksha.event_manager | [EventManager] Visual event logged: [HIGH] IMPACT_COLLAPSE on V_20 — Person fall detected after sudden motion spike.
22:35:49 | INFO     | suraksha.event_manager | [EventManager] Visual event logged: [HIGH] IMPACT_COLLAPSE on V_20 — Person fall detected after sudden motion spike.
22:35:51 | WARNING  | suraksha.frame_processor | [Capture] Frame loss / black frame detected (1/10)
22:35:56 | WARNING  | suraksha.frame_processor | [Capture] Frame loss / black frame detected (1/10)
22:36:00 | INFO     | suraksha.event_manager | [EventManager] Visual event logged: [HIGH] IMPACT_COLLAPSE on V_20 — Person fall detected after sudden motion spike.
22:36:02 | WARNING  | suraksha.frame_processor | [Capture] Frame loss / black frame detected (1/10)
22:36:03 | INFO     | suraksha.event_manager | [EventManager] Visual event logged: [HIGH] IMPACT_COLLAPSE on V_20 — Person fall detected after sudden motion spike.
22:36:05 | INFO     | suraksha.event_manager | [EventManager] Visual event logged: [HIGH] IMPACT_COLLAPSE on ldjv — Person fall detected after sudden motion spike.
22:36:05 | INFO     | suraksha.event_manager | [EventManager] Visual event logged: [HIGH] IMPACT_COLLAPSE on V_20 — Person fall detected after sudden motion spike.
22:36:07 | WARNING  | suraksha.frame_processor | [Capture] Frame loss / black frame detected (1/10)
22:36:10 | INFO     | suraksha.event_manager | [EventManager] Visual event logged: [HIGH] IMPACT_COLLAPSE on V_20 — Person fall detected after sudden motion spike.
22:36:13 | WARNING  | suraksha.frame_processor | [Capture] Frame loss / black frame detected (1/10)
22:36:18 | WARNING  | suraksha.frame_processor | [Capture] Frame loss / black frame detected (1/10)
22:36:24 | WARNING  | suraksha.frame_processor | [Capture] Frame loss / black frame detected (1/10)
E0000 00:00:1779383186.411670  174508 portable_clearcut_uploader.cc:90] Failed to send to clearcut: FAILED_PRECONDITION: Not valid for uploading until: 2026-05-21T22:50:26.419865+05:30
=== Source Location Trace: ===
wireless/android/play/playlog/cplusplus/portable_clearcut_uploader.cc:180
22:36:29 | WARNING  | suraksha.frame_processor | [Capture] Frame loss / black frame detected (1/10)
22:36:34 | WARNING  | suraksha.frame_processor | [Capture] Frame loss / black frame detected (1/10)
22:36:40 | WARNING  | suraksha.frame_processor | [Capture] Frame loss / black frame detected (1/10)
22:36:43 | INFO     | suraksha.event_manager | [EventManager] Visual event logged: [HIGH] IMPACT_COLLAPSE on V_20 — Person fall detected after sudden motion spike.
22:36:45 | WARNING  | suraksha.frame_processor | [Capture] Frame loss / black frame detected (1/10)
22:36:47 | INFO     | suraksha.event_manager | [EventManager] Visual event logged: [HIGH] IMPACT_COLLAPSE on ldjv — Person fall detected after sudden motion spike.
22:36:47 | INFO     | suraksha.event_manager | [EventManager] Visual event logged: [HIGH] IMPACT_COLLAPSE on V_20 — Person fall detected after sudden motion spike.
22:36:48 | INFO     | suraksha.event_manager | [EventManager] Visual event logged: [HIGH] IMPACT_COLLAPSE on ldjv — Person fall detected after sudden motion spike.
22:36:48 | INFO     | suraksha.event_manager | [EventManager] Visual event logged: [HIGH] IMPACT_COLLAPSE on V_20 — Person fall detected after sudden motion spike.
22:36:51 | WARNING  | suraksha.frame_processor | [Capture] Frame loss / black frame detected (1/10)
22:36:52 | INFO     | suraksha.event_manager | [EventManager] Visual event logged: [HIGH] IMPACT_COLLAPSE on V_20 — Person fall detected after sudden motion spike.
22:36:56 | WARNING  | suraksha.frame_processor | [Capture] Frame loss / black frame detected (1/10)
22:36:59 | INFO     | suraksha.event_manager | [EventManager] Visual event logged: [HIGH] IMPACT_COLLAPSE on V_20 — Person fall detected after sudden motion spike.
22:36:59 | INFO     | suraksha.event_manager | [EventManager] Visual event logged: [HIGH] IMPACT_COLLAPSE on ldjv — Person fall detected after sudden motion spike.
22:37:02 | WARNING  | suraksha.frame_processor | [Capture] Frame loss / black frame detected (1/10)
22:37:05 | INFO     | suraksha.event_manager | [EventManager] Visual event logged: [HIGH] IMPACT_COLLAPSE on V_20 — Person fall detected after sudden motion spike.
22:37:05 | INFO     | suraksha.event_manager | [EventManager] Visual event logged: [HIGH] IMPACT_COLLAPSE on f — Person fall detected after sudden motion spike.
22:37:07 | WARNING  | suraksha.frame_processor | [Capture] Frame loss / black frame detected (1/10)
22:37:08 | INFO     | suraksha.event_manager | [EventManager] Visual event logged: [HIGH] IMPACT_COLLAPSE on V_20 — Person fall detected after sudden motion spike.
22:37:10 | INFO     | suraksha.event_manager | [EventManager] Visual event logged: [HIGH] IMPACT_COLLAPSE on V_20 — Person fall detected after sudden motion spike.
22:37:10 | INFO     | suraksha.event_manager | [EventManager] Visual event logged: [HIGH] IMPACT_COLLAPSE on Webcam Unit — Person fall detected after sudden motion spike.
22:37:12 | WARNING  | suraksha.frame_processor | [Capture] Frame loss / black frame detected (1/10)
22:37:18 | WARNING  | suraksha.frame_processor | [Capture] Frame loss / black frame detected (1/10)
22:37:19 | INFO     | suraksha.event_manager | [EventManager] Visual event logged: [HIGH] IMPACT_COLLAPSE on V_20 — Person fall detected after sudden motion spike.
22:37:19 | INFO     | suraksha.event_manager | [EventManager] Visual event logged: [HIGH] IMPACT_COLLAPSE on ldjv — Person fall detected after sudden motion spike.
22:37:21 | INFO     | suraksha.event_manager | [EventManager] Visual event logged: [HIGH] IMPACT_COLLAPSE on V_20 — Person fall detected after sudden motion spike.
22:37:23 | WARNING  | suraksha.frame_processor | [Capture] Frame loss / black frame detected (1/10)
22:37:24 | INFO     | suraksha.event_manager | [EventManager] Visual event logged: [HIGH] IMPACT_COLLAPSE on V_20 — Person fall detected after sudden motion spike.
E0000 00:00:1779383246.411855  174508 portable_clearcut_uploader.cc:90] Failed to send to clearcut: FAILED_PRECONDITION: Not valid for uploading until: 2026-05-21T22:50:26.419865+05:30
=== Source Location Trace: ===
wireless/android/play/playlog/cplusplus/portable_clearcut_uploader.cc:180
22:37:26 | INFO     | suraksha.event_manager | [EventManager] Visual event logged: [HIGH] IMPACT_COLLAPSE on V_20 — Person fall detected after sudden motion spike.
22:37:29 | WARNING  | suraksha.frame_processor | [Capture] Frame loss / black frame detected (1/10)
22:37:30 | INFO     | suraksha.event_manager | [EventManager] Visual event logged: [HIGH] IMPACT_COLLAPSE on ldjv — Person fall detected after sudden motion spike.
22:37:30 | INFO     | suraksha.event_manager | [EventManager] Visual event logged: [HIGH] IMPACT_COLLAPSE on V_20 — Person fall detected after sudden motion spike.
22:37:32 | INFO     | suraksha.event_manager | [EventManager] Visual event logged: [HIGH] IMPACT_COLLAPSE on V_20 — Person fall detected after sudden motion spike.
22:37:32 | INFO     | suraksha.event_manager | [EventManager] Visual event logged: [HIGH] IMPACT_COLLAPSE on f — Person fall detected after sudden motion spike.
22:37:34 | WARNING  | suraksha.frame_processor | [Capture] Frame loss / black frame detected (1/10)
22:37:36 | INFO     | suraksha.event_manager | [EventManager] Visual event logged: [HIGH] IMPACT_COLLAPSE on V_20 — Person fall detected after sudden motion spike.
22:37:36 | INFO     | suraksha.event_manager | [EventManager] Visual event logged: [HIGH] IMPACT_COLLAPSE on f — Person fall detected after sudden motion spike.
22:37:37 | INFO     | suraksha.event_manager | [EventManager] Visual event logged: [HIGH] IMPACT_COLLAPSE on V_20 — Person fall detected after sudden motion spike.
22:37:37 | INFO     | suraksha.event_manager | [EventManager] Visual event logged: [HIGH] IMPACT_COLLAPSE on ldjv — Person fall detected after sudden motion spike.
22:37:38 | INFO     | suraksha.event_manager | [EventManager] Visual event logged: [HIGH] IMPACT_COLLAPSE on V_20 — Person fall detected after sudden motion spike.
22:37:40 | WARNING  | suraksha.frame_processor | [Capture] Frame loss / black frame detected (1/10)
22:37:41 | INFO     | suraksha.event_manager | [EventManager] Visual event logged: [HIGH] IMPACT_COLLAPSE on V_20 — Person fall detected after sudden motion spike.
22:37:45 | WARNING  | suraksha.frame_processor | [Capture] Frame loss / black frame detected (1/10)
22:37:47 | INFO     | suraksha.event_manager | [EventManager] Visual event logged: [HIGH] IMPACT_COLLAPSE on V_20 — Person fall detected after sudden motion spike.
22:37:47 | INFO     | suraksha.event_manager | [EventManager] Visual event logged: [HIGH] IMPACT_COLLAPSE on ldjv — Person fall detected after sudden motion spike.
22:37:48 | INFO     | suraksha.event_manager | [EventManager] Visual event logged: [HIGH] IMPACT_COLLAPSE on V_20 — Person fall detected after sudden motion spike.
22:37:48 | INFO     | suraksha.event_manager | [EventManager] Visual event logged: [HIGH] IMPACT_COLLAPSE on ldjv — Person fall detected after sudden motion spike.
22:37:48 | INFO     | suraksha.event_manager | [EventManager] Visual event logged: [HIGH] IMPACT_COLLAPSE on V_20 — Person fall detected after sudden motion spike.
22:37:50 | WARNING  | suraksha.frame_processor | [Capture] Frame loss / black frame detected (1/10)
22:37:53 | INFO     | suraksha.event_manager | [EventManager] Visual event logged: [HIGH] IMPACT_COLLAPSE on ldjv — Person fall detected after sudden motion spike.
22:37:53 | INFO     | suraksha.event_manager | [EventManager] Visual event logged: [HIGH] IMPACT_COLLAPSE on V_20 — Person fall detected after sudden motion spike.
22:37:56 | WARNING  | suraksha.frame_processor | [Capture] Frame loss / black frame detected (1/10)
22:37:57 | INFO     | suraksha.event_manager | [EventManager] Visual event logged: [HIGH] IMPACT_COLLAPSE on V_20 — Person fall detected after sudden motion spike.
22:38:01 | INFO     | suraksha.event_manager | [EventManager] Visual event logged: [HIGH] IMPACT_COLLAPSE on ldjv — Person fall detected after sudden motion spike.
22:38:01 | INFO     | suraksha.event_manager | [EventManager] Visual event logged: [HIGH] IMPACT_COLLAPSE on V_20 — Person fall detected after sudden motion spike.
22:38:01 | WARNING  | suraksha.frame_processor | [Capture] Frame loss / black frame detected (1/10)
22:38:03 | INFO     | suraksha.event_manager | [EventManager] Visual event logged: [HIGH] IMPACT_COLLAPSE on ldjv — Person fall detected after sudden motion spike.
22:38:03 | INFO     | suraksha.event_manager | [EventManager] Visual event logged: [HIGH] IMPACT_COLLAPSE on V_20 — Person fall detected after sudden motion spike.
22:38:04 | INFO     | suraksha.event_manager | [EventManager] Visual event logged: [HIGH] IMPACT_COLLAPSE on V_20 — Person fall detected after sudden motion spike.
22:38:07 | WARNING  | suraksha.frame_processor | [Capture] Frame loss / black frame detected (1/10)
22:38:12 | WARNING  | suraksha.frame_processor | [Capture] Frame loss / black frame detected (1/10)
22:38:18 | WARNING  | suraksha.frame_processor | [Capture] Frame loss / black frame detected (1/10)
22:38:21 | INFO     | suraksha.event_manager | [EventManager] Visual event logged: [HIGH] IMPACT_COLLAPSE on V_20 — Person fall detected after sudden motion spike.
22:38:21 | INFO     | suraksha.event_manager | [EventManager] Visual event logged: [HIGH] IMPACT_COLLAPSE on V_20 — Person fall detected after sudden motion spike.
22:38:23 | WARNING  | suraksha.frame_processor | [Capture] Frame loss / black frame detected (1/10)
E0000 00:00:1779383306.417208  174508 portable_clearcut_uploader.cc:90] Failed to send to clearcut: FAILED_PRECONDITION: Not valid for uploading until: 2026-05-21T22:50:26.419865+05:30
=== Source Location Trace: ===
wireless/android/play/playlog/cplusplus/portable_clearcut_uploader.cc:180
22:38:26 | INFO     | suraksha.event_manager | [EventManager] Visual event logged: [HIGH] IMPACT_COLLAPSE on V_20 — Person fall detected after sudden motion spike.
22:38:28 | WARNING  | suraksha.frame_processor | [Capture] Frame loss / black frame detected (1/10)
22:38:34 | WARNING  | suraksha.frame_processor | [Capture] Frame loss / black frame detected (1/10)
22:38:39 | WARNING  | suraksha.frame_processor | [Capture] Frame loss / black frame detected (1/10)
22:38:42 | INFO     | suraksha.event_manager | [EventManager] Visual event logged: [HIGH] IMPACT_COLLAPSE on Webcam Unit — Person fall detected after sudden motion spike.
22:38:42 | INFO     | suraksha.event_manager | [EventManager] Visual event logged: [HIGH] IMPACT_COLLAPSE on V_20 — Person fall detected after sudden motion spike.
22:38:43 | INFO     | suraksha.event_manager | [EventManager] Visual event logged: [HIGH] IMPACT_COLLAPSE on V_20 — Person fall detected after sudden motion spike.
22:38:45 | WARNING  | suraksha.frame_processor | [Capture] Frame loss / black frame detected (1/10)
22:38:50 | WARNING  | suraksha.frame_processor | [Capture] Frame loss / black frame detected (1/10)
22:38:51 | INFO     | suraksha.event_manager | [EventManager] Visual event logged: [HIGH] IMPACT_COLLAPSE on V_20 — Person fall detected after sudden motion spike.
22:38:53 | INFO     | suraksha.event_manager | [EventManager] Visual event logged: [HIGH] IMPACT_COLLAPSE on V_20 — Person fall detected after sudden motion spike.
22:38:53 | INFO     | suraksha.event_manager | [EventManager] Visual event logged: [HIGH] IMPACT_COLLAPSE on f — Person fall detected after sudden motion spike.
22:38:56 | WARNING  | suraksha.frame_processor | [Capture] Frame loss / black frame detected (1/10)
22:38:59 | INFO     | suraksha.event_manager | [EventManager] Visual event logged: [HIGH] IMPACT_COLLAPSE on f — Person fall detected after sudden motion spike.
22:38:59 | INFO     | suraksha.event_manager | [EventManager] Visual event logged: [HIGH] IMPACT_COLLAPSE on V_20 — Person fall detected after sudden motion spike.
22:39:01 | WARNING  | suraksha.frame_processor | [Capture] Frame loss / black frame detected (1/10)
22:39:07 | WARNING  | suraksha.frame_processor | [Capture] Frame loss / black frame detected (1/10)
22:39:08 | INFO     | suraksha.event_manager | [EventManager] Visual event logged: [HIGH] IMPACT_COLLAPSE on V_20 — Person fall detected after sudden motion spike.
22:39:12 | WARNING  | suraksha.frame_processor | [Capture] Frame loss / black frame detected (1/10)
22:39:13 | INFO     | suraksha.event_manager | [EventManager] Visual event logged: [HIGH] IMPACT_COLLAPSE on f — Person fall detected after sudden motion spike.
22:39:13 | INFO     | suraksha.event_manager | [EventManager] Visual event logged: [HIGH] IMPACT_COLLAPSE on V_20 — Person fall detected after sudden motion spike.
22:39:17 | WARNING  | suraksha.frame_processor | [Capture] Frame loss / black frame detected (1/10)
22:39:23 | WARNING  | suraksha.frame_processor | [Capture] Frame loss / black frame detected (1/10)
E0000 00:00:1779383366.422496  174508 portable_clearcut_uploader.cc:90] Failed to send to clearcut: FAILED_PRECONDITION: Not valid for uploading until: 2026-05-21T22:50:26.419865+05:30
=== Source Location Trace: ===
wireless/android/play/playlog/cplusplus/portable_clearcut_uploader.cc:180
22:39:28 | WARNING  | suraksha.frame_processor | [Capture] Frame loss / black frame detected (1/10)
22:39:30 | INFO     | suraksha.event_manager | [EventManager] Visual event logged: [HIGH] IMPACT_COLLAPSE on f — Person fall detected after sudden motion spike.
22:39:30 | INFO     | suraksha.event_manager | [EventManager] Visual event logged: [HIGH] IMPACT_COLLAPSE on V_20 — Person fall detected after sudden motion spike.
22:39:34 | WARNING  | suraksha.frame_processor | [Capture] Frame loss / black frame detected (1/10)
22:39:39 | WARNING  | suraksha.frame_processor | [Capture] Frame loss / black frame detected (1/10)
22:39:41 | INFO     | suraksha.event_manager | [EventManager] Visual event logged: [HIGH] IMPACT_COLLAPSE on V_20 — Person fall detected after sudden motion spike.
22:39:41 | INFO     | suraksha.event_manager | [EventManager] Visual event logged: [HIGH] IMPACT_COLLAPSE on f — Person fall detected after sudden motion spike.
22:39:45 | WARNING  | suraksha.frame_processor | [Capture] Frame loss / black frame detected (1/10)
22:39:48 | INFO     | suraksha.event_manager | [EventManager] Visual event logged: [HIGH] IMPACT_COLLAPSE on V_20 — Person fall detected after sudden motion spike.
22:39:48 | INFO     | suraksha.event_manager | [EventManager] Visual event logged: [HIGH] IMPACT_COLLAPSE on V_20 — Person fall detected after sudden motion spike.
22:39:50 | WARNING  | suraksha.frame_processor | [Capture] Frame loss / black frame detected (1/10)
22:39:55 | WARNING  | suraksha.frame_processor | [Capture] Frame loss / black frame detected (1/10)
22:39:56 | INFO     | suraksha.event_manager | [EventManager] Visual event logged: [HIGH] IMPACT_COLLAPSE on V_20 — Person fall detected after sudden motion spike.
22:39:56 | INFO     | suraksha.event_manager | [EventManager] Visual event logged: [HIGH] IMPACT_COLLAPSE on Webcam Unit — Person fall detected after sudden motion spike.
22:39:56 | INFO     | suraksha.event_manager | [EventManager] Visual event logged: [HIGH] IMPACT_COLLAPSE on V_20 — Person fall detected after sudden motion spike.
22:39:59 | INFO     | suraksha.event_manager | [EventManager] Visual event logged: [HIGH] IMPACT_COLLAPSE on V_20 — Person fall detected after sudden motion spike.
22:40:01 | INFO     | suraksha.event_manager | [EventManager] Visual event logged: [HIGH] IMPACT_COLLAPSE on f — Person fall detected after sudden motion spike.
22:40:01 | INFO     | suraksha.event_manager | [EventManager] Visual event logged: [HIGH] IMPACT_COLLAPSE on V_20 — Person fall detected after sudden motion spike.
22:40:01 | WARNING  | suraksha.frame_processor | [Capture] Frame loss / black frame detected (1/10)
22:40:06 | INFO     | suraksha.event_manager | [EventManager] Visual event logged: [HIGH] IMPACT_COLLAPSE on f — Person fall detected after sudden motion spike.
22:40:06 | INFO     | suraksha.event_manager | [EventManager] Visual event logged: [HIGH] IMPACT_COLLAPSE on V_20 — Person fall detected after sudden motion spike.
22:40:06 | WARNING  | suraksha.frame_processor | [Capture] Frame loss / black frame detected (1/10)
22:40:11 | INFO     | suraksha.event_manager | [EventManager] Visual event logged: [HIGH] IMPACT_COLLAPSE on V_20 — Person fall detected after sudden motion spike.
22:40:12 | WARNING  | suraksha.frame_processor | [Capture] Frame loss / black frame detected (1/10)
22:40:12 | INFO     | suraksha.event_manager | [EventManager] Visual event logged: [HIGH] IMPACT_COLLAPSE on f — Person fall detected after sudden motion spike.
22:40:12 | INFO     | suraksha.event_manager | [EventManager] Visual event logged: [HIGH] IMPACT_COLLAPSE on V_20 — Person fall detected after sudden motion spike.
22:40:17 | WARNING  | suraksha.frame_processor | [Capture] Frame loss / black frame detected (1/10)
22:40:18 | INFO     | suraksha.event_manager | [EventManager] Visual event logged: [HIGH] IMPACT_COLLAPSE on V_20 — Person fall detected after sudden motion spike.
22:40:20 | INFO     | suraksha.event_manager | [EventManager] Visual event logged: [HIGH] IMPACT_COLLAPSE on V_20 — Person fall detected after sudden motion spike.
22:40:23 | WARNING  | suraksha.frame_processor | [Capture] Frame loss / black frame detected (1/10)
22:40:26 | INFO     | suraksha.event_manager | [EventManager] Visual event logged: [HIGH] IMPACT_COLLAPSE on V_20 — Person fall detected after sudden motion spike.
E0000 00:00:1779383426.427766  174508 portable_clearcut_uploader.cc:90] Failed to send to clearcut: FAILED_PRECONDITION: Not valid for uploading until: 2026-05-21T22:50:26.419865+05:30
=== Source Location Trace: ===
wireless/android/play/playlog/cplusplus/portable_clearcut_uploader.cc:180
22:40:28 | WARNING  | suraksha.frame_processor | [Capture] Frame loss / black frame detected (1/10)
22:40:28 | INFO     | suraksha.event_manager | [EventManager] Visual event logged: [HIGH] IMPACT_COLLAPSE on V_20 — Person fall detected after sudden motion spike.
22:40:28 | INFO     | suraksha.event_manager | [EventManager] Visual event logged: [HIGH] IMPACT_COLLAPSE on Webcam Unit — Person fall detected after sudden motion spike.
22:40:33 | WARNING  | suraksha.frame_processor | [Capture] Frame loss / black frame detected (1/10)
22:40:39 | WARNING  | suraksha.frame_processor | [Capture] Frame loss / black frame detected (1/10)
22:40:42 | INFO     | suraksha.event_manager | [EventManager] Visual event logged: [HIGH] IMPACT_COLLAPSE on V_20 — Person fall detected after sudden motion spike.
22:40:44 | WARNING  | suraksha.frame_processor | [Capture] Frame loss / black frame detected (1/10)
22:40:46 | INFO     | suraksha.event_manager | [EventManager] Visual event logged: [HIGH] IMPACT_COLLAPSE on ldjv — Person fall detected after sudden motion spike.
22:40:46 | INFO     | suraksha.event_manager | [EventManager] Visual event logged: [HIGH] IMPACT_COLLAPSE on V_20 — Person fall detected after sudden motion spike.
22:40:47 | INFO     | suraksha.event_manager | [EventManager] Visual event logged: [HIGH] IMPACT_COLLAPSE on V_20 — Person fall detected after sudden motion spike.
22:40:47 | INFO     | suraksha.event_manager | [EventManager] Visual event logged: [HIGH] IMPACT_COLLAPSE on f — Person fall detected after sudden motion spike.
22:40:50 | WARNING  | suraksha.frame_processor | [Capture] Frame loss / black frame detected (1/10)
22:40:50 | INFO     | suraksha.event_manager | [EventManager] Visual event logged: [HIGH] IMPACT_COLLAPSE on V_20 — Person fall detected after sudden motion spike.
22:40:53 | INFO     | suraksha.event_manager | [EventManager] Visual event logged: [HIGH] IMPACT_COLLAPSE on ldjv — Person fall detected after sudden motion spike.
22:40:53 | INFO     | suraksha.event_manager | [EventManager] Visual event logged: [HIGH] IMPACT_COLLAPSE on V_20 — Person fall detected after sudden motion spike.
22:40:55 | WARNING  | suraksha.frame_processor | [Capture] Frame loss / black frame detected (1/10)
22:40:57 | INFO     | suraksha.event_manager | [EventManager] Visual event logged: [HIGH] IMPACT_COLLAPSE on V_20 — Person fall detected after sudden motion spike.
22:40:57 | INFO     | suraksha.event_manager | [EventManager] Visual event logged: [HIGH] IMPACT_COLLAPSE on f — Person fall detected after sudden motion spike.
22:41:00 | INFO     | suraksha.event_manager | [EventManager] Visual event logged: [HIGH] IMPACT_COLLAPSE on f — Person fall detected after sudden motion spike.
22:41:00 | INFO     | suraksha.event_manager | [EventManager] Visual event logged: [HIGH] IMPACT_COLLAPSE on V_20 — Person fall detected after sudden motion spike.
22:41:01 | WARNING  | suraksha.frame_processor | [Capture] Frame loss / black frame detected (1/10)
22:41:01 | INFO     | suraksha.event_manager | [EventManager] Visual event logged: [HIGH] IMPACT_COLLAPSE on V_20 — Person fall detected after sudden motion spike.
22:41:04 | INFO     | suraksha.event_manager | [EventManager] Visual event logged: [HIGH] IMPACT_COLLAPSE on Webcam Unit — Person fall detected after sudden motion spike.
22:41:04 | INFO     | suraksha.event_manager | [EventManager] Visual event logged: [HIGH] IMPACT_COLLAPSE on V_20 — Person fall detected after sudden motion spike.
22:41:04 | INFO     | suraksha.event_manager | [EventManager] Visual event logged: [HIGH] IMPACT_COLLAPSE on ldjv — Person fall detected after sudden motion spike.
22:41:06 | WARNING  | suraksha.frame_processor | [Capture] Frame loss / black frame detected (1/10)
22:41:11 | INFO     | suraksha.event_manager | [EventManager] Visual event logged: [HIGH] IMPACT_COLLAPSE on ldjv — Person fall detected after sudden motion spike.
22:41:11 | INFO     | suraksha.event_manager | [EventManager] Visual event logged: [HIGH] IMPACT_COLLAPSE on Webcam Unit — Person fall detected after sudden motion spike.
22:41:11 | INFO     | suraksha.event_manager | [EventManager] Visual event logged: [HIGH] IMPACT_COLLAPSE on V_20 — Person fall detected after sudden motion spike.
22:41:11 | WARNING  | suraksha.frame_processor | [Capture] Frame loss / black frame detected (1/10)
22:41:15 | INFO     | suraksha.event_manager | [EventManager] Visual event logged: [HIGH] IMPACT_COLLAPSE on Webcam Unit — Person fall detected after sudden motion spike.
22:41:15 | INFO     | suraksha.event_manager | [EventManager] Visual event logged: [HIGH] IMPACT_COLLAPSE on V_20 — Person fall detected after sudden motion spike.
22:41:15 | INFO     | suraksha.event_manager | [EventManager] Visual event logged: [HIGH] IMPACT_COLLAPSE on ldjv — Person fall detected after sudden motion spike.
22:41:17 | WARNING  | suraksha.frame_processor | [Capture] Frame loss / black frame detected (1/10)
22:41:22 | WARNING  | suraksha.frame_processor | [Capture] Frame loss / black frame detected (1/10)
22:41:23 | INFO     | suraksha.event_manager | [EventManager] Visual event logged: [HIGH] IMPACT_COLLAPSE on V_20 — Person fall detected after sudden motion spike.
22:41:23 | INFO     | suraksha.event_manager | [EventManager] Visual event logged: [HIGH] IMPACT_COLLAPSE on Webcam Unit — Person fall detected after sudden motion spike.
22:41:24 | INFO     | suraksha.event_manager | [EventManager] Visual event logged: [HIGH] IMPACT_COLLAPSE on f — Person fall detected after sudden motion spike.
22:41:24 | INFO     | suraksha.event_manager | [EventManager] Visual event logged: [HIGH] IMPACT_COLLAPSE on V_20 — Person fall detected after sudden motion spike.
22:41:24 | INFO     | suraksha.event_manager | [EventManager] Visual event logged: [HIGH] IMPACT_COLLAPSE on V_20 — Person fall detected after sudden motion spike.
22:41:26 | INFO     | suraksha.event_manager | [EventManager] Visual event logged: [HIGH] IMPACT_COLLAPSE on V_20 — Person fall detected after sudden motion spike.
E0000 00:00:1779383486.432458  174508 portable_clearcut_uploader.cc:90] Failed to send to clearcut: FAILED_PRECONDITION: Not valid for uploading until: 2026-05-21T22:50:26.419865+05:30
=== Source Location Trace: ===
wireless/android/play/playlog/cplusplus/portable_clearcut_uploader.cc:180
22:41:28 | WARNING  | suraksha.frame_processor | [Capture] Frame loss / black frame detected (1/10)
22:41:28 | INFO     | suraksha.event_manager | [EventManager] Visual event logged: [HIGH] IMPACT_COLLAPSE on ldjv — Person fall detected after sudden motion spike.
22:41:28 | INFO     | suraksha.event_manager | [EventManager] Visual event logged: [HIGH] IMPACT_COLLAPSE on V_20 — Person fall detected after sudden motion spike.
22:41:29 | INFO     | suraksha.event_manager | [EventManager] Visual event logged: [HIGH] IMPACT_COLLAPSE on V_20 — Person fall detected after sudden motion spike.
22:41:33 | WARNING  | suraksha.frame_processor | [Capture] Frame loss / black frame detected (1/10)
22:41:39 | WARNING  | suraksha.frame_processor | [Capture] Frame loss / black frame detected (1/10)
22:41:44 | WARNING  | suraksha.frame_processor | [Capture] Frame loss / black frame detected (1/10)
22:41:47 | INFO     | suraksha.event_manager | [EventManager] Visual event logged: [HIGH] IMPACT_COLLAPSE on Webcam Unit — Person fall detected after sudden motion spike.
22:41:47 | INFO     | suraksha.event_manager | [EventManager] Visual event logged: [HIGH] IMPACT_COLLAPSE on ldjv — Person fall detected after sudden motion spike.
22:41:47 | INFO     | suraksha.event_manager | [EventManager] Visual event logged: [HIGH] IMPACT_COLLAPSE on V_20 — Person fall detected after sudden motion spike.
22:41:50 | WARNING  | suraksha.frame_processor | [Capture] Frame loss / black frame detected (1/10)
22:41:55 | WARNING  | suraksha.frame_processor | [Capture] Frame loss / black frame detected (1/10)
22:41:58 | INFO     | suraksha.event_manager | [EventManager] Visual event logged: [HIGH] IMPACT_COLLAPSE on ldjv — Person fall detected after sudden motion spike.
22:41:58 | INFO     | suraksha.event_manager | [EventManager] Visual event logged: [HIGH] IMPACT_COLLAPSE on Webcam Unit — Person fall detected after sudden motion spike.
22:41:58 | INFO     | suraksha.event_manager | [EventManager] Visual event logged: [HIGH] IMPACT_COLLAPSE on V_20 — Person fall detected after sudden motion spike.
22:42:00 | WARNING  | suraksha.frame_processor | [Capture] Frame loss / black frame detected (1/10)
22:42:06 | WARNING  | suraksha.frame_processor | [Capture] Frame loss / black frame detected (1/10)
22:42:07 | INFO     | suraksha.event_manager | [EventManager] Visual event logged: [HIGH] IMPACT_COLLAPSE on V_20 — Person fall detected after sudden motion spike.
22:42:07 | INFO     | suraksha.event_manager | [EventManager] Visual event logged: [HIGH] IMPACT_COLLAPSE on f — Person fall detected after sudden motion spike.
22:42:11 | WARNING  | suraksha.frame_processor | [Capture] Frame loss / black frame detected (1/10)
22:42:17 | WARNING  | suraksha.frame_processor | [Capture] Frame loss / black frame detected (1/10)
22:42:20 | INFO     | suraksha.event_manager | [EventManager] Visual event logged: [HIGH] IMPACT_COLLAPSE on ldjv — Person fall detected after sudden motion spike.
22:42:20 | INFO     | suraksha.event_manager | [EventManager] Visual event logged: [HIGH] IMPACT_COLLAPSE on Webcam Unit — Person fall detected after sudden motion spike.
22:42:20 | INFO     | suraksha.event_manager | [EventManager] Visual event logged: [HIGH] IMPACT_COLLAPSE on V_20 — Person fall detected after sudden motion spike.
22:42:22 | WARNING  | suraksha.frame_processor | [Capture] Frame loss / black frame detected (1/10)
E0000 00:00:1779383546.437721  174508 portable_clearcut_uploader.cc:90] Failed to send to clearcut: FAILED_PRECONDITION: Not valid for uploading until: 2026-05-21T22:50:26.419865+05:30
=== Source Location Trace: ===
wireless/android/play/playlog/cplusplus/portable_clearcut_uploader.cc:180
22:42:28 | WARNING  | suraksha.frame_processor | [Capture] Frame loss / black frame detected (1/10)
22:42:31 | INFO     | suraksha.event_manager | [EventManager] Visual event logged: [HIGH] IMPACT_COLLAPSE on V_20 — Person fall detected after sudden motion spike.
22:42:33 | WARNING  | suraksha.frame_processor | [Capture] Frame loss / black frame detected (1/10)
22:42:36 | INFO     | suraksha.event_manager | [EventManager] Visual event logged: [HIGH] IMPACT_COLLAPSE on V_20 — Person fall detected after sudden motion spike.
22:42:38 | WARNING  | suraksha.frame_processor | [Capture] Frame loss / black frame detected (1/10)
22:42:39 | INFO     | suraksha.event_manager | [EventManager] Visual event logged: [HIGH] IMPACT_COLLAPSE on f — Person fall detected after sudden motion spike.
22:42:39 | INFO     | suraksha.event_manager | [EventManager] Visual event logged: [HIGH] IMPACT_COLLAPSE on V_20 — Person fall detected after sudden motion spike.
22:42:42 | INFO     | suraksha.event_manager | [EventManager] Visual event logged: [HIGH] IMPACT_COLLAPSE on ldjv — Person fall detected after sudden motion spike.
22:42:42 | INFO     | suraksha.event_manager | [EventManager] Visual event logged: [HIGH] IMPACT_COLLAPSE on V_20 — Person fall detected after sudden motion spike.
22:42:44 | WARNING  | suraksha.frame_processor | [Capture] Frame loss / black frame detected (1/10)
22:42:49 | WARNING  | suraksha.frame_processor | [Capture] Frame loss / black frame detected (1/10)
22:42:53 | INFO     | suraksha.event_manager | [EventManager] Visual event logged: [HIGH] IMPACT_COLLAPSE on V_20 — Person fall detected after sudden motion spike.
22:42:55 | WARNING  | suraksha.frame_processor | [Capture] Frame loss / black frame detected (1/10)
22:42:58 | INFO     | suraksha.event_manager | [EventManager] Visual event logged: [HIGH] IMPACT_COLLAPSE on ldjv — Person fall detected after sudden motion spike.
22:42:58 | INFO     | suraksha.event_manager | [EventManager] Visual event logged: [HIGH] IMPACT_COLLAPSE on V_20 — Person fall detected after sudden motion spike.
22:43:00 | WARNING  | suraksha.frame_processor | [Capture] Frame loss / black frame detected (1/10)
22:43:03 | INFO     | suraksha.event_manager | [EventManager] Visual event logged: [HIGH] IMPACT_COLLAPSE on f — Person fall detected after sudden motion spike.
22:43:03 | INFO     | suraksha.event_manager | [EventManager] Visual event logged: [HIGH] IMPACT_COLLAPSE on V_20 — Person fall detected after sudden motion spike.
22:43:04 | INFO     | suraksha.event_manager | [EventManager] Visual event logged: [HIGH] IMPACT_COLLAPSE on ldjv — Person fall detected after sudden motion spike.
22:43:04 | INFO     | suraksha.event_manager | [EventManager] Visual event logged: [HIGH] IMPACT_COLLAPSE on V_20 — Person fall detected after sudden motion spike.
22:43:06 | WARNING  | suraksha.frame_processor | [Capture] Frame loss / black frame detected (1/10)
22:43:06 | INFO     | suraksha.event_manager | [EventManager] Visual event logged: [HIGH] IMPACT_COLLAPSE on Webcam Unit — Person fall detected after sudden motion spike.
22:43:06 | INFO     | suraksha.event_manager | [EventManager] Visual event logged: [HIGH] IMPACT_COLLAPSE on V_20 — Person fall detected after sudden motion spike.
22:43:11 | WARNING  | suraksha.frame_processor | [Capture] Frame loss / black frame detected (1/10)
22:43:14 | INFO     | suraksha.event_manager | [EventManager] Visual event logged: [HIGH] IMPACT_COLLAPSE on V_20 — Person fall detected after sudden motion spike.
22:43:16 | WARNING  | suraksha.frame_processor | [Capture] Frame loss / black frame detected (1/10)
22:43:17 | INFO     | suraksha.event_manager | [EventManager] Visual event logged: [HIGH] IMPACT_COLLAPSE on V_20 — Person fall detected after sudden motion spike.
22:43:17 | INFO     | suraksha.event_manager | [EventManager] Visual event logged: [HIGH] IMPACT_COLLAPSE on f — Person fall detected after sudden motion spike.
22:43:18 | INFO     | suraksha.event_manager | [EventManager] Visual event logged: [HIGH] IMPACT_COLLAPSE on Webcam Unit — Person fall detected after sudden motion spike.
22:43:18 | INFO     | suraksha.event_manager | [EventManager] Visual event logged: [HIGH] IMPACT_COLLAPSE on V_20 — Person fall detected after sudden motion spike.
22:43:22 | WARNING  | suraksha.frame_processor | [Capture] Frame loss / black frame detected (1/10)
22:43:22 | INFO     | suraksha.event_manager | [EventManager] Visual event logged: [HIGH] IMPACT_COLLAPSE on V_20 — Person fall detected after sudden motion spike.
E0000 00:00:1779383606.443028  174508 portable_clearcut_uploader.cc:90] Failed to send to clearcut: FAILED_PRECONDITION: Not valid for uploading until: 2026-05-21T22:50:26.419865+05:30
=== Source Location Trace: ===
wireless/android/play/playlog/cplusplus/portable_clearcut_uploader.cc:180
22:43:27 | WARNING  | suraksha.frame_processor | [Capture] Frame loss / black frame detected (1/10)
22:43:33 | WARNING  | suraksha.frame_processor | [Capture] Frame loss / black frame detected (1/10)
22:43:36 | INFO     | suraksha.event_manager | [EventManager] Visual event logged: [HIGH] IMPACT_COLLAPSE on V_20 — Person fall detected after sudden motion spike.
22:43:38 | WARNING  | suraksha.frame_processor | [Capture] Frame loss / black frame detected (1/10)
22:43:44 | WARNING  | suraksha.frame_processor | [Capture] Frame loss / black frame detected (1/10)
22:43:45 | INFO     | suraksha.event_manager | [EventManager] Visual event logged: [HIGH] IMPACT_COLLAPSE on V_20 — Person fall detected after sudden motion spike.
22:43:49 | WARNING  | suraksha.frame_processor | [Capture] Frame loss / black frame detected (1/10)
22:43:55 | WARNING  | suraksha.frame_processor | [Capture] Frame loss / black frame detected (1/10)
22:43:55 | INFO     | suraksha.event_manager | [EventManager] Visual event logged: [HIGH] IMPACT_COLLAPSE on V_20 — Person fall detected after sudden motion spike.
22:44:00 | INFO     | suraksha.event_manager | [EventManager] Visual event logged: [HIGH] IMPACT_COLLAPSE on V_20 — Person fall detected after sudden motion spike.
22:44:00 | INFO     | suraksha.event_manager | [EventManager] Visual event logged: [HIGH] IMPACT_COLLAPSE on f — Person fall detected after sudden motion spike.
22:44:00 | WARNING  | suraksha.frame_processor | [Capture] Frame loss / black frame detected (1/10)
22:44:01 | INFO     | suraksha.event_manager | [EventManager] Visual event logged: [HIGH] IMPACT_COLLAPSE on V_20 — Person fall detected after sudden motion spike.
22:44:03 | INFO     | suraksha.event_manager | [EventManager] Visual event logged: [HIGH] IMPACT_COLLAPSE on V_20 — Person fall detected after sudden motion spike.
22:44:05 | INFO     | suraksha.event_manager | [EventManager] Visual event logged: [HIGH] IMPACT_COLLAPSE on f — Person fall detected after sudden motion spike.
22:44:05 | INFO     | suraksha.event_manager | [EventManager] Visual event logged: [HIGH] IMPACT_COLLAPSE on V_20 — Person fall detected after sudden motion spike.
22:44:05 | WARNING  | suraksha.frame_processor | [Capture] Frame loss / black frame detected (1/10)
22:44:11 | WARNING  | suraksha.frame_processor | [Capture] Frame loss / black frame detected (1/10)
22:44:16 | WARNING  | suraksha.frame_processor | [Capture] Frame loss / black frame detected (1/10)
22:44:22 | WARNING  | suraksha.frame_processor | [Capture] Frame loss / black frame detected (1/10)
E0000 00:00:1779383666.443354  174508 portable_clearcut_uploader.cc:90] Failed to send to clearcut: FAILED_PRECONDITION: Not valid for uploading until: 2026-05-21T22:50:26.419865+05:30
=== Source Location Trace: ===
wireless/android/play/playlog/cplusplus/portable_clearcut_uploader.cc:180
22:44:27 | WARNING  | suraksha.frame_processor | [Capture] Frame loss / black frame detected (1/10)
22:44:28 | INFO     | suraksha.event_manager | [EventManager] Visual event logged: [HIGH] IMPACT_COLLAPSE on V_20 — Person fall detected after sudden motion spike.
22:44:29 | INFO     | suraksha.event_manager | [EventManager] Visual event logged: [HIGH] IMPACT_COLLAPSE on f — Person fall detected after sudden motion spike.
22:44:29 | INFO     | suraksha.event_manager | [EventManager] Visual event logged: [HIGH] IMPACT_COLLAPSE on V_20 — Person fall detected after sudden motion spike.
22:44:33 | WARNING  | suraksha.frame_processor | [Capture] Frame loss / black frame detected (1/10)
22:44:36 | INFO     | suraksha.event_manager | [EventManager] Visual event logged: [HIGH] IMPACT_COLLAPSE on V_20 — Person fall detected after sudden motion spike.
22:44:38 | WARNING  | suraksha.frame_processor | [Capture] Frame loss / black frame detected (1/10)
22:44:40 | INFO     | suraksha.event_manager | [EventManager] Visual event logged: [HIGH] IMPACT_COLLAPSE on V_20 — Person fall detected after sudden motion spike.
22:44:40 | INFO     | suraksha.event_manager | [EventManager] Visual event logged: [HIGH] IMPACT_COLLAPSE on Webcam Unit — Person fall detected after sudden motion spike.
22:44:41 | INFO     | suraksha.event_manager | [EventManager] Visual event logged: [HIGH] IMPACT_COLLAPSE on Webcam Unit — Person fall detected after sudden motion spike.
22:44:41 | INFO     | suraksha.event_manager | [EventManager] Visual event logged: [HIGH] IMPACT_COLLAPSE on V_20 — Person fall detected after sudden motion spike.
22:44:41 | INFO     | suraksha.event_manager | [EventManager] Visual event logged: [HIGH] IMPACT_COLLAPSE on V_20 — Person fall detected after sudden motion spike.
22:44:43 | WARNING  | suraksha.frame_processor | [Capture] Frame loss / black frame detected (1/10)
22:44:44 | INFO     | suraksha.event_manager | [EventManager] Visual event logged: [HIGH] IMPACT_COLLAPSE on V_20 — Person fall detected after sudden motion spike.
22:44:44 | INFO     | suraksha.event_manager | [EventManager] Visual event logged: [HIGH] IMPACT_COLLAPSE on f — Person fall detected after sudden motion spike.
22:44:49 | WARNING  | suraksha.frame_processor | [Capture] Frame loss / black frame detected (1/10)
22:44:50 | INFO     | suraksha.event_manager | [EventManager] Visual event logged: [HIGH] IMPACT_COLLAPSE on ldjv — Person fall detected after sudden motion spike.
22:44:50 | INFO     | suraksha.event_manager | [EventManager] Visual event logged: [HIGH] IMPACT_COLLAPSE on V_20 — Person fall detected after sudden motion spike.
22:44:50 | INFO     | suraksha.event_manager | [EventManager] Visual event logged: [HIGH] IMPACT_COLLAPSE on V_20 — Person fall detected after sudden motion spike.
22:44:50 | INFO     | suraksha.event_manager | [EventManager] Visual event logged: [HIGH] IMPACT_COLLAPSE on Webcam Unit — Person fall detected after sudden motion spike.
22:44:54 | WARNING  | suraksha.frame_processor | [Capture] Frame loss / black frame detected (1/10)
22:44:55 | INFO     | suraksha.event_manager | [EventManager] Visual event logged: [HIGH] IMPACT_COLLAPSE on V_20 — Person fall detected after sudden motion spike.
22:45:00 | WARNING  | suraksha.frame_processor | [Capture] Frame loss / black frame detected (1/10)
22:45:01 | INFO     | suraksha.event_manager | [EventManager] Visual event logged: [HIGH] IMPACT_COLLAPSE on ldjv — Person fall detected after sudden motion spike.
22:45:01 | INFO     | suraksha.event_manager | [EventManager] Visual event logged: [HIGH] IMPACT_COLLAPSE on V_20 — Person fall detected after sudden motion spike.
22:45:05 | WARNING  | suraksha.frame_processor | [Capture] Frame loss / black frame detected (1/10)
22:45:06 | INFO     | suraksha.event_manager | [EventManager] Visual event logged: [HIGH] IMPACT_COLLAPSE on V_20 — Person fall detected after sudden motion spike.
22:45:06 | INFO     | suraksha.event_manager | [EventManager] Visual event logged: [HIGH] IMPACT_COLLAPSE on f — Person fall detected after sudden motion spike.
22:45:11 | WARNING  | suraksha.frame_processor | [Capture] Frame loss / black frame detected (1/10)
22:45:14 | INFO     | suraksha.event_manager | [EventManager] Visual event logged: [HIGH] IMPACT_COLLAPSE on V_20 — Person fall detected after sudden motion spike.
22:45:16 | WARNING  | suraksha.frame_processor | [Capture] Frame loss / black frame detected (1/10)
22:45:17 | INFO     | suraksha.event_manager | [EventManager] Visual event logged: [HIGH] IMPACT_COLLAPSE on V_20 — Person fall detected after sudden motion spike.
22:45:21 | WARNING  | suraksha.frame_processor | [Capture] Frame loss / black frame detected (1/10)
22:45:22 | INFO     | suraksha.event_manager | [EventManager] Visual event logged: [HIGH] IMPACT_COLLAPSE on V_20 — Person fall detected after sudden motion spike.
E0000 00:00:1779383726.448638  174508 portable_clearcut_uploader.cc:90] Failed to send to clearcut: FAILED_PRECONDITION: Not valid for uploading until: 2026-05-21T22:50:26.419865+05:30
=== Source Location Trace: ===
wireless/android/play/playlog/cplusplus/portable_clearcut_uploader.cc:180
22:45:27 | WARNING  | suraksha.frame_processor | [Capture] Frame loss / black frame detected (1/10)
22:45:32 | WARNING  | suraksha.frame_processor | [Capture] Frame loss / black frame detected (1/10)
22:45:34 | INFO     | suraksha.event_manager | [EventManager] Visual event logged: [HIGH] IMPACT_COLLAPSE on V_20 — Person fall detected after sudden motion spike.
22:45:36 | INFO     | suraksha.event_manager | [EventManager] Visual event logged: [HIGH] IMPACT_COLLAPSE on f — Person fall detected after sudden motion spike.
22:45:36 | INFO     | suraksha.event_manager | [EventManager] Visual event logged: [HIGH] IMPACT_COLLAPSE on V_20 — Person fall detected after sudden motion spike.
22:45:38 | WARNING  | suraksha.frame_processor | [Capture] Frame loss / black frame detected (1/10)
22:45:38 | INFO     | suraksha.event_manager | [EventManager] Visual event logged: [HIGH] IMPACT_COLLAPSE on f — Person fall detected after sudden motion spike.
22:45:38 | INFO     | suraksha.event_manager | [EventManager] Visual event logged: [HIGH] IMPACT_COLLAPSE on V_20 — Person fall detected after sudden motion spike.
22:45:38 | INFO     | suraksha.event_manager | [EventManager] Visual event logged: [HIGH] IMPACT_COLLAPSE on V_20 — Person fall detected after sudden motion spike.
22:45:39 | INFO     | suraksha.event_manager | [EventManager] Visual event logged: [CRITICAL] FIGHTING_STRIKES on f — Repeated aggressive arm strikes counted.
22:45:39 | INFO     | suraksha.event_manager | [EventManager] Visual event logged: [CRITICAL] FIGHTING_STRIKES on V_20 — Repeated aggressive arm strikes counted.
22:45:39 | INFO     | suraksha.event_manager | [EventManager] Visual event logged: [CRITICAL] FIGHTING_STRIKES on Webcam Unit — Repeated aggressive arm strikes counted.
22:45:39 | INFO     | suraksha.event_manager | [EventManager] Visual event logged: [CRITICAL] FIGHTING_STRIKES on ldjv — Repeated aggressive arm strikes counted.
22:45:43 | INFO     | suraksha.event_manager | [EventManager] Visual event logged: [HIGH] IMPACT_COLLAPSE on ldjv — Person fall detected after sudden motion spike.
22:45:43 | INFO     | suraksha.event_manager | [EventManager] Visual event logged: [HIGH] IMPACT_COLLAPSE on V_20 — Person fall detected after sudden motion spike.
22:45:43 | WARNING  | suraksha.frame_processor | [Capture] Frame loss / black frame detected (1/10)
22:45:45 | INFO     | suraksha.event_manager | [EventManager] Visual event logged: [HIGH] IMPACT_COLLAPSE on V_20 — Person fall detected after sudden motion spike.
22:45:48 | INFO     | suraksha.event_manager | [EventManager] Visual event logged: [HIGH] IMPACT_COLLAPSE on V_20 — Person fall detected after sudden motion spike.
22:45:49 | WARNING  | suraksha.frame_processor | [Capture] Frame loss / black frame detected (1/10)
22:45:54 | INFO     | suraksha.event_manager | [EventManager] Visual event logged: [HIGH] IMPACT_COLLAPSE on V_20 — Person fall detected after sudden motion spike.
22:45:54 | WARNING  | suraksha.frame_processor | [Capture] Frame loss / black frame detected (1/10)
22:45:56 | INFO     | suraksha.event_manager | [EventManager] Visual event logged: [HIGH] IMPACT_COLLAPSE on Webcam Unit — Person fall detected after sudden motion spike.
22:45:56 | INFO     | suraksha.event_manager | [EventManager] Visual event logged: [HIGH] IMPACT_COLLAPSE on V_20 — Person fall detected after sudden motion spike.
22:46:00 | WARNING  | suraksha.frame_processor | [Capture] Frame loss / black frame detected (1/10)
22:46:00 | INFO     | suraksha.event_manager | [EventManager] Visual event logged: [HIGH] IMPACT_COLLAPSE on V_20 — Person fall detected after sudden motion spike.
22:46:05 | WARNING  | suraksha.frame_processor | [Capture] Frame loss / black frame detected (1/10)
22:46:05 | INFO     | suraksha.event_manager | [EventManager] Visual event logged: [HIGH] IMPACT_COLLAPSE on f — Person fall detected after sudden motion spike.
22:46:05 | INFO     | suraksha.event_manager | [EventManager] Visual event logged: [HIGH] IMPACT_COLLAPSE on V_20 — Person fall detected after sudden motion spike.
22:46:08 | INFO     | suraksha.event_manager | [EventManager] Visual event logged: [HIGH] IMPACT_COLLAPSE on V_20 — Person fall detected after sudden motion spike.
22:46:10 | WARNING  | suraksha.frame_processor | [Capture] Frame loss / black frame detected (1/10)
22:46:16 | WARNING  | suraksha.frame_processor | [Capture] Frame loss / black frame detected (1/10)
22:46:16 | INFO     | suraksha.event_manager | [EventManager] Visual event logged: [HIGH] IMPACT_COLLAPSE on V_20 — Person fall detected after sudden motion spike.
22:46:17 | INFO     | suraksha.event_manager | [EventManager] Visual event logged: [HIGH] IMPACT_COLLAPSE on V_20 — Person fall detected after sudden motion spike.
22:46:17 | INFO     | suraksha.event_manager | [EventManager] Visual event logged: [HIGH] IMPACT_COLLAPSE on V_20 — Person fall detected after sudden motion spike.
22:46:18 | INFO     | suraksha.event_manager | [EventManager] Visual event logged: [HIGH] IMPACT_COLLAPSE on Webcam Unit — Person fall detected after sudden motion spike.
22:46:18 | INFO     | suraksha.event_manager | [EventManager] Visual event logged: [HIGH] IMPACT_COLLAPSE on ldjv — Person fall detected after sudden motion spike.
22:46:18 | INFO     | suraksha.event_manager | [EventManager] Visual event logged: [HIGH] IMPACT_COLLAPSE on f — Person fall detected after sudden motion spike.
22:46:21 | WARNING  | suraksha.frame_processor | [Capture] Frame loss / black frame detected (1/10)
22:46:24 | INFO     | suraksha.event_manager | [EventManager] Visual event logged: [HIGH] IMPACT_COLLAPSE on V_20 — Person fall detected after sudden motion spike.
E0000 00:00:1779383786.452863  174508 portable_clearcut_uploader.cc:90] Failed to send to clearcut: FAILED_PRECONDITION: Not valid for uploading until: 2026-05-21T22:50:26.419865+05:30
=== Source Location Trace: ===
wireless/android/play/playlog/cplusplus/portable_clearcut_uploader.cc:180
22:46:27 | WARNING  | suraksha.frame_processor | [Capture] Frame loss / black frame detected (1/10)
22:46:28 | INFO     | suraksha.event_manager | [EventManager] Visual event logged: [HIGH] IMPACT_COLLAPSE on V_20 — Person fall detected after sudden motion spike.
22:46:28 | INFO     | suraksha.event_manager | [EventManager] Visual event logged: [HIGH] IMPACT_COLLAPSE on V_20 — Person fall detected after sudden motion spike.
22:46:30 | INFO     | suraksha.event_manager | [EventManager] Visual event logged: [HIGH] IMPACT_COLLAPSE on V_20 — Person fall detected after sudden motion spike.
22:46:31 | INFO     | suraksha.event_manager | [EventManager] Visual event logged: [HIGH] IMPACT_COLLAPSE on V_20 — Person fall detected after sudden motion spike.
22:46:32 | WARNING  | suraksha.frame_processor | [Capture] Frame loss / black frame detected (1/10)
22:46:33 | INFO     | suraksha.event_manager | [EventManager] Visual event logged: [HIGH] IMPACT_COLLAPSE on V_20 — Person fall detected after sudden motion spike.
22:46:34 | INFO     | suraksha.event_manager | [EventManager] Visual event logged: [HIGH] IMPACT_COLLAPSE on Webcam Unit — Person fall detected after sudden motion spike.
22:46:34 | INFO     | suraksha.event_manager | [EventManager] Visual event logged: [HIGH] IMPACT_COLLAPSE on ldjv — Person fall detected after sudden motion spike.
22:46:38 | WARNING  | suraksha.frame_processor | [Capture] Frame loss / black frame detected (1/10)
22:46:38 | INFO     | suraksha.event_manager | [EventManager] Visual event logged: [HIGH] IMPACT_COLLAPSE on V_20 — Person fall detected after sudden motion spike.
22:46:39 | INFO     | suraksha.event_manager | [EventManager] Visual event logged: [HIGH] IMPACT_COLLAPSE on V_20 — Person fall detected after sudden motion spike.
22:46:39 | INFO     | suraksha.event_manager | [EventManager] Visual event logged: [HIGH] IMPACT_COLLAPSE on ldjv — Person fall detected after sudden motion spike.
22:46:39 | INFO     | suraksha.event_manager | [EventManager] Visual event logged: [HIGH] IMPACT_COLLAPSE on Webcam Unit — Person fall detected after sudden motion spike.
22:46:41 | INFO     | suraksha.event_manager | [EventManager] Visual event logged: [HIGH] IMPACT_COLLAPSE on V_20 — Person fall detected after sudden motion spike.
22:46:41 | INFO     | suraksha.event_manager | [EventManager] Visual event logged: [HIGH] AGGRESSIVE_CHASE on V_20 — Converging bounding velocities indicating a chase.
22:46:43 | WARNING  | suraksha.frame_processor | [Capture] Frame loss / black frame detected (1/10)
22:46:48 | INFO     | suraksha.event_manager | [EventManager] Visual event logged: [HIGH] IMPACT_COLLAPSE on V_20 — Person fall detected after sudden motion spike.
22:46:48 | WARNING  | suraksha.frame_processor | [Capture] Frame loss / black frame detected (1/10)
22:46:50 | INFO     | suraksha.event_manager | [EventManager] Visual event logged: [HIGH] IMPACT_COLLAPSE on V_20 — Person fall detected after sudden motion spike.
22:46:50 | INFO     | suraksha.event_manager | [EventManager] Visual event logged: [HIGH] IMPACT_COLLAPSE on V_20 — Person fall detected after sudden motion spike.
22:46:50 | INFO     | suraksha.event_manager | [EventManager] Visual event logged: [HIGH] IMPACT_COLLAPSE on ldjv — Person fall detected after sudden motion spike.
22:46:54 | WARNING  | suraksha.frame_processor | [Capture] Frame loss / black frame detected (1/10)
22:46:55 | INFO     | suraksha.event_manager | [EventManager] Visual event logged: [HIGH] IMPACT_COLLAPSE on V_20 — Person fall detected after sudden motion spike.
22:46:57 | INFO     | suraksha.event_manager | [EventManager] Visual event logged: [HIGH] IMPACT_COLLAPSE on V_20 — Person fall detected after sudden motion spike.
22:46:59 | WARNING  | suraksha.frame_processor | [Capture] Frame loss / black frame detected (1/10)
22:47:05 | WARNING  | suraksha.frame_processor | [Capture] Frame loss / black frame detected (1/10)
22:47:07 | INFO     | suraksha.event_manager | [EventManager] Visual event logged: [HIGH] IMPACT_COLLAPSE on V_20 — Person fall detected after sudden motion spike.
22:47:08 | INFO     | suraksha.event_manager | [EventManager] Visual event logged: [HIGH] IMPACT_COLLAPSE on Webcam Unit — Person fall detected after sudden motion spike.
22:47:08 | INFO     | suraksha.event_manager | [EventManager] Visual event logged: [HIGH] IMPACT_COLLAPSE on V_20 — Person fall detected after sudden motion spike.
22:47:10 | INFO     | suraksha.event_manager | [EventManager] Visual event logged: [HIGH] IMPACT_COLLAPSE on ldjv — Person fall detected after sudden motion spike.
22:47:10 | INFO     | suraksha.event_manager | [EventManager] Visual event logged: [HIGH] IMPACT_COLLAPSE on f — Person fall detected after sudden motion spike.
22:47:10 | INFO     | suraksha.event_manager | [EventManager] Visual event logged: [HIGH] IMPACT_COLLAPSE on Webcam Unit — Person fall detected after sudden motion spike.
22:47:10 | INFO     | suraksha.event_manager | [EventManager] Visual event logged: [HIGH] IMPACT_COLLAPSE on V_20 — Person fall detected after sudden motion spike.
22:47:10 | WARNING  | suraksha.frame_processor | [Capture] Frame loss / black frame detected (1/10)
22:47:12 | INFO     | suraksha.event_manager | [EventManager] Visual event logged: [HIGH] IMPACT_COLLAPSE on V_20 — Person fall detected after sudden motion spike.
22:47:12 | INFO     | suraksha.event_manager | [EventManager] Visual event logged: [HIGH] IMPACT_COLLAPSE on ldjv — Person fall detected after sudden motion spike.
22:47:12 | INFO     | suraksha.event_manager | [EventManager] Visual event logged: [HIGH] IMPACT_COLLAPSE on f — Person fall detected after sudden motion spike.
22:47:12 | INFO     | suraksha.event_manager | [EventManager] Visual event logged: [HIGH] IMPACT_COLLAPSE on Webcam Unit — Person fall detected after sudden motion spike.
22:47:12 | INFO     | suraksha.event_manager | [EventManager] Visual event logged: [HIGH] IMPACT_COLLAPSE on V_20 — Person fall detected after sudden motion spike.
22:47:16 | WARNING  | suraksha.frame_processor | [Capture] Frame loss / black frame detected (1/10)
22:47:17 | INFO     | suraksha.event_manager | [EventManager] Visual event logged: [HIGH] IMPACT_COLLAPSE on V_20 — Person fall detected after sudden motion spike.
22:47:21 | INFO     | suraksha.event_manager | [EventManager] Visual event logged: [HIGH] IMPACT_COLLAPSE on V_20 — Person fall detected after sudden motion spike.
22:47:21 | WARNING  | suraksha.frame_processor | [Capture] Frame loss / black frame detected (1/10)
22:47:23 | INFO     | suraksha.event_manager | [EventManager] Visual event logged: [HIGH] IMPACT_COLLAPSE on ldjv — Person fall detected after sudden motion spike.
22:47:23 | INFO     | suraksha.event_manager | [EventManager] Visual event logged: [HIGH] IMPACT_COLLAPSE on f — Person fall detected after sudden motion spike.
22:47:23 | INFO     | suraksha.event_manager | [EventManager] Visual event logged: [HIGH] IMPACT_COLLAPSE on V_20 — Person fall detected after sudden motion spike.
22:47:23 | INFO     | suraksha.event_manager | [EventManager] Visual event logged: [HIGH] IMPACT_COLLAPSE on Webcam Unit — Person fall detected after sudden motion spike.
22:47:24 | INFO     | suraksha.event_manager | [EventManager] Visual event logged: [HIGH] IMPACT_COLLAPSE on V_20 — Person fall detected after sudden motion spike.
22:47:24 | INFO     | suraksha.event_manager | [EventManager] Visual event logged: [HIGH] IMPACT_COLLAPSE on V_20 — Person fall detected after sudden motion spike.
22:47:25 | INFO     | suraksha.event_manager | [EventManager] Visual event logged: [HIGH] IMPACT_COLLAPSE on V_20 — Person fall detected after sudden motion spike.
E0000 00:00:1779383846.458145  174508 portable_clearcut_uploader.cc:90] Failed to send to clearcut: FAILED_PRECONDITION: Not valid for uploading until: 2026-05-21T22:50:26.419865+05:30
=== Source Location Trace: ===
wireless/android/play/playlog/cplusplus/portable_clearcut_uploader.cc:180
22:47:26 | INFO     | suraksha.event_manager | [EventManager] Visual event logged: [HIGH] IMPACT_COLLAPSE on V_20 — Person fall detected after sudden motion spike.
22:47:27 | WARNING  | suraksha.frame_processor | [Capture] Frame loss / black frame detected (1/10)
22:47:27 | INFO     | suraksha.event_manager | [EventManager] Visual event logged: [HIGH] IMPACT_COLLAPSE on V_20 — Person fall detected after sudden motion spike.
22:47:28 | INFO     | suraksha.event_manager | [EventManager] Visual event logged: [HIGH] IMPACT_COLLAPSE on f — Person fall detected after sudden motion spike.
22:47:28 | INFO     | suraksha.event_manager | [EventManager] Visual event logged: [HIGH] IMPACT_COLLAPSE on ldjv — Person fall detected after sudden motion spike.
22:47:28 | INFO     | suraksha.event_manager | [EventManager] Visual event logged: [HIGH] IMPACT_COLLAPSE on V_20 — Person fall detected after sudden motion spike.
22:47:28 | INFO     | suraksha.event_manager | [EventManager] Visual event logged: [HIGH] IMPACT_COLLAPSE on Webcam Unit — Person fall detected after sudden motion spike.
22:47:30 | INFO     | suraksha.event_manager | [EventManager] Visual event logged: [HIGH] IMPACT_COLLAPSE on V_20 — Person fall detected after sudden motion spike.
22:47:32 | WARNING  | suraksha.frame_processor | [Capture] Frame loss / black frame detected (1/10)
22:47:32 | INFO     | suraksha.event_manager | [EventManager] Visual event logged: [HIGH] IMPACT_COLLAPSE on V_20 — Person fall detected after sudden motion spike.
22:47:33 | INFO     | suraksha.event_manager | [EventManager] Visual event logged: [HIGH] IMPACT_COLLAPSE on V_20 — Person fall detected after sudden motion spike.
22:47:33 | INFO     | suraksha.event_manager | [EventManager] Visual event logged: [HIGH] IMPACT_COLLAPSE on ldjv — Person fall detected after sudden motion spike.
22:47:33 | INFO     | suraksha.event_manager | [EventManager] Visual event logged: [HIGH] IMPACT_COLLAPSE on f — Person fall detected after sudden motion spike.
22:47:33 | INFO     | suraksha.event_manager | [EventManager] Visual event logged: [HIGH] IMPACT_COLLAPSE on Webcam Unit — Person fall detected after sudden motion spike.
22:47:33 | INFO     | suraksha.event_manager | [EventManager] Visual event logged: [HIGH] IMPACT_COLLAPSE on V_20 — Person fall detected after sudden motion spike.
22:47:35 | INFO     | suraksha.event_manager | [EventManager] Visual event logged: [HIGH] AGGRESSIVE_CHASE on V_20 — Converging bounding velocities indicating a chase.
22:47:35 | INFO     | suraksha.event_manager | [EventManager] Visual event logged: [HIGH] IMPACT_COLLAPSE on V_20 — Person fall detected after sudden motion spike.
22:47:37 | WARNING  | suraksha.frame_processor | [Capture] Frame loss / black frame detected (1/10)
22:47:39 | INFO     | suraksha.event_manager | [EventManager] Visual event logged: [HIGH] IMPACT_COLLAPSE on V_20 — Person fall detected after sudden motion spike.
22:47:39 | INFO     | suraksha.event_manager | [EventManager] Visual event logged: [HIGH] AGGRESSIVE_CHASE on V_20 — Converging bounding velocities indicating a chase.
22:47:43 | WARNING  | suraksha.frame_processor | [Capture] Frame loss / black frame detected (1/10)
22:47:44 | INFO     | suraksha.event_manager | [EventManager] Visual event logged: [HIGH] AGGRESSIVE_CHASE on V_20 — Converging bounding velocities indicating a chase.
22:47:44 | INFO     | suraksha.event_manager | [EventManager] Visual event logged: [HIGH] IMPACT_COLLAPSE on V_20 — Person fall detected after sudden motion spike.
22:47:46 | INFO     | suraksha.event_manager | [EventManager] Visual event logged: [HIGH] IMPACT_COLLAPSE on V_20 — Person fall detected after sudden motion spike.
22:47:48 | WARNING  | suraksha.frame_processor | [Capture] Frame loss / black frame detected (1/10)
22:47:49 | INFO     | suraksha.event_manager | [EventManager] Visual event logged: [HIGH] IMPACT_COLLAPSE on V_20 — Person fall detected after sudden motion spike.
22:47:49 | INFO     | suraksha.event_manager | [EventManager] Visual event logged: [HIGH] IMPACT_COLLAPSE on V_20 — Person fall detected after sudden motion spike.
22:47:50 | INFO     | suraksha.event_manager | [EventManager] Visual event logged: [HIGH] IMPACT_COLLAPSE on f — Person fall detected after sudden motion spike.
22:47:50 | INFO     | suraksha.event_manager | [EventManager] Visual event logged: [HIGH] IMPACT_COLLAPSE on ldjv — Person fall detected after sudden motion spike.
22:47:54 | WARNING  | suraksha.frame_processor | [Capture] Frame loss / black frame detected (1/10)
22:47:54 | INFO     | suraksha.event_manager | [EventManager] Visual event logged: [HIGH] IMPACT_COLLAPSE on V_20 — Person fall detected after sudden motion spike.
22:47:55 | INFO     | suraksha.event_manager | [EventManager] Visual event logged: [HIGH] IMPACT_COLLAPSE on V_20 — Person fall detected after sudden motion spike.
22:47:55 | INFO     | suraksha.event_manager | [EventManager] Visual event logged: [HIGH] IMPACT_COLLAPSE on Webcam Unit — Person fall detected after sudden motion spike.
22:47:55 | INFO     | suraksha.event_manager | [EventManager] Visual event logged: [HIGH] IMPACT_COLLAPSE on V_20 — Person fall detected after sudden motion spike.
22:47:55 | INFO     | suraksha.event_manager | [EventManager] Visual event logged: [HIGH] IMPACT_COLLAPSE on V_20 — Person fall detected after sudden motion spike.
22:47:56 | INFO     | suraksha.event_manager | [EventManager] Visual event logged: [HIGH] IMPACT_COLLAPSE on f — Person fall detected after sudden motion spike.
22:47:56 | INFO     | suraksha.event_manager | [EventManager] Visual event logged: [HIGH] IMPACT_COLLAPSE on ldjv — Person fall detected after sudden motion spike.
22:47:59 | INFO     | suraksha.event_manager | [EventManager] Visual event logged: [HIGH] IMPACT_COLLAPSE on V_20 — Person fall detected after sudden motion spike.
22:47:59 | WARNING  | suraksha.frame_processor | [Capture] Frame loss / black frame detected (1/10)
22:48:00 | INFO     | suraksha.event_manager | [EventManager] Visual event logged: [HIGH] IMPACT_COLLAPSE on Webcam Unit — Person fall detected after sudden motion spike.
22:48:00 | INFO     | suraksha.event_manager | [EventManager] Visual event logged: [HIGH] IMPACT_COLLAPSE on V_20 — Person fall detected after sudden motion spike.
22:48:01 | INFO     | suraksha.event_manager | [EventManager] Visual event logged: [HIGH] IMPACT_COLLAPSE on V_20 — Person fall detected after sudden motion spike.
22:48:04 | INFO     | suraksha.event_manager | [EventManager] Visual event logged: [HIGH] IMPACT_COLLAPSE on ldjv — Person fall detected after sudden motion spike.
22:48:04 | INFO     | suraksha.event_manager | [EventManager] Visual event logged: [HIGH] IMPACT_COLLAPSE on f — Person fall detected after sudden motion spike.
22:48:04 | INFO     | suraksha.event_manager | [EventManager] Visual event logged: [HIGH] IMPACT_COLLAPSE on V_20 — Person fall detected after sudden motion spike.
22:48:04 | INFO     | suraksha.event_manager | [EventManager] Visual event logged: [HIGH] IMPACT_COLLAPSE on Webcam Unit — Person fall detected after sudden motion spike.
22:48:05 | WARNING  | suraksha.frame_processor | [Capture] Frame loss / black frame detected (1/10)
22:48:06 | INFO     | suraksha.event_manager | [EventManager] Visual event logged: [HIGH] IMPACT_COLLAPSE on V_20 — Person fall detected after sudden motion spike.
22:48:06 | INFO     | suraksha.event_manager | [EventManager] Visual event logged: [HIGH] AGGRESSIVE_CHASE on V_20 — Converging bounding velocities indicating a chase.
22:48:06 | INFO     | suraksha.event_manager | [EventManager] Visual event logged: [HIGH] IMPACT_COLLAPSE on f — Person fall detected after sudden motion spike.
22:48:06 | INFO     | suraksha.event_manager | [EventManager] Visual event logged: [HIGH] IMPACT_COLLAPSE on ldjv — Person fall detected after sudden motion spike.
22:48:06 | INFO     | suraksha.event_manager | [EventManager] Visual event logged: [HIGH] IMPACT_COLLAPSE on Webcam Unit — Person fall detected after sudden motion spike.
22:48:08 | INFO     | suraksha.event_manager | [EventManager] Visual event logged: [HIGH] IMPACT_COLLAPSE on V_20 — Person fall detected after sudden motion spike.
22:48:09 | INFO     | suraksha.event_manager | [EventManager] Visual event logged: [HIGH] IMPACT_COLLAPSE on V_20 — Person fall detected after sudden motion spike.
22:48:10 | WARNING  | suraksha.frame_processor | [Capture] Frame loss / black frame detected (1/10)
22:48:11 | INFO     | suraksha.event_manager | [EventManager] Visual event logged: [HIGH] IMPACT_COLLAPSE on f — Person fall detected after sudden motion spike.
22:48:12 | INFO     | suraksha.event_manager | [EventManager] Visual event logged: [HIGH] IMPACT_COLLAPSE on V_20 — Person fall detected after sudden motion spike.
22:48:12 | INFO     | suraksha.event_manager | [EventManager] Visual event logged: [HIGH] IMPACT_COLLAPSE on ldjv — Person fall detected after sudden motion spike.
22:48:12 | INFO     | suraksha.event_manager | [EventManager] Visual event logged: [HIGH] IMPACT_COLLAPSE on Webcam Unit — Person fall detected after sudden motion spike.
22:48:16 | WARNING  | suraksha.frame_processor | [Capture] Frame loss / black frame detected (1/10)
22:48:16 | INFO     | suraksha.event_manager | [EventManager] Visual event logged: [HIGH] IMPACT_COLLAPSE on V_20 — Person fall detected after sudden motion spike.
22:48:17 | INFO     | suraksha.event_manager | [EventManager] Visual event logged: [HIGH] IMPACT_COLLAPSE on f — Person fall detected after sudden motion spike.
22:48:17 | INFO     | suraksha.event_manager | [EventManager] Visual event logged: [HIGH] IMPACT_COLLAPSE on ldjv — Person fall detected after sudden motion spike.
22:48:17 | INFO     | suraksha.event_manager | [EventManager] Visual event logged: [HIGH] IMPACT_COLLAPSE on V_20 — Person fall detected after sudden motion spike.
22:48:19 | INFO     | suraksha.event_manager | [EventManager] Visual event logged: [HIGH] IMPACT_COLLAPSE on V_20 — Person fall detected after sudden motion spike.
22:48:20 | INFO     | suraksha.event_manager | [EventManager] Visual event logged: [HIGH] IMPACT_COLLAPSE on V_20 — Person fall detected after sudden motion spike.
22:48:21 | WARNING  | suraksha.frame_processor | [Capture] Frame loss / black frame detected (1/10)
22:48:22 | INFO     | suraksha.event_manager | [EventManager] Visual event logged: [HIGH] IMPACT_COLLAPSE on V_20 — Person fall detected after sudden motion spike.
22:48:23 | INFO     | suraksha.event_manager | [EventManager] Visual event logged: [HIGH] IMPACT_COLLAPSE on ldjv — Person fall detected after sudden motion spike.
22:48:23 | INFO     | suraksha.event_manager | [EventManager] Visual event logged: [HIGH] IMPACT_COLLAPSE on V_20 — Person fall detected after sudden motion spike.
22:48:23 | INFO     | suraksha.event_manager | [EventManager] Visual event logged: [HIGH] IMPACT_COLLAPSE on f — Person fall detected after sudden motion spike.
22:48:23 | INFO     | suraksha.event_manager | [EventManager] Visual event logged: [HIGH] IMPACT_COLLAPSE on Webcam Unit — Person fall detected after sudden motion spike.
22:48:23 | INFO     | suraksha.event_manager | [EventManager] Visual event logged: [HIGH] IMPACT_COLLAPSE on V_20 — Person fall detected after sudden motion spike.
22:48:24 | INFO     | suraksha.event_manager | [EventManager] Visual event logged: [HIGH] IMPACT_COLLAPSE on V_20 — Person fall detected after sudden motion spike.
22:48:24 | INFO     | suraksha.event_manager | [EventManager] Visual event logged: [HIGH] IMPACT_COLLAPSE on f — Person fall detected after sudden motion spike.
22:48:24 | INFO     | suraksha.event_manager | [EventManager] Visual event logged: [HIGH] IMPACT_COLLAPSE on ldjv — Person fall detected after sudden motion spike.
E0000 00:00:1779383906.463425  174508 portable_clearcut_uploader.cc:90] Failed to send to clearcut: FAILED_PRECONDITION: Not valid for uploading until: 2026-05-21T22:50:26.419865+05:30
=== Source Location Trace: ===
wireless/android/play/playlog/cplusplus/portable_clearcut_uploader.cc:180
22:48:26 | WARNING  | suraksha.frame_processor | [Capture] Frame loss / black frame detected (1/10)
22:48:27 | INFO     | suraksha.event_manager | [EventManager] Visual event logged: [HIGH] IMPACT_COLLAPSE on f — Person fall detected after sudden motion spike.
22:48:27 | INFO     | suraksha.event_manager | [EventManager] Visual event logged: [HIGH] IMPACT_COLLAPSE on ldjv — Person fall detected after sudden motion spike.
22:48:27 | INFO     | suraksha.event_manager | [EventManager] Visual event logged: [HIGH] IMPACT_COLLAPSE on V_20 — Person fall detected after sudden motion spike.
22:48:30 | INFO     | suraksha.event_manager | [EventManager] Visual event logged: [HIGH] IMPACT_COLLAPSE on ldjv — Person fall detected after sudden motion spike.
22:48:30 | INFO     | suraksha.event_manager | [EventManager] Visual event logged: [HIGH] IMPACT_COLLAPSE on V_20 — Person fall detected after sudden motion spike.
22:48:30 | INFO     | suraksha.event_manager | [EventManager] Visual event logged: [HIGH] IMPACT_COLLAPSE on V_20 — Person fall detected after sudden motion spike.
22:48:32 | WARNING  | suraksha.frame_processor | [Capture] Frame loss / black frame detected (1/10)
22:48:33 | INFO     | suraksha.event_manager | [EventManager] Visual event logged: [HIGH] IMPACT_COLLAPSE on V_20 — Person fall detected after sudden motion spike.
22:48:34 | INFO     | suraksha.event_manager | [EventManager] Visual event logged: [HIGH] IMPACT_COLLAPSE on f — Person fall detected after sudden motion spike.
22:48:34 | INFO     | suraksha.event_manager | [EventManager] Visual event logged: [HIGH] IMPACT_COLLAPSE on V_20 — Person fall detected after sudden motion spike.
22:48:34 | INFO     | suraksha.event_manager | [EventManager] Visual event logged: [HIGH] IMPACT_COLLAPSE on ldjv — Person fall detected after sudden motion spike.
22:48:37 | INFO     | suraksha.event_manager | [EventManager] Visual event logged: [HIGH] IMPACT_COLLAPSE on V_20 — Person fall detected after sudden motion spike.
22:48:37 | WARNING  | suraksha.frame_processor | [Capture] Frame loss / black frame detected (1/10)
22:48:40 | INFO     | suraksha.event_manager | [EventManager] Visual event logged: [HIGH] IMPACT_COLLAPSE on Webcam Unit — Person fall detected after sudden motion spike.
22:48:40 | INFO     | suraksha.event_manager | [EventManager] Visual event logged: [HIGH] IMPACT_COLLAPSE on V_20 — Person fall detected after sudden motion spike.
22:48:43 | WARNING  | suraksha.frame_processor | [Capture] Frame loss / black frame detected (1/10)
22:48:48 | INFO     | suraksha.event_manager | [EventManager] Visual event logged: [HIGH] IMPACT_COLLAPSE on Webcam Unit — Person fall detected after sudden motion spike.
22:48:48 | INFO     | suraksha.event_manager | [EventManager] Visual event logged: [HIGH] IMPACT_COLLAPSE on V_20 — Person fall detected after sudden motion spike.
22:48:48 | WARNING  | suraksha.frame_processor | [Capture] Frame loss / black frame detected (1/10)
22:48:54 | WARNING  | suraksha.frame_processor | [Capture] Frame loss / black frame detected (1/10)
22:48:55 | INFO     | suraksha.event_manager | [EventManager] Visual event logged: [HIGH] IMPACT_COLLAPSE on Webcam Unit — Person fall detected after sudden motion spike.
22:48:55 | INFO     | suraksha.event_manager | [EventManager] Visual event logged: [HIGH] IMPACT_COLLAPSE on V_20 — Person fall detected after sudden motion spike.
22:48:57 | INFO     | suraksha.event_manager | [EventManager] Visual event logged: [HIGH] IMPACT_COLLAPSE on ldjv — Person fall detected after sudden motion spike.
22:48:57 | INFO     | suraksha.event_manager | [EventManager] Visual event logged: [HIGH] IMPACT_COLLAPSE on V_20 — Person fall detected after sudden motion spike.
22:48:59 | WARNING  | suraksha.frame_processor | [Capture] Frame loss / black frame detected (1/10)
22:49:02 | INFO     | suraksha.event_manager | [EventManager] Visual event logged: [HIGH] IMPACT_COLLAPSE on V_20 — Person fall detected after sudden motion spike.
22:49:02 | INFO     | suraksha.event_manager | [EventManager] Visual event logged: [HIGH] IMPACT_COLLAPSE on Webcam Unit — Person fall detected after sudden motion spike.
22:49:05 | WARNING  | suraksha.frame_processor | [Capture] Frame loss / black frame detected (1/10)
22:49:08 | INFO     | suraksha.event_manager | [EventManager] Visual event logged: [HIGH] IMPACT_COLLAPSE on Webcam Unit — Person fall detected after sudden motion spike.
22:49:08 | INFO     | suraksha.event_manager | [EventManager] Visual event logged: [HIGH] IMPACT_COLLAPSE on V_20 — Person fall detected after sudden motion spike.
22:49:10 | WARNING  | suraksha.frame_processor | [Capture] Frame loss / black frame detected (1/10)
22:49:10 | INFO     | suraksha.event_manager | [EventManager] Visual event logged: [HIGH] IMPACT_COLLAPSE on V_20 — Person fall detected after sudden motion spike.
22:49:13 | INFO     | suraksha.event_manager | [EventManager] Visual event logged: [HIGH] IMPACT_COLLAPSE on V_20 — Person fall detected after sudden motion spike.
22:49:15 | WARNING  | suraksha.frame_processor | [Capture] Frame loss / black frame detected (1/10)
22:49:20 | INFO     | suraksha.event_manager | [EventManager] Visual event logged: [HIGH] IMPACT_COLLAPSE on V_20 — Person fall detected after sudden motion spike.
22:49:21 | WARNING  | suraksha.frame_processor | [Capture] Frame loss / black frame detected (1/10)
22:49:22 | INFO     | suraksha.event_manager | [EventManager] Visual event logged: [HIGH] IMPACT_COLLAPSE on Webcam Unit — Person fall detected after sudden motion spike.
22:49:22 | INFO     | suraksha.event_manager | [EventManager] Visual event logged: [HIGH] IMPACT_COLLAPSE on V_20 — Person fall detected after sudden motion spike.
22:49:24 | INFO     | suraksha.event_manager | [EventManager] Visual event logged: [HIGH] IMPACT_COLLAPSE on V_20 — Person fall detected after sudden motion spike.
E0000 00:00:1779383966.467360  174508 portable_clearcut_uploader.cc:90] Failed to send to clearcut: FAILED_PRECONDITION: Not valid for uploading until: 2026-05-21T22:50:26.419865+05:30
=== Source Location Trace: ===
wireless/android/play/playlog/cplusplus/portable_clearcut_uploader.cc:180
22:49:26 | WARNING  | suraksha.frame_processor | [Capture] Frame loss / black frame detected (1/10)
22:49:32 | WARNING  | suraksha.frame_processor | [Capture] Frame loss / black frame detected (1/10)
22:49:33 | INFO     | suraksha.event_manager | [EventManager] Visual event logged: [HIGH] IMPACT_COLLAPSE on V_20 — Person fall detected after sudden motion spike.
22:49:37 | INFO     | suraksha.event_manager | [EventManager] Visual event logged: [HIGH] IMPACT_COLLAPSE on ldjv — Person fall detected after sudden motion spike.
22:49:37 | INFO     | suraksha.event_manager | [EventManager] Visual event logged: [HIGH] IMPACT_COLLAPSE on V_20 — Person fall detected after sudden motion spike.
22:49:37 | WARNING  | suraksha.frame_processor | [Capture] Frame loss / black frame detected (1/10)
22:49:39 | INFO     | suraksha.event_manager | [EventManager] Visual event logged: [HIGH] IMPACT_COLLAPSE on ldjv — Person fall detected after sudden motion spike.
22:49:40 | INFO     | suraksha.event_manager | [EventManager] Visual event logged: [HIGH] IMPACT_COLLAPSE on V_20 — Person fall detected after sudden motion spike.
22:49:43 | WARNING  | suraksha.frame_processor | [Capture] Frame loss / black frame detected (1/10)
22:49:45 | INFO     | suraksha.event_manager | [EventManager] Visual event logged: [HIGH] IMPACT_COLLAPSE on ldjv — Person fall detected after sudden motion spike.
22:49:45 | INFO     | suraksha.event_manager | [EventManager] Visual event logged: [HIGH] IMPACT_COLLAPSE on V_20 — Person fall detected after sudden motion spike.
22:49:45 | INFO     | suraksha.event_manager | [EventManager] Visual event logged: [HIGH] IMPACT_COLLAPSE on Webcam Unit — Person fall detected after sudden motion spike.
22:49:46 | INFO     | suraksha.event_manager | [EventManager] Visual event logged: [HIGH] IMPACT_COLLAPSE on V_20 — Person fall detected after sudden motion spike.
22:49:48 | WARNING  | suraksha.frame_processor | [Capture] Frame loss / black frame detected (1/10)
22:49:54 | WARNING  | suraksha.frame_processor | [Capture] Frame loss / black frame detected (1/10)
22:49:57 | INFO     | suraksha.event_manager | [EventManager] Visual event logged: [HIGH] IMPACT_COLLAPSE on V_20 — Person fall detected after sudden motion spike.
22:49:59 | WARNING  | suraksha.frame_processor | [Capture] Frame loss / black frame detected (1/10)
22:50:00 | INFO     | suraksha.event_manager | [EventManager] Visual event logged: [HIGH] IMPACT_COLLAPSE on V_20 — Person fall detected after sudden motion spike.
22:50:00 | INFO     | suraksha.event_manager | [EventManager] Visual event logged: [HIGH] IMPACT_COLLAPSE on f — Person fall detected after sudden motion spike.
22:50:00 | INFO     | suraksha.event_manager | [EventManager] Visual event logged: [HIGH] IMPACT_COLLAPSE on V_20 — Person fall detected after sudden motion spike.
22:50:04 | WARNING  | suraksha.frame_processor | [Capture] Frame loss / black frame detected (1/10)
22:50:10 | WARNING  | suraksha.frame_processor | [Capture] Frame loss / black frame detected (1/10)
22:50:15 | WARNING  | suraksha.frame_processor | [Capture] Frame loss / black frame detected (1/10)
22:50:16 | INFO     | suraksha.event_manager | [EventManager] Visual event logged: [HIGH] IMPACT_COLLAPSE on ldjv — Person fall detected after sudden motion spike.
22:50:16 | INFO     | suraksha.event_manager | [EventManager] Visual event logged: [HIGH] IMPACT_COLLAPSE on V_20 — Person fall detected after sudden motion spike.
22:50:21 | WARNING  | suraksha.frame_processor | [Capture] Frame loss / black frame detected (1/10)
22:50:22 | INFO     | suraksha.event_manager | [EventManager] Visual event logged: [HIGH] IMPACT_COLLAPSE on V_20 — Person fall detected after sudden motion spike.
22:50:24 | INFO     | suraksha.event_manager | [EventManager] Visual event logged: [HIGH] IMPACT_COLLAPSE on ldjv — Person fall detected after sudden motion spike.
22:50:24 | INFO     | suraksha.event_manager | [EventManager] Visual event logged: [HIGH] IMPACT_COLLAPSE on V_20 — Person fall detected after sudden motion spike.
22:50:26 | WARNING  | suraksha.frame_processor | [Capture] Frame loss / black frame detected (1/10)
22:50:27 | INFO     | suraksha.event_manager | [EventManager] Visual event logged: [HIGH] IMPACT_COLLAPSE on f — Person fall detected after sudden motion spike.
22:50:27 | INFO     | suraksha.event_manager | [EventManager] Visual event logged: [HIGH] IMPACT_COLLAPSE on V_20 — Person fall detected after sudden motion spike.
22:50:29 | INFO     | suraksha.event_manager | [EventManager] Visual event logged: [HIGH] IMPACT_COLLAPSE on V_20 — Person fall detected after sudden motion spike.
22:50:32 | WARNING  | suraksha.frame_processor | [Capture] Frame loss / black frame detected (1/10)
22:50:32 | INFO     | suraksha.event_manager | [EventManager] Visual event logged: [HIGH] IMPACT_COLLAPSE on V_20 — Person fall detected after sudden motion spike.
22:50:33 | INFO     | suraksha.event_manager | [EventManager] Visual event logged: [HIGH] IMPACT_COLLAPSE on V_20 — Person fall detected after sudden motion spike.
22:50:34 | INFO     | suraksha.event_manager | [EventManager] Visual event logged: [HIGH] IMPACT_COLLAPSE on Webcam Unit — Person fall detected after sudden motion spike.
22:50:37 | WARNING  | suraksha.frame_processor | [Capture] Frame loss / black frame detected (1/10)
22:50:37 | INFO     | suraksha.event_manager | [EventManager] Visual event logged: [HIGH] IMPACT_COLLAPSE on V_20 — Person fall detected after sudden motion spike.
22:50:39 | INFO     | suraksha.event_manager | [EventManager] Visual event logged: [HIGH] IMPACT_COLLAPSE on Webcam Unit — Person fall detected after sudden motion spike.
22:50:39 | INFO     | suraksha.event_manager | [EventManager] Visual event logged: [HIGH] IMPACT_COLLAPSE on V_20 — Person fall detected after sudden motion spike.
22:50:39 | INFO     | suraksha.event_manager | [EventManager] Visual event logged: [HIGH] IMPACT_COLLAPSE on f — Person fall detected after sudden motion spike.
22:50:42 | WARNING  | suraksha.frame_processor | [Capture] Frame loss / black frame detected (1/10)
22:50:48 | WARNING  | suraksha.frame_processor | [Capture] Frame loss / black frame detected (1/10)
22:50:53 | WARNING  | suraksha.frame_processor | [Capture] Frame loss / black frame detected (1/10)
22:50:54 | INFO     | suraksha.event_manager | [EventManager] Visual event logged: [HIGH] IMPACT_COLLAPSE on V_20 — Person fall detected after sudden motion spike.
22:50:55 | INFO     | suraksha.event_manager | [EventManager] Visual event logged: [HIGH] IMPACT_COLLAPSE on V_20 — Person fall detected after sudden motion spike.
22:50:55 | INFO     | suraksha.event_manager | [EventManager] Visual event logged: [HIGH] IMPACT_COLLAPSE on V_20 — Person fall detected after sudden motion spike.
22:50:59 | WARNING  | suraksha.frame_processor | [Capture] Frame loss / black frame detected (1/10)
22:50:59 | INFO     | suraksha.event_manager | [EventManager] Visual event logged: [HIGH] IMPACT_COLLAPSE on f — Person fall detected after sudden motion spike.
22:50:59 | INFO     | suraksha.event_manager | [EventManager] Visual event logged: [HIGH] IMPACT_COLLAPSE on V_20 — Person fall detected after sudden motion spike.
22:51:04 | WARNING  | suraksha.frame_processor | [Capture] Frame loss / black frame detected (1/10)
22:51:07 | INFO     | suraksha.event_manager | [EventManager] Visual event logged: [HIGH] IMPACT_COLLAPSE on V_20 — Person fall detected after sudden motion spike.
22:51:10 | WARNING  | suraksha.frame_processor | [Capture] Frame loss / black frame detected (1/10)
22:51:15 | WARNING  | suraksha.frame_processor | [Capture] Frame loss / black frame detected (1/10)
22:51:16 | INFO     | suraksha.event_manager | [EventManager] Visual event logged: [HIGH] IMPACT_COLLAPSE on f — Person fall detected after sudden motion spike.
22:51:16 | INFO     | suraksha.event_manager | [EventManager] Visual event logged: [HIGH] IMPACT_COLLAPSE on V_20 — Person fall detected after sudden motion spike.
22:51:18 | INFO     | suraksha.event_manager | [EventManager] Visual event logged: [HIGH] IMPACT_COLLAPSE on ldjv — Person fall detected after sudden motion spike.
22:51:20 | WARNING  | suraksha.frame_processor | [Capture] Frame loss / black frame detected (1/10)
22:51:24 | INFO     | suraksha.event_manager | [EventManager] Visual event logged: [HIGH] IMPACT_COLLAPSE on V_20 — Person fall detected after sudden motion spike.
22:51:26 | WARNING  | suraksha.frame_processor | [Capture] Frame loss / black frame detected (1/10)
E0000 00:00:1779384086.795231  174508 portable_clearcut_uploader.cc:90] Failed to send to clearcut: FAILED_PRECONDITION: Not valid for uploading until: 2026-05-21T23:05:26.780524+05:30
=== Source Location Trace: ===
wireless/android/play/playlog/cplusplus/portable_clearcut_uploader.cc:180
22:51:27 | INFO     | suraksha.event_manager | [EventManager] Visual event logged: [HIGH] IMPACT_COLLAPSE on V_20 — Person fall detected after sudden motion spike.
22:51:28 | INFO     | suraksha.event_manager | [EventManager] Visual event logged: [HIGH] IMPACT_COLLAPSE on Webcam Unit — Person fall detected after sudden motion spike.
22:51:28 | INFO     | suraksha.event_manager | [EventManager] Visual event logged: [HIGH] IMPACT_COLLAPSE on f — Person fall detected after sudden motion spike.
22:51:28 | INFO     | suraksha.event_manager | [EventManager] Visual event logged: [HIGH] IMPACT_COLLAPSE on V_20 — Person fall detected after sudden motion spike.
22:51:31 | WARNING  | suraksha.frame_processor | [Capture] Frame loss / black frame detected (1/10)
22:51:32 | INFO     | suraksha.event_manager | [EventManager] Visual event logged: [HIGH] IMPACT_COLLAPSE on V_20 — Person fall detected after sudden motion spike.
22:51:33 | INFO     | suraksha.event_manager | [EventManager] Visual event logged: [HIGH] IMPACT_COLLAPSE on V_20 — Person fall detected after sudden motion spike.
22:51:33 | INFO     | suraksha.event_manager | [EventManager] Visual event logged: [HIGH] IMPACT_COLLAPSE on Webcam Unit — Person fall detected after sudden motion spike.
22:51:35 | INFO     | suraksha.event_manager | [EventManager] Visual event logged: [HIGH] IMPACT_COLLAPSE on V_20 — Person fall detected after sudden motion spike.
22:51:37 | WARNING  | suraksha.frame_processor | [Capture] Frame loss / black frame detected (1/10)
22:51:42 | WARNING  | suraksha.frame_processor | [Capture] Frame loss / black frame detected (1/10)
22:51:44 | INFO     | suraksha.event_manager | [EventManager] Visual event logged: [CRITICAL] FIGHTING_STRIKES on V_20 — Repeated aggressive arm strikes counted.
22:51:44 | INFO     | suraksha.event_manager | [EventManager] Visual event logged: [CRITICAL] FIGHTING_STRIKES on Webcam Unit — Repeated aggressive arm strikes counted.
22:51:44 | INFO     | suraksha.event_manager | [EventManager] Visual event logged: [CRITICAL] FIGHTING_STRIKES on f — Repeated aggressive arm strikes counted.
22:51:48 | WARNING  | suraksha.frame_processor | [Capture] Frame loss / black frame detected (1/10)
22:51:49 | INFO     | suraksha.event_manager | [EventManager] Visual event logged: [HIGH] IMPACT_COLLAPSE on V_20 — Person fall detected after sudden motion spike.
22:51:49 | INFO     | suraksha.event_manager | [EventManager] Visual event logged: [HIGH] IMPACT_COLLAPSE on f — Person fall detected after sudden motion spike.
22:51:51 | INFO     | suraksha.event_manager | [EventManager] Visual event logged: [HIGH] IMPACT_COLLAPSE on Webcam Unit — Person fall detected after sudden motion spike.
22:51:51 | INFO     | suraksha.event_manager | [EventManager] Visual event logged: [HIGH] IMPACT_COLLAPSE on V_20 — Person fall detected after sudden motion spike.
22:51:53 | WARNING  | suraksha.frame_processor | [Capture] Frame loss / black frame detected (1/10)
22:51:56 | INFO     | suraksha.event_manager | [EventManager] Visual event logged: [HIGH] IMPACT_COLLAPSE on V_20 — Person fall detected after sudden motion spike.
22:51:59 | WARNING  | suraksha.frame_processor | [Capture] Frame loss / black frame detected (1/10)
22:52:04 | WARNING  | suraksha.frame_processor | [Capture] Frame loss / black frame detected (1/10)
22:52:07 | INFO     | suraksha.event_manager | [EventManager] Visual event logged: [HIGH] IMPACT_COLLAPSE on Webcam Unit — Person fall detected after sudden motion spike.
22:52:07 | INFO     | suraksha.event_manager | [EventManager] Visual event logged: [HIGH] IMPACT_COLLAPSE on V_20 — Person fall detected after sudden motion spike.
22:52:07 | INFO     | suraksha.event_manager | [EventManager] Visual event logged: [HIGH] IMPACT_COLLAPSE on f — Person fall detected after sudden motion spike.
22:52:07 | INFO     | suraksha.event_manager | [EventManager] Visual event logged: [HIGH] IMPACT_COLLAPSE on V_20 — Person fall detected after sudden motion spike.
22:52:10 | WARNING  | suraksha.frame_processor | [Capture] Frame loss / black frame detected (1/10)
22:52:10 | INFO     | suraksha.event_manager | [EventManager] Visual event logged: [HIGH] IMPACT_COLLAPSE on V_20 — Person fall detected after sudden motion spike.
22:52:15 | WARNING  | suraksha.frame_processor | [Capture] Frame loss / black frame detected (1/10)
22:52:17 | INFO     | suraksha.event_manager | [EventManager] Visual event logged: [CRITICAL] FIGHTING_STRIKES on V_20 — Repeated aggressive arm strikes counted.
22:52:17 | INFO     | suraksha.event_manager | [EventManager] Visual event logged: [HIGH] IMPACT_COLLAPSE on V_20 — Person fall detected after sudden motion spike.
22:52:17 | INFO     | suraksha.event_manager | [EventManager] Visual event logged: [HIGH] IMPACT_COLLAPSE on ldjv — Person fall detected after sudden motion spike.
22:52:17 | INFO     | suraksha.event_manager | [EventManager] Visual event logged: [CRITICAL] FIGHTING_STRIKES on ldjv — Repeated aggressive arm strikes counted.
22:52:18 | INFO     | suraksha.event_manager | [EventManager] Visual event logged: [HIGH] IMPACT_COLLAPSE on V_20 — Person fall detected after sudden motion spike.
22:52:20 | WARNING  | suraksha.frame_processor | [Capture] Frame loss / black frame detected (1/10)
22:52:21 | INFO     | suraksha.event_manager | [EventManager] Visual event logged: [HIGH] IMPACT_COLLAPSE on V_20 — Person fall detected after sudden motion spike.
22:52:26 | WARNING  | suraksha.frame_processor | [Capture] Frame loss / black frame detected (1/10)
E0000 00:00:1779384146.813088  174508 portable_clearcut_uploader.cc:90] Failed to send to clearcut: FAILED_PRECONDITION: Not valid for uploading until: 2026-05-21T23:05:26.780524+05:30
=== Source Location Trace: ===
wireless/android/play/playlog/cplusplus/portable_clearcut_uploader.cc:180
22:52:27 | INFO     | suraksha.event_manager | [EventManager] Visual event logged: [HIGH] IMPACT_COLLAPSE on ldjv — Person fall detected after sudden motion spike.
22:52:27 | INFO     | suraksha.event_manager | [EventManager] Visual event logged: [HIGH] IMPACT_COLLAPSE on Webcam Unit — Person fall detected after sudden motion spike.
22:52:27 | INFO     | suraksha.event_manager | [EventManager] Visual event logged: [HIGH] IMPACT_COLLAPSE on V_20 — Person fall detected after sudden motion spike.
22:52:27 | INFO     | suraksha.event_manager | [EventManager] Visual event logged: [HIGH] IMPACT_COLLAPSE on f — Person fall detected after sudden motion spike.
22:52:28 | INFO     | suraksha.event_manager | [EventManager] Visual event logged: [HIGH] IMPACT_COLLAPSE on V_20 — Person fall detected after sudden motion spike.
22:52:29 | INFO     | suraksha.event_manager | [EventManager] Visual event logged: [HIGH] IMPACT_COLLAPSE on Webcam Unit — Person fall detected after sudden motion spike.
22:52:29 | INFO     | suraksha.event_manager | [EventManager] Visual event logged: [HIGH] IMPACT_COLLAPSE on V_20 — Person fall detected after sudden motion spike.
22:52:29 | INFO     | suraksha.event_manager | [EventManager] Visual event logged: [HIGH] IMPACT_COLLAPSE on f — Person fall detected after sudden motion spike.
22:52:31 | INFO     | suraksha.event_manager | [EventManager] Visual event logged: [HIGH] IMPACT_COLLAPSE on V_20 — Person fall detected after sudden motion spike.
22:52:31 | INFO     | suraksha.event_manager | [EventManager] Visual event logged: [HIGH] IMPACT_COLLAPSE on ldjv — Person fall detected after sudden motion spike.
22:52:31 | INFO     | suraksha.event_manager | [EventManager] Visual event logged: [HIGH] IMPACT_COLLAPSE on Webcam Unit — Person fall detected after sudden motion spike.
22:52:31 | WARNING  | suraksha.frame_processor | [Capture] Frame loss / black frame detected (1/10)
22:52:37 | WARNING  | suraksha.frame_processor | [Capture] Frame loss / black frame detected (1/10)
22:52:38 | INFO     | suraksha.event_manager | [EventManager] Visual event logged: [HIGH] IMPACT_COLLAPSE on V_20 — Person fall detected after sudden motion spike.
22:52:38 | INFO     | suraksha.event_manager | [EventManager] Visual event logged: [HIGH] IMPACT_COLLAPSE on Webcam Unit — Person fall detected after sudden motion spike.
22:52:40 | INFO     | suraksha.event_manager | [EventManager] Visual event logged: [HIGH] IMPACT_COLLAPSE on V_20 — Person fall detected after sudden motion spike.
22:52:42 | WARNING  | suraksha.frame_processor | [Capture] Frame loss / black frame detected (1/10)
22:52:43 | INFO     | suraksha.event_manager | [EventManager] Visual event logged: [HIGH] IMPACT_COLLAPSE on V_20 — Person fall detected after sudden motion spike.
22:52:43 | INFO     | suraksha.event_manager | [EventManager] Visual event logged: [HIGH] IMPACT_COLLAPSE on ldjv — Person fall detected after sudden motion spike.
22:52:43 | INFO     | suraksha.event_manager | [EventManager] Visual event logged: [HIGH] IMPACT_COLLAPSE on V_20 — Person fall detected after sudden motion spike.
22:52:48 | WARNING  | suraksha.frame_processor | [Capture] Frame loss / black frame detected (1/10)
22:52:49 | INFO     | suraksha.event_manager | [EventManager] Visual event logged: [HIGH] IMPACT_COLLAPSE on V_20 — Person fall detected after sudden motion spike.
22:52:51 | INFO     | suraksha.event_manager | [EventManager] Visual event logged: [HIGH] IMPACT_COLLAPSE on f — Person fall detected after sudden motion spike.
22:52:51 | INFO     | suraksha.event_manager | [EventManager] Visual event logged: [HIGH] IMPACT_COLLAPSE on V_20 — Person fall detected after sudden motion spike.
22:52:51 | INFO     | suraksha.event_manager | [EventManager] Visual event logged: [HIGH] IMPACT_COLLAPSE on V_20 — Person fall detected after sudden motion spike.
22:52:53 | WARNING  | suraksha.frame_processor | [Capture] Frame loss / black frame detected (1/10)
22:52:58 | WARNING  | suraksha.frame_processor | [Capture] Frame loss / black frame detected (1/10)
22:53:04 | WARNING  | suraksha.frame_processor | [Capture] Frame loss / black frame detected (1/10)
22:53:09 | WARNING  | suraksha.frame_processor | [Capture] Frame loss / black frame detected (1/10)
22:53:15 | WARNING  | suraksha.frame_processor | [Capture] Frame loss / black frame detected (1/10)
22:53:20 | INFO     | suraksha.event_manager | [EventManager] Visual event logged: [HIGH] IMPACT_COLLAPSE on V_20 — Person fall detected after sudden motion spike.
22:53:20 | INFO     | suraksha.event_manager | [EventManager] Visual event logged: [HIGH] IMPACT_COLLAPSE on Webcam Unit — Person fall detected after sudden motion spike.
22:53:20 | WARNING  | suraksha.frame_processor | [Capture] Frame loss / black frame detected (1/10)
22:53:23 | INFO     | suraksha.event_manager | [EventManager] Visual event logged: [HIGH] IMPACT_COLLAPSE on V_20 — Person fall detected after sudden motion spike.
22:53:26 | WARNING  | suraksha.frame_processor | [Capture] Frame loss / black frame detected (1/10)
E0000 00:00:1779384206.818840  174508 portable_clearcut_uploader.cc:90] Failed to send to clearcut: FAILED_PRECONDITION: Not valid for uploading until: 2026-05-21T23:05:26.780524+05:30
=== Source Location Trace: ===
wireless/android/play/playlog/cplusplus/portable_clearcut_uploader.cc:180
22:53:31 | WARNING  | suraksha.frame_processor | [Capture] Frame loss / black frame detected (1/10)
22:53:34 | INFO     | suraksha.event_manager | [EventManager] Visual event logged: [HIGH] IMPACT_COLLAPSE on f — Person fall detected after sudden motion spike.
22:53:34 | INFO     | suraksha.event_manager | [EventManager] Visual event logged: [HIGH] IMPACT_COLLAPSE on V_20 — Person fall detected after sudden motion spike.
22:53:36 | WARNING  | suraksha.frame_processor | [Capture] Frame loss / black frame detected (1/10)
22:53:42 | WARNING  | suraksha.frame_processor | [Capture] Frame loss / black frame detected (1/10)
22:53:45 | INFO     | suraksha.event_manager | [EventManager] Visual event logged: [CRITICAL] FIGHTING_STRIKES on Webcam Unit — Repeated aggressive arm strikes counted.
22:53:45 | INFO     | suraksha.event_manager | [EventManager] Visual event logged: [CRITICAL] FIGHTING_STRIKES on V_20 — Repeated aggressive arm strikes counted.
22:53:47 | WARNING  | suraksha.frame_processor | [Capture] Frame loss / black frame detected (1/10)
22:53:52 | INFO     | suraksha.event_manager | [EventManager] Visual event logged: [HIGH] IMPACT_COLLAPSE on V_20 — Person fall detected after sudden motion spike.
22:53:52 | INFO     | suraksha.event_manager | [EventManager] Visual event logged: [HIGH] IMPACT_COLLAPSE on Webcam Unit — Person fall detected after sudden motion spike.
22:53:52 | INFO     | suraksha.event_manager | [EventManager] Visual event logged: [HIGH] IMPACT_COLLAPSE on f — Person fall detected after sudden motion spike.
22:53:53 | WARNING  | suraksha.frame_processor | [Capture] Frame loss / black frame detected (1/10)
22:53:54 | INFO     | suraksha.event_manager | [EventManager] Visual event logged: [HIGH] IMPACT_COLLAPSE on Webcam Unit — Person fall detected after sudden motion spike.
22:53:54 | INFO     | suraksha.event_manager | [EventManager] Visual event logged: [HIGH] IMPACT_COLLAPSE on f — Person fall detected after sudden motion spike.
22:53:54 | INFO     | suraksha.event_manager | [EventManager] Visual event logged: [HIGH] IMPACT_COLLAPSE on V_20 — Person fall detected after sudden motion spike.
22:53:55 | INFO     | suraksha.event_manager | [EventManager] Visual event logged: [HIGH] IMPACT_COLLAPSE on V_20 — Person fall detected after sudden motion spike.
22:53:56 | INFO     | suraksha.event_manager | [EventManager] Visual event logged: [HIGH] IMPACT_COLLAPSE on f — Person fall detected after sudden motion spike.
22:53:56 | INFO     | suraksha.event_manager | [EventManager] Visual event logged: [HIGH] IMPACT_COLLAPSE on Webcam Unit — Person fall detected after sudden motion spike.
22:53:56 | INFO     | suraksha.event_manager | [EventManager] Visual event logged: [HIGH] IMPACT_COLLAPSE on V_20 — Person fall detected after sudden motion spike.
22:53:56 | INFO     | suraksha.event_manager | [EventManager] Visual event logged: [HIGH] IMPACT_COLLAPSE on V_20 — Person fall detected after sudden motion spike.
22:53:58 | WARNING  | suraksha.frame_processor | [Capture] Frame loss / black frame detected (1/10)
22:54:04 | WARNING  | suraksha.frame_processor | [Capture] Frame loss / black frame detected (1/10)
22:54:09 | WARNING  | suraksha.frame_processor | [Capture] Frame loss / black frame detected (1/10)
22:54:14 | WARNING  | suraksha.frame_processor | [Capture] Frame loss / black frame detected (1/10)
22:54:18 | INFO     | suraksha.event_manager | [EventManager] Visual event logged: [HIGH] IMPACT_COLLAPSE on V_20 — Person fall detected after sudden motion spike.
22:54:18 | INFO     | suraksha.event_manager | [EventManager] Visual event logged: [HIGH] IMPACT_COLLAPSE on V_20 — Person fall detected after sudden motion spike.
22:54:20 | WARNING  | suraksha.frame_processor | [Capture] Frame loss / black frame detected (1/10)
22:54:20 | INFO     | suraksha.event_manager | [EventManager] Visual event logged: [HIGH] IMPACT_COLLAPSE on ldjv — Person fall detected after sudden motion spike.
22:54:20 | INFO     | suraksha.event_manager | [EventManager] Visual event logged: [HIGH] IMPACT_COLLAPSE on V_20 — Person fall detected after sudden motion spike.
22:54:25 | WARNING  | suraksha.frame_processor | [Capture] Frame loss / black frame detected (1/10)
E0000 00:00:1779384266.823593  174508 portable_clearcut_uploader.cc:90] Failed to send to clearcut: FAILED_PRECONDITION: Not valid for uploading until: 2026-05-21T23:05:26.780524+05:30
=== Source Location Trace: ===
wireless/android/play/playlog/cplusplus/portable_clearcut_uploader.cc:180
22:54:29 | INFO     | suraksha.event_manager | [EventManager] Visual event logged: [HIGH] IMPACT_COLLAPSE on V_20 — Person fall detected after sudden motion spike.
22:54:31 | WARNING  | suraksha.frame_processor | [Capture] Frame loss / black frame detected (1/10)
22:54:36 | WARNING  | suraksha.frame_processor | [Capture] Frame loss / black frame detected (1/10)
22:54:42 | WARNING  | suraksha.frame_processor | [Capture] Frame loss / black frame detected (1/10)
22:54:42 | INFO     | suraksha.event_manager | [EventManager] Visual event logged: [HIGH] IMPACT_COLLAPSE on V_20 — Person fall detected after sudden motion spike.
22:54:45 | INFO     | suraksha.event_manager | [EventManager] Visual event logged: [HIGH] IMPACT_COLLAPSE on ldjv — Person fall detected after sudden motion spike.
22:54:45 | INFO     | suraksha.event_manager | [EventManager] Visual event logged: [HIGH] IMPACT_COLLAPSE on V_20 — Person fall detected after sudden motion spike.
22:54:47 | WARNING  | suraksha.frame_processor | [Capture] Frame loss / black frame detected (1/10)
22:54:53 | WARNING  | suraksha.frame_processor | [Capture] Frame loss / black frame detected (1/10)
22:54:58 | WARNING  | suraksha.frame_processor | [Capture] Frame loss / black frame detected (1/10)
22:54:59 | INFO     | suraksha.event_manager | [EventManager] Visual event logged: [HIGH] IMPACT_COLLAPSE on f — Person fall detected after sudden motion spike.
22:54:59 | INFO     | suraksha.event_manager | [EventManager] Visual event logged: [HIGH] IMPACT_COLLAPSE on V_20 — Person fall detected after sudden motion spike.
22:55:01 | INFO     | suraksha.event_manager | [EventManager] Visual event logged: [HIGH] IMPACT_COLLAPSE on Webcam Unit — Person fall detected after sudden motion spike.
22:55:01 | INFO     | suraksha.event_manager | [EventManager] Visual event logged: [HIGH] IMPACT_COLLAPSE on V_20 — Person fall detected after sudden motion spike.
22:55:03 | WARNING  | suraksha.frame_processor | [Capture] Frame loss / black frame detected (1/10)
22:55:09 | WARNING  | suraksha.frame_processor | [Capture] Frame loss / black frame detected (1/10)
22:55:10 | INFO     | suraksha.event_manager | [EventManager] Visual event logged: [HIGH] IMPACT_COLLAPSE on V_20 — Person fall detected after sudden motion spike.
22:55:14 | WARNING  | suraksha.frame_processor | [Capture] Frame loss / black frame detected (1/10)
22:55:17 | INFO     | suraksha.event_manager | [EventManager] Visual event logged: [HIGH] IMPACT_COLLAPSE on V_20 — Person fall detected after sudden motion spike.
22:55:20 | WARNING  | suraksha.frame_processor | [Capture] Frame loss / black frame detected (1/10)
22:55:25 | WARNING  | suraksha.frame_processor | [Capture] Frame loss / black frame detected (1/10)
E0000 00:00:1779384326.829022  174508 portable_clearcut_uploader.cc:90] Failed to send to clearcut: FAILED_PRECONDITION: Not valid for uploading until: 2026-05-21T23:05:26.780524+05:30
=== Source Location Trace: ===
wireless/android/play/playlog/cplusplus/portable_clearcut_uploader.cc:180
22:55:31 | WARNING  | suraksha.frame_processor | [Capture] Frame loss / black frame detected (1/10)
22:55:34 | INFO     | suraksha.event_manager | [EventManager] Visual event logged: [HIGH] IMPACT_COLLAPSE on V_20 — Person fall detected after sudden motion spike.
22:55:36 | WARNING  | suraksha.frame_processor | [Capture] Frame loss / black frame detected (1/10)
22:55:42 | WARNING  | suraksha.frame_processor | [Capture] Frame loss / black frame detected (1/10)
22:55:47 | WARNING  | suraksha.frame_processor | [Capture] Frame loss / black frame detected (1/10)
22:55:48 | INFO     | suraksha.event_manager | [EventManager] Visual event logged: [HIGH] IMPACT_COLLAPSE on f — Person fall detected after sudden motion spike.
22:55:48 | INFO     | suraksha.event_manager | [EventManager] Visual event logged: [HIGH] IMPACT_COLLAPSE on V_20 — Person fall detected after sudden motion spike.
22:55:52 | WARNING  | suraksha.frame_processor | [Capture] Frame loss / black frame detected (1/10)
22:55:58 | WARNING  | suraksha.frame_processor | [Capture] Frame loss / black frame detected (1/10)
22:55:59 | INFO     | suraksha.event_manager | [EventManager] Visual event logged: [HIGH] IMPACT_COLLAPSE on f — Person fall detected after sudden motion spike.
22:55:59 | INFO     | suraksha.event_manager | [EventManager] Visual event logged: [HIGH] IMPACT_COLLAPSE on Webcam Unit — Person fall detected after sudden motion spike.
22:55:59 | INFO     | suraksha.event_manager | [EventManager] Visual event logged: [HIGH] IMPACT_COLLAPSE on V_20 — Person fall detected after sudden motion spike.
22:56:01 | INFO     | suraksha.event_manager | [EventManager] Visual event logged: [HIGH] IMPACT_COLLAPSE on f — Person fall detected after sudden motion spike.
22:56:01 | INFO     | suraksha.event_manager | [EventManager] Visual event logged: [HIGH] IMPACT_COLLAPSE on V_20 — Person fall detected after sudden motion spike.
22:56:03 | WARNING  | suraksha.frame_processor | [Capture] Frame loss / black frame detected (1/10)
22:56:05 | INFO     | suraksha.event_manager | [EventManager] Visual event logged: [HIGH] IMPACT_COLLAPSE on Webcam Unit — Person fall detected after sudden motion spike.
22:56:09 | WARNING  | suraksha.frame_processor | [Capture] Frame loss / black frame detected (1/10)
22:56:14 | WARNING  | suraksha.frame_processor | [Capture] Frame loss / black frame detected (1/10)
22:56:15 | INFO     | suraksha.event_manager | [EventManager] Visual event logged: [HIGH] IMPACT_COLLAPSE on V_20 — Person fall detected after sudden motion spike.
22:56:16 | INFO     | suraksha.event_manager | [EventManager] Visual event logged: [HIGH] IMPACT_COLLAPSE on V_20 — Person fall detected after sudden motion spike.
22:56:17 | INFO     | suraksha.event_manager | [EventManager] Visual event logged: [HIGH] IMPACT_COLLAPSE on V_20 — Person fall detected after sudden motion spike.
22:56:20 | WARNING  | suraksha.frame_processor | [Capture] Frame loss / black frame detected (1/10)
22:56:20 | INFO     | suraksha.event_manager | [EventManager] Visual event logged: [HIGH] IMPACT_COLLAPSE on V_20 — Person fall detected after sudden motion spike.
22:56:20 | INFO     | suraksha.event_manager | [EventManager] Visual event logged: [HIGH] IMPACT_COLLAPSE on ldjv — Person fall detected after sudden motion spike.
22:56:23 | INFO     | suraksha.event_manager | [EventManager] Visual event logged: [HIGH] IMPACT_COLLAPSE on Webcam Unit — Person fall detected after sudden motion spike.
22:56:23 | INFO     | suraksha.event_manager | [EventManager] Visual event logged: [HIGH] IMPACT_COLLAPSE on f — Person fall detected after sudden motion spike.
22:56:23 | INFO     | suraksha.event_manager | [EventManager] Visual event logged: [HIGH] IMPACT_COLLAPSE on V_20 — Person fall detected after sudden motion spike.
22:56:25 | WARNING  | suraksha.frame_processor | [Capture] Frame loss / black frame detected (1/10)
22:56:26 | INFO     | suraksha.event_manager | [EventManager] Visual event logged: [HIGH] IMPACT_COLLAPSE on Webcam Unit — Person fall detected after sudden motion spike.
22:56:26 | INFO     | suraksha.event_manager | [EventManager] Visual event logged: [HIGH] IMPACT_COLLAPSE on f — Person fall detected after sudden motion spike.
22:56:26 | INFO     | suraksha.event_manager | [EventManager] Visual event logged: [HIGH] IMPACT_COLLAPSE on V_20 — Person fall detected after sudden motion spike.
22:56:26 | INFO     | suraksha.event_manager | [EventManager] Visual event logged: [HIGH] IMPACT_COLLAPSE on V_20 — Person fall detected after sudden motion spike.
E0000 00:00:1779384386.832967  174508 portable_clearcut_uploader.cc:90] Failed to send to clearcut: FAILED_PRECONDITION: Not valid for uploading until: 2026-05-21T23:05:26.780524+05:30
=== Source Location Trace: ===
wireless/android/play/playlog/cplusplus/portable_clearcut_uploader.cc:180
22:56:31 | WARNING  | suraksha.frame_processor | [Capture] Frame loss / black frame detected (1/10)
22:56:36 | WARNING  | suraksha.frame_processor | [Capture] Frame loss / black frame detected (1/10)
22:56:39 | INFO     | suraksha.event_manager | [EventManager] Visual event logged: [HIGH] IMPACT_COLLAPSE on V_20 — Person fall detected after sudden motion spike.
22:56:39 | INFO     | suraksha.event_manager | [EventManager] Visual event logged: [HIGH] AGGRESSIVE_CHASE on V_20 — Converging bounding velocities indicating a chase.
22:56:39 | INFO     | suraksha.event_manager | [EventManager] Visual event logged: [HIGH] IMPACT_COLLAPSE on f — Person fall detected after sudden motion spike.
22:56:39 | INFO     | suraksha.event_manager | [EventManager] Visual event logged: [HIGH] IMPACT_COLLAPSE on V_20 — Person fall detected after sudden motion spike.
22:56:41 | WARNING  | suraksha.frame_processor | [Capture] Frame loss / black frame detected (1/10)
22:56:44 | INFO     | suraksha.event_manager | [EventManager] Visual event logged: [HIGH] IMPACT_COLLAPSE on V_20 — Person fall detected after sudden motion spike.
22:56:47 | WARNING  | suraksha.frame_processor | [Capture] Frame loss / black frame detected (1/10)
22:56:50 | INFO     | suraksha.event_manager | [EventManager] Visual event logged: [HIGH] IMPACT_COLLAPSE on V_20 — Person fall detected after sudden motion spike.
22:56:52 | WARNING  | suraksha.frame_processor | [Capture] Frame loss / black frame detected (1/10)
22:56:53 | INFO     | suraksha.event_manager | [EventManager] Visual event logged: [HIGH] IMPACT_COLLAPSE on ldjv — Person fall detected after sudden motion spike.
22:56:53 | INFO     | suraksha.event_manager | [EventManager] Visual event logged: [HIGH] IMPACT_COLLAPSE on V_20 — Person fall detected after sudden motion spike.
22:56:58 | WARNING  | suraksha.frame_processor | [Capture] Frame loss / black frame detected (1/10)
22:56:59 | INFO     | suraksha.event_manager | [EventManager] Visual event logged: [HIGH] IMPACT_COLLAPSE on f — Person fall detected after sudden motion spike.
22:56:59 | INFO     | suraksha.event_manager | [EventManager] Visual event logged: [HIGH] IMPACT_COLLAPSE on Webcam Unit — Person fall detected after sudden motion spike.
22:56:59 | INFO     | suraksha.event_manager | [EventManager] Visual event logged: [HIGH] IMPACT_COLLAPSE on V_20 — Person fall detected after sudden motion spike.
22:57:01 | INFO     | suraksha.event_manager | [EventManager] Visual event logged: [HIGH] IMPACT_COLLAPSE on V_20 — Person fall detected after sudden motion spike.
22:57:03 | WARNING  | suraksha.frame_processor | [Capture] Frame loss / black frame detected (1/10)
22:57:05 | INFO     | suraksha.event_manager | [EventManager] Visual event logged: [HIGH] IMPACT_COLLAPSE on V_20 — Person fall detected after sudden motion spike.
22:57:05 | INFO     | suraksha.event_manager | [EventManager] Visual event logged: [HIGH] IMPACT_COLLAPSE on ldjv — Person fall detected after sudden motion spike.
22:57:09 | WARNING  | suraksha.frame_processor | [Capture] Frame loss / black frame detected (1/10)
22:57:14 | WARNING  | suraksha.frame_processor | [Capture] Frame loss / black frame detected (1/10)
22:57:20 | WARNING  | suraksha.frame_processor | [Capture] Frame loss / black frame detected (1/10)
22:57:25 | WARNING  | suraksha.frame_processor | [Capture] Frame loss / black frame detected (1/10)
E0000 00:00:1779384446.838402  174508 portable_clearcut_uploader.cc:90] Failed to send to clearcut: FAILED_PRECONDITION: Not valid for uploading until: 2026-05-21T23:05:26.780524+05:30
=== Source Location Trace: ===
wireless/android/play/playlog/cplusplus/portable_clearcut_uploader.cc:180
22:57:28 | INFO     | suraksha.event_manager | [EventManager] Visual event logged: [HIGH] IMPACT_COLLAPSE on ldjv — Person fall detected after sudden motion spike.
22:57:28 | INFO     | suraksha.event_manager | [EventManager] Visual event logged: [HIGH] IMPACT_COLLAPSE on V_20 — Person fall detected after sudden motion spike.
22:57:30 | WARNING  | suraksha.frame_processor | [Capture] Frame loss / black frame detected (1/10)
22:57:32 | INFO     | suraksha.event_manager | [EventManager] Visual event logged: [HIGH] IMPACT_COLLAPSE on V_20 — Person fall detected after sudden motion spike.
22:57:32 | INFO     | suraksha.event_manager | [EventManager] Visual event logged: [HIGH] IMPACT_COLLAPSE on V_20 — Person fall detected after sudden motion spike.
22:57:32 | INFO     | suraksha.event_manager | [EventManager] Visual event logged: [HIGH] IMPACT_COLLAPSE on Webcam Unit — Person fall detected after sudden motion spike.
22:57:32 | INFO     | suraksha.event_manager | [EventManager] Visual event logged: [HIGH] IMPACT_COLLAPSE on f — Person fall detected after sudden motion spike.
22:57:36 | WARNING  | suraksha.frame_processor | [Capture] Frame loss / black frame detected (1/10)
22:57:37 | INFO     | suraksha.event_manager | [EventManager] Visual event logged: [HIGH] IMPACT_COLLAPSE on V_20 — Person fall detected after sudden motion spike.
22:57:39 | INFO     | suraksha.event_manager | [EventManager] Visual event logged: [HIGH] IMPACT_COLLAPSE on Webcam Unit — Person fall detected after sudden motion spike.
22:57:39 | INFO     | suraksha.event_manager | [EventManager] Visual event logged: [HIGH] IMPACT_COLLAPSE on V_20 — Person fall detected after sudden motion spike.
22:57:39 | INFO     | suraksha.event_manager | [EventManager] Visual event logged: [HIGH] IMPACT_COLLAPSE on f — Person fall detected after sudden motion spike.
22:57:41 | WARNING  | suraksha.frame_processor | [Capture] Frame loss / black frame detected (1/10)
22:57:47 | WARNING  | suraksha.frame_processor | [Capture] Frame loss / black frame detected (1/10)
22:57:49 | INFO     | suraksha.event_manager | [EventManager] Visual event logged: [HIGH] IMPACT_COLLAPSE on Webcam Unit — Person fall detected after sudden motion spike.
22:57:49 | INFO     | suraksha.event_manager | [EventManager] Visual event logged: [HIGH] IMPACT_COLLAPSE on V_20 — Person fall detected after sudden motion spike.
22:57:49 | INFO     | suraksha.event_manager | [EventManager] Visual event logged: [HIGH] IMPACT_COLLAPSE on f — Person fall detected after sudden motion spike.
22:57:52 | WARNING  | suraksha.frame_processor | [Capture] Frame loss / black frame detected (1/10)
22:57:55 | INFO     | suraksha.event_manager | [EventManager] Visual event logged: [HIGH] IMPACT_COLLAPSE on f — Person fall detected after sudden motion spike.
22:57:55 | INFO     | suraksha.event_manager | [EventManager] Visual event logged: [HIGH] IMPACT_COLLAPSE on V_20 — Person fall detected after sudden motion spike.
22:57:55 | INFO     | suraksha.event_manager | [EventManager] Visual event logged: [HIGH] IMPACT_COLLAPSE on Webcam Unit — Person fall detected after sudden motion spike.
22:57:58 | WARNING  | suraksha.frame_processor | [Capture] Frame loss / black frame detected (1/10)
22:58:03 | WARNING  | suraksha.frame_processor | [Capture] Frame loss / black frame detected (1/10)
22:58:08 | WARNING  | suraksha.frame_processor | [Capture] Frame loss / black frame detected (1/10)
22:58:10 | INFO     | suraksha.event_manager | [EventManager] Visual event logged: [HIGH] IMPACT_COLLAPSE on Webcam Unit — Person fall detected after sudden motion spike.
22:58:10 | INFO     | suraksha.event_manager | [EventManager] Visual event logged: [HIGH] IMPACT_COLLAPSE on f — Person fall detected after sudden motion spike.
22:58:10 | INFO     | suraksha.event_manager | [EventManager] Visual event logged: [HIGH] IMPACT_COLLAPSE on V_20 — Person fall detected after sudden motion spike.
22:58:12 | INFO     | suraksha.event_manager | [EventManager] Visual event logged: [HIGH] IMPACT_COLLAPSE on V_20 — Person fall detected after sudden motion spike.
22:58:14 | WARNING  | suraksha.frame_processor | [Capture] Frame loss / black frame detected (1/10)
22:58:17 | INFO     | suraksha.event_manager | [EventManager] Visual event logged: [HIGH] IMPACT_COLLAPSE on V_20 — Person fall detected after sudden motion spike.
22:58:19 | WARNING  | suraksha.frame_processor | [Capture] Frame loss / black frame detected (1/10)
22:58:22 | INFO     | suraksha.event_manager | [EventManager] Visual event logged: [HIGH] IMPACT_COLLAPSE on V_20 — Person fall detected after sudden motion spike.
22:58:25 | WARNING  | suraksha.frame_processor | [Capture] Frame loss / black frame detected (1/10)
22:58:26 | INFO     | suraksha.event_manager | [EventManager] Visual event logged: [HIGH] IMPACT_COLLAPSE on V_20 — Person fall detected after sudden motion spike.
E0000 00:00:1779384506.839893  174508 portable_clearcut_uploader.cc:90] Failed to send to clearcut: FAILED_PRECONDITION: Not valid for uploading until: 2026-05-21T23:05:26.780524+05:30
=== Source Location Trace: ===
wireless/android/play/playlog/cplusplus/portable_clearcut_uploader.cc:180
22:58:30 | WARNING  | suraksha.frame_processor | [Capture] Frame loss / black frame detected (1/10)
22:58:31 | INFO     | suraksha.event_manager | [EventManager] Visual event logged: [HIGH] IMPACT_COLLAPSE on V_20 — Person fall detected after sudden motion spike.
22:58:36 | WARNING  | suraksha.frame_processor | [Capture] Frame loss / black frame detected (1/10)
22:58:36 | INFO     | suraksha.event_manager | [EventManager] Visual event logged: [HIGH] IMPACT_COLLAPSE on ldjv — Person fall detected after sudden motion spike.
22:58:36 | INFO     | suraksha.event_manager | [EventManager] Visual event logged: [HIGH] IMPACT_COLLAPSE on V_20 — Person fall detected after sudden motion spike.
22:58:37 | INFO     | suraksha.event_manager | [EventManager] Visual event logged: [HIGH] IMPACT_COLLAPSE on ldjv — Person fall detected after sudden motion spike.
22:58:37 | INFO     | suraksha.event_manager | [EventManager] Visual event logged: [HIGH] IMPACT_COLLAPSE on V_20 — Person fall detected after sudden motion spike.
22:58:41 | WARNING  | suraksha.frame_processor | [Capture] Frame loss / black frame detected (1/10)
22:58:43 | INFO     | suraksha.event_manager | [EventManager] Visual event logged: [HIGH] IMPACT_COLLAPSE on f — Person fall detected after sudden motion spike.
22:58:43 | INFO     | suraksha.event_manager | [EventManager] Visual event logged: [HIGH] IMPACT_COLLAPSE on V_20 — Person fall detected after sudden motion spike.
22:58:46 | WARNING  | suraksha.frame_processor | [Capture] Frame loss / black frame detected (1/10)
22:58:48 | INFO     | suraksha.event_manager | [EventManager] Visual event logged: [HIGH] IMPACT_COLLAPSE on V_20 — Person fall detected after sudden motion spike.
22:58:48 | INFO     | suraksha.event_manager | [EventManager] Visual event logged: [HIGH] IMPACT_COLLAPSE on Webcam Unit — Person fall detected after sudden motion spike.
22:58:48 | INFO     | suraksha.event_manager | [EventManager] Visual event logged: [HIGH] IMPACT_COLLAPSE on f — Person fall detected after sudden motion spike.
22:58:52 | WARNING  | suraksha.frame_processor | [Capture] Frame loss / black frame detected (1/10)
22:58:56 | INFO     | suraksha.event_manager | [EventManager] Visual event logged: [HIGH] IMPACT_COLLAPSE on V_20 — Person fall detected after sudden motion spike.
22:58:57 | WARNING  | suraksha.frame_processor | [Capture] Frame loss / black frame detected (1/10)
22:58:59 | INFO     | suraksha.event_manager | [EventManager] Visual event logged: [HIGH] IMPACT_COLLAPSE on V_20 — Person fall detected after sudden motion spike.
22:59:03 | WARNING  | suraksha.frame_processor | [Capture] Frame loss / black frame detected (1/10)
22:59:08 | WARNING  | suraksha.frame_processor | [Capture] Frame loss / black frame detected (1/10)
22:59:13 | INFO     | suraksha.event_manager | [EventManager] Visual event logged: [HIGH] IMPACT_COLLAPSE on f — Person fall detected after sudden motion spike.
22:59:14 | WARNING  | suraksha.frame_processor | [Capture] Frame loss / black frame detected (1/10)
22:59:19 | WARNING  | suraksha.frame_processor | [Capture] Frame loss / black frame detected (1/10)
22:59:24 | WARNING  | suraksha.frame_processor | [Capture] Frame loss / black frame detected (1/10)
E0000 00:00:1779384566.844978  174508 portable_clearcut_uploader.cc:90] Failed to send to clearcut: FAILED_PRECONDITION: Not valid for uploading until: 2026-05-21T23:05:26.780524+05:30
=== Source Location Trace: ===
wireless/android/play/playlog/cplusplus/portable_clearcut_uploader.cc:180
22:59:29 | INFO     | suraksha.event_manager | [EventManager] Visual event logged: [HIGH] IMPACT_COLLAPSE on V_20 — Person fall detected after sudden motion spike.
22:59:30 | WARNING  | suraksha.frame_processor | [Capture] Frame loss / black frame detected (1/10)
22:59:35 | WARNING  | suraksha.frame_processor | [Capture] Frame loss / black frame detected (1/10)
22:59:36 | INFO     | suraksha.event_manager | [EventManager] Visual event logged: [HIGH] IMPACT_COLLAPSE on V_20 — Person fall detected after sudden motion spike.
22:59:37 | INFO     | suraksha.event_manager | [EventManager] Visual event logged: [HIGH] IMPACT_COLLAPSE on V_20 — Person fall detected after sudden motion spike.
22:59:37 | INFO     | suraksha.event_manager | [EventManager] Visual event logged: [HIGH] IMPACT_COLLAPSE on f — Person fall detected after sudden motion spike.
22:59:37 | INFO     | suraksha.event_manager | [EventManager] Visual event logged: [HIGH] IMPACT_COLLAPSE on V_20 — Person fall detected after sudden motion spike.
22:59:37 | INFO     | suraksha.event_manager | [EventManager] Visual event logged: [HIGH] IMPACT_COLLAPSE on Webcam Unit — Person fall detected after sudden motion spike.
22:59:38 | INFO     | suraksha.event_manager | [EventManager] Visual event logged: [HIGH] IMPACT_COLLAPSE on V_20 — Person fall detected after sudden motion spike.
22:59:41 | WARNING  | suraksha.frame_processor | [Capture] Frame loss / black frame detected (1/10)
22:59:46 | WARNING  | suraksha.frame_processor | [Capture] Frame loss / black frame detected (1/10)
22:59:52 | WARNING  | suraksha.frame_processor | [Capture] Frame loss / black frame detected (1/10)
22:59:57 | INFO     | suraksha.event_manager | [EventManager] Visual event logged: [HIGH] IMPACT_COLLAPSE on f — Person fall detected after sudden motion spike.
22:59:57 | WARNING  | suraksha.frame_processor | [Capture] Frame loss / black frame detected (1/10)
22:59:58 | INFO     | suraksha.event_manager | [EventManager] Visual event logged: [HIGH] IMPACT_COLLAPSE on V_20 — Person fall detected after sudden motion spike.
23:00:03 | WARNING  | suraksha.frame_processor | [Capture] Frame loss / black frame detected (1/10)
23:00:03 | INFO     | suraksha.event_manager | [EventManager] Visual event logged: [HIGH] IMPACT_COLLAPSE on V_20 — Person fall detected after sudden motion spike.
23:00:08 | WARNING  | suraksha.frame_processor | [Capture] Frame loss / black frame detected (1/10)
23:00:13 | WARNING  | suraksha.frame_processor | [Capture] Frame loss / black frame detected (1/10)
23:00:19 | WARNING  | suraksha.frame_processor | [Capture] Frame loss / black frame detected (1/10)
23:00:20 | INFO     | suraksha.event_manager | [EventManager] Visual event logged: [HIGH] IMPACT_COLLAPSE on V_20 — Person fall detected after sudden motion spike.
23:00:22 | INFO     | suraksha.event_manager | [EventManager] Visual event logged: [HIGH] IMPACT_COLLAPSE on ldjv — Person fall detected after sudden motion spike.
23:00:22 | INFO     | suraksha.event_manager | [EventManager] Visual event logged: [HIGH] IMPACT_COLLAPSE on V_20 — Person fall detected after sudden motion spike.
23:00:22 | INFO     | suraksha.event_manager | [EventManager] Visual event logged: [HIGH] IMPACT_COLLAPSE on V_20 — Person fall detected after sudden motion spike.
23:00:24 | WARNING  | suraksha.frame_processor | [Capture] Frame loss / black frame detected (1/10)
23:00:26 | INFO     | suraksha.event_manager | [EventManager] Visual event logged: [HIGH] IMPACT_COLLAPSE on Webcam Unit — Person fall detected after sudden motion spike.
23:00:26 | INFO     | suraksha.event_manager | [EventManager] Visual event logged: [HIGH] IMPACT_COLLAPSE on V_20 — Person fall detected after sudden motion spike.
E0000 00:00:1779384626.850436  174508 portable_clearcut_uploader.cc:90] Failed to send to clearcut: FAILED_PRECONDITION: Not valid for uploading until: 2026-05-21T23:05:26.780524+05:30
=== Source Location Trace: ===
wireless/android/play/playlog/cplusplus/portable_clearcut_uploader.cc:180
23:00:27 | INFO     | suraksha.event_manager | [EventManager] Visual event logged: [HIGH] IMPACT_COLLAPSE on V_20 — Person fall detected after sudden motion spike.
23:00:30 | WARNING  | suraksha.frame_processor | [Capture] Frame loss / black frame detected (1/10)
23:00:35 | WARNING  | suraksha.frame_processor | [Capture] Frame loss / black frame detected (1/10)
23:00:38 | INFO     | suraksha.event_manager | [EventManager] Visual event logged: [HIGH] IMPACT_COLLAPSE on V_20 — Person fall detected after sudden motion spike.
23:00:38 | INFO     | suraksha.event_manager | [EventManager] Visual event logged: [HIGH] IMPACT_COLLAPSE on V_20 — Person fall detected after sudden motion spike.
23:00:38 | INFO     | suraksha.event_manager | [EventManager] Visual event logged: [HIGH] IMPACT_COLLAPSE on ldjv — Person fall detected after sudden motion spike.
23:00:39 | INFO     | suraksha.event_manager | [EventManager] Visual event logged: [HIGH] IMPACT_COLLAPSE on V_20 — Person fall detected after sudden motion spike.
23:00:41 | WARNING  | suraksha.frame_processor | [Capture] Frame loss / black frame detected (1/10)
23:00:42 | INFO     | suraksha.event_manager | [EventManager] Visual event logged: [HIGH] IMPACT_COLLAPSE on Webcam Unit — Person fall detected after sudden motion spike.
23:00:42 | INFO     | suraksha.event_manager | [EventManager] Visual event logged: [HIGH] IMPACT_COLLAPSE on V_20 — Person fall detected after sudden motion spike.
23:00:44 | INFO     | suraksha.event_manager | [EventManager] Visual event logged: [HIGH] IMPACT_COLLAPSE on V_20 — Person fall detected after sudden motion spike.
23:00:46 | WARNING  | suraksha.frame_processor | [Capture] Frame loss / black frame detected (1/10)
23:00:47 | INFO     | suraksha.event_manager | [EventManager] Visual event logged: [HIGH] IMPACT_COLLAPSE on V_20 — Person fall detected after sudden motion spike.
23:00:47 | INFO     | suraksha.event_manager | [EventManager] Visual event logged: [HIGH] IMPACT_COLLAPSE on Webcam Unit — Person fall detected after sudden motion spike.
23:00:47 | INFO     | suraksha.event_manager | [EventManager] Visual event logged: [HIGH] IMPACT_COLLAPSE on f — Person fall detected after sudden motion spike.
23:00:49 | INFO     | suraksha.event_manager | [EventManager] Visual event logged: [HIGH] IMPACT_COLLAPSE on V_20 — Person fall detected after sudden motion spike.
23:00:49 | INFO     | suraksha.event_manager | [EventManager] Visual event logged: [HIGH] IMPACT_COLLAPSE on V_20 — Person fall detected after sudden motion spike.
23:00:51 | WARNING  | suraksha.frame_processor | [Capture] Frame loss / black frame detected (1/10)
23:00:54 | INFO     | suraksha.event_manager | [EventManager] Visual event logged: [HIGH] IMPACT_COLLAPSE on ldjv — Person fall detected after sudden motion spike.
23:00:55 | INFO     | suraksha.event_manager | [EventManager] Visual event logged: [HIGH] IMPACT_COLLAPSE on V_20 — Person fall detected after sudden motion spike.
23:00:56 | INFO     | suraksha.event_manager | [EventManager] Visual event logged: [HIGH] IMPACT_COLLAPSE on Webcam Unit — Person fall detected after sudden motion spike.
23:00:56 | INFO     | suraksha.event_manager | [EventManager] Visual event logged: [HIGH] IMPACT_COLLAPSE on V_20 — Person fall detected after sudden motion spike.
23:00:57 | WARNING  | suraksha.frame_processor | [Capture] Frame loss / black frame detected (1/10)
23:00:59 | INFO     | suraksha.event_manager | [EventManager] Visual event logged: [HIGH] IMPACT_COLLAPSE on f — Person fall detected after sudden motion spike.
23:00:59 | INFO     | suraksha.event_manager | [EventManager] Visual event logged: [HIGH] IMPACT_COLLAPSE on V_20 — Person fall detected after sudden motion spike.
23:00:59 | INFO     | suraksha.event_manager | [EventManager] Visual event logged: [HIGH] IMPACT_COLLAPSE on Webcam Unit — Person fall detected after sudden motion spike.
23:01:00 | INFO     | suraksha.event_manager | [EventManager] Visual event logged: [HIGH] IMPACT_COLLAPSE on V_20 — Person fall detected after sudden motion spike.
23:01:00 | INFO     | suraksha.event_manager | [EventManager] Visual event logged: [HIGH] IMPACT_COLLAPSE on ldjv — Person fall detected after sudden motion spike.
23:01:02 | INFO     | suraksha.event_manager | [EventManager] Visual event logged: [HIGH] IMPACT_COLLAPSE on V_20 — Person fall detected after sudden motion spike.
23:01:02 | WARNING  | suraksha.frame_processor | [Capture] Frame loss / black frame detected (1/10)
23:01:08 | WARNING  | suraksha.frame_processor | [Capture] Frame loss / black frame detected (1/10)
23:01:11 | INFO     | suraksha.event_manager | [EventManager] Visual event logged: [HIGH] IMPACT_COLLAPSE on ldjv — Person fall detected after sudden motion spike.
23:01:11 | INFO     | suraksha.event_manager | [EventManager] Visual event logged: [HIGH] IMPACT_COLLAPSE on V_20 — Person fall detected after sudden motion spike.
23:01:13 | WARNING  | suraksha.frame_processor | [Capture] Frame loss / black frame detected (1/10)
23:01:14 | INFO     | suraksha.event_manager | [EventManager] Visual event logged: [HIGH] IMPACT_COLLAPSE on V_20 — Person fall detected after sudden motion spike.
23:01:16 | INFO     | suraksha.event_manager | [EventManager] Visual event logged: [HIGH] IMPACT_COLLAPSE on V_20 — Person fall detected after sudden motion spike.
23:01:19 | WARNING  | suraksha.frame_processor | [Capture] Frame loss / black frame detected (1/10)
23:01:20 | INFO     | suraksha.event_manager | [EventManager] Visual event logged: [HIGH] IMPACT_COLLAPSE on V_20 — Person fall detected after sudden motion spike.
23:01:24 | WARNING  | suraksha.frame_processor | [Capture] Frame loss / black frame detected (1/10)
E0000 00:00:1779384686.854161  174508 portable_clearcut_uploader.cc:90] Failed to send to clearcut: FAILED_PRECONDITION: Not valid for uploading until: 2026-05-21T23:05:26.780524+05:30
=== Source Location Trace: ===
wireless/android/play/playlog/cplusplus/portable_clearcut_uploader.cc:180
23:01:27 | INFO     | suraksha.event_manager | [EventManager] Visual event logged: [HIGH] IMPACT_COLLAPSE on Webcam Unit — Person fall detected after sudden motion spike.
23:01:27 | INFO     | suraksha.event_manager | [EventManager] Visual event logged: [HIGH] IMPACT_COLLAPSE on ldjv — Person fall detected after sudden motion spike.
23:01:27 | INFO     | suraksha.event_manager | [EventManager] Visual event logged: [HIGH] IMPACT_COLLAPSE on V_20 — Person fall detected after sudden motion spike.
23:01:27 | INFO     | suraksha.event_manager | [EventManager] Visual event logged: [HIGH] IMPACT_COLLAPSE on V_20 — Person fall detected after sudden motion spike.
23:01:30 | WARNING  | suraksha.frame_processor | [Capture] Frame loss / black frame detected (1/10)
23:01:30 | INFO     | suraksha.event_manager | [EventManager] Visual event logged: [HIGH] IMPACT_COLLAPSE on V_20 — Person fall detected after sudden motion spike.
23:01:30 | INFO     | suraksha.event_manager | [EventManager] Visual event logged: [HIGH] IMPACT_COLLAPSE on Webcam Unit — Person fall detected after sudden motion spike.
23:01:30 | INFO     | suraksha.event_manager | [EventManager] Visual event logged: [HIGH] IMPACT_COLLAPSE on ldjv — Person fall detected after sudden motion spike.
23:01:35 | WARNING  | suraksha.frame_processor | [Capture] Frame loss / black frame detected (1/10)
23:01:36 | INFO     | suraksha.event_manager | [EventManager] Visual event logged: [HIGH] IMPACT_COLLAPSE on V_20 — Person fall detected after sudden motion spike.
23:01:37 | INFO     | suraksha.event_manager | [EventManager] Visual event logged: [HIGH] IMPACT_COLLAPSE on V_20 — Person fall detected after sudden motion spike.
23:01:37 | INFO     | suraksha.event_manager | [EventManager] Visual event logged: [HIGH] IMPACT_COLLAPSE on f — Person fall detected after sudden motion spike.
23:01:40 | WARNING  | suraksha.frame_processor | [Capture] Frame loss / black frame detected (1/10)
23:01:43 | INFO     | suraksha.event_manager | [EventManager] Visual event logged: [HIGH] IMPACT_COLLAPSE on V_20 — Person fall detected after sudden motion spike.
23:01:44 | INFO     | suraksha.event_manager | [EventManager] Visual event logged: [HIGH] IMPACT_COLLAPSE on V_20 — Person fall detected after sudden motion spike.
23:01:46 | WARNING  | suraksha.frame_processor | [Capture] Frame loss / black frame detected (1/10)
23:01:48 | INFO     | suraksha.event_manager | [EventManager] Visual event logged: [HIGH] IMPACT_COLLAPSE on ldjv — Person fall detected after sudden motion spike.
23:01:48 | INFO     | suraksha.event_manager | [EventManager] Visual event logged: [HIGH] IMPACT_COLLAPSE on V_20 — Person fall detected after sudden motion spike.
23:01:49 | INFO     | suraksha.event_manager | [EventManager] Visual event logged: [HIGH] IMPACT_COLLAPSE on Webcam Unit — Person fall detected after sudden motion spike.
23:01:49 | INFO     | suraksha.event_manager | [EventManager] Visual event logged: [HIGH] IMPACT_COLLAPSE on V_20 — Person fall detected after sudden motion spike.
23:01:51 | WARNING  | suraksha.frame_processor | [Capture] Frame loss / black frame detected (1/10)
23:01:52 | INFO     | suraksha.event_manager | [EventManager] Visual event logged: [HIGH] IMPACT_COLLAPSE on Webcam Unit — Person fall detected after sudden motion spike.
23:01:53 | INFO     | suraksha.event_manager | [EventManager] Visual event logged: [HIGH] IMPACT_COLLAPSE on ldjv — Person fall detected after sudden motion spike.
23:01:53 | INFO     | suraksha.event_manager | [EventManager] Visual event logged: [HIGH] IMPACT_COLLAPSE on V_20 — Person fall detected after sudden motion spike.
23:01:53 | INFO     | suraksha.event_manager | [EventManager] Visual event logged: [HIGH] IMPACT_COLLAPSE on f — Person fall detected after sudden motion spike.
23:01:53 | INFO     | suraksha.event_manager | [EventManager] Visual event logged: [HIGH] IMPACT_COLLAPSE on V_20 — Person fall detected after sudden motion spike.
23:01:57 | WARNING  | suraksha.frame_processor | [Capture] Frame loss / black frame detected (1/10)
23:01:58 | INFO     | suraksha.event_manager | [EventManager] Visual event logged: [HIGH] IMPACT_COLLAPSE on ldjv — Person fall detected after sudden motion spike.
23:01:58 | INFO     | suraksha.event_manager | [EventManager] Visual event logged: [HIGH] IMPACT_COLLAPSE on V_20 — Person fall detected after sudden motion spike.
23:02:00 | INFO     | suraksha.event_manager | [EventManager] Visual event logged: [HIGH] IMPACT_COLLAPSE on V_20 — Person fall detected after sudden motion spike.
23:02:02 | WARNING  | suraksha.frame_processor | [Capture] Frame loss / black frame detected (1/10)
23:02:04 | INFO     | suraksha.event_manager | [EventManager] Visual event logged: [HIGH] IMPACT_COLLAPSE on V_20 — Person fall detected after sudden motion spike.
23:02:08 | WARNING  | suraksha.frame_processor | [Capture] Frame loss / black frame detected (1/10)
23:02:09 | INFO     | suraksha.event_manager | [EventManager] Visual event logged: [HIGH] IMPACT_COLLAPSE on V_20 — Person fall detected after sudden motion spike.
23:02:09 | INFO     | suraksha.event_manager | [EventManager] Visual event logged: [HIGH] IMPACT_COLLAPSE on f — Person fall detected after sudden motion spike.
23:02:13 | WARNING  | suraksha.frame_processor | [Capture] Frame loss / black frame detected (1/10)
23:02:14 | INFO     | suraksha.event_manager | [EventManager] Visual event logged: [HIGH] IMPACT_COLLAPSE on Webcam Unit — Person fall detected after sudden motion spike.
23:02:16 | INFO     | suraksha.event_manager | [EventManager] Visual event logged: [HIGH] IMPACT_COLLAPSE on V_20 — Person fall detected after sudden motion spike.
23:02:18 | WARNING  | suraksha.frame_processor | [Capture] Frame loss / black frame detected (1/10)
23:02:19 | INFO     | suraksha.event_manager | [EventManager] Visual event logged: [HIGH] IMPACT_COLLAPSE on V_20 — Person fall detected after sudden motion spike.
23:02:19 | INFO     | suraksha.event_manager | [EventManager] Visual event logged: [HIGH] IMPACT_COLLAPSE on V_20 — Person fall detected after sudden motion spike.
23:02:20 | INFO     | suraksha.event_manager | [EventManager] Visual event logged: [HIGH] IMPACT_COLLAPSE on ldjv — Person fall detected after sudden motion spike.
23:02:20 | INFO     | suraksha.event_manager | [EventManager] Visual event logged: [HIGH] IMPACT_COLLAPSE on V_20 — Person fall detected after sudden motion spike.
23:02:20 | INFO     | suraksha.event_manager | [EventManager] Visual event logged: [HIGH] IMPACT_COLLAPSE on V_20 — Person fall detected after sudden motion spike.
23:02:20 | INFO     | suraksha.event_manager | [EventManager] Visual event logged: [HIGH] IMPACT_COLLAPSE on Webcam Unit — Person fall detected after sudden motion spike.
23:02:24 | WARNING  | suraksha.frame_processor | [Capture] Frame loss / black frame detected (1/10)
23:02:24 | INFO     | suraksha.event_manager | [EventManager] Visual event logged: [HIGH] IMPACT_COLLAPSE on V_20 — Person fall detected after sudden motion spike.
E0000 00:00:1779384746.855927  174508 portable_clearcut_uploader.cc:90] Failed to send to clearcut: FAILED_PRECONDITION: Not valid for uploading until: 2026-05-21T23:05:26.780524+05:30
=== Source Location Trace: ===
wireless/android/play/playlog/cplusplus/portable_clearcut_uploader.cc:180
23:02:29 | WARNING  | suraksha.frame_processor | [Capture] Frame loss / black frame detected (1/10)
23:02:35 | WARNING  | suraksha.frame_processor | [Capture] Frame loss / black frame detected (1/10)
23:02:38 | INFO     | suraksha.event_manager | [EventManager] Visual event logged: [HIGH] IMPACT_COLLAPSE on V_20 — Person fall detected after sudden motion spike.
23:02:40 | WARNING  | suraksha.frame_processor | [Capture] Frame loss / black frame detected (1/10)
23:02:43 | INFO     | suraksha.event_manager | [EventManager] Visual event logged: [HIGH] IMPACT_COLLAPSE on V_20 — Person fall detected after sudden motion spike.
23:02:43 | INFO     | suraksha.event_manager | [EventManager] Visual event logged: [HIGH] IMPACT_COLLAPSE on Webcam Unit — Person fall detected after sudden motion spike.
23:02:46 | WARNING  | suraksha.frame_processor | [Capture] Frame loss / black frame detected (1/10)
23:02:51 | WARNING  | suraksha.frame_processor | [Capture] Frame loss / black frame detected (1/10)
23:02:56 | WARNING  | suraksha.frame_processor | [Capture] Frame loss / black frame detected (1/10)
23:03:00 | INFO     | suraksha.event_manager | [EventManager] Visual event logged: [HIGH] IMPACT_COLLAPSE on V_20 — Person fall detected after sudden motion spike.
23:03:02 | WARNING  | suraksha.frame_processor | [Capture] Frame loss / black frame detected (1/10)
23:03:07 | WARNING  | suraksha.frame_processor | [Capture] Frame loss / black frame detected (1/10)
23:03:10 | INFO     | suraksha.event_manager | [EventManager] Visual event logged: [HIGH] IMPACT_COLLAPSE on Webcam Unit — Person fall detected after sudden motion spike.
23:03:10 | INFO     | suraksha.event_manager | [EventManager] Visual event logged: [HIGH] IMPACT_COLLAPSE on V_20 — Person fall detected after sudden motion spike.
23:03:13 | WARNING  | suraksha.frame_processor | [Capture] Frame loss / black frame detected (1/10)
23:03:15 | INFO     | suraksha.event_manager | [EventManager] Visual event logged: [HIGH] IMPACT_COLLAPSE on Webcam Unit — Person fall detected after sudden motion spike.
23:03:15 | INFO     | suraksha.event_manager | [EventManager] Visual event logged: [HIGH] IMPACT_COLLAPSE on ldjv — Person fall detected after sudden motion spike.
23:03:15 | INFO     | suraksha.event_manager | [EventManager] Visual event logged: [HIGH] IMPACT_COLLAPSE on V_20 — Person fall detected after sudden motion spike.
23:03:18 | WARNING  | suraksha.frame_processor | [Capture] Frame loss / black frame detected (1/10)
23:03:19 | INFO     | suraksha.event_manager | [EventManager] Visual event logged: [HIGH] IMPACT_COLLAPSE on V_20 — Person fall detected after sudden motion spike.
23:03:20 | INFO     | suraksha.event_manager | [EventManager] Visual event logged: [HIGH] IMPACT_COLLAPSE on V_20 — Person fall detected after sudden motion spike.
23:03:20 | INFO     | suraksha.event_manager | [EventManager] Visual event logged: [HIGH] IMPACT_COLLAPSE on Webcam Unit — Person fall detected after sudden motion spike.
23:03:21 | INFO     | suraksha.event_manager | [EventManager] Visual event logged: [HIGH] IMPACT_COLLAPSE on f — Person fall detected after sudden motion spike.
23:03:21 | INFO     | suraksha.event_manager | [EventManager] Visual event logged: [HIGH] IMPACT_COLLAPSE on V_20 — Person fall detected after sudden motion spike.
23:03:24 | WARNING  | suraksha.frame_processor | [Capture] Frame loss / black frame detected (1/10)
23:03:25 | INFO     | suraksha.event_manager | [EventManager] Visual event logged: [HIGH] IMPACT_COLLAPSE on V_20 — Person fall detected after sudden motion spike.
E0000 00:00:1779384806.861376  174508 portable_clearcut_uploader.cc:90] Failed to send to clearcut: FAILED_PRECONDITION: Not valid for uploading until: 2026-05-21T23:05:26.780524+05:30
=== Source Location Trace: ===
wireless/android/play/playlog/cplusplus/portable_clearcut_uploader.cc:180
23:03:29 | WARNING  | suraksha.frame_processor | [Capture] Frame loss / black frame detected (1/10)
23:03:32 | INFO     | suraksha.event_manager | [EventManager] Visual event logged: [HIGH] IMPACT_COLLAPSE on V_20 — Person fall detected after sudden motion spike.
23:03:34 | WARNING  | suraksha.frame_processor | [Capture] Frame loss / black frame detected (1/10)
23:03:40 | WARNING  | suraksha.frame_processor | [Capture] Frame loss / black frame detected (1/10)
23:03:41 | INFO     | suraksha.event_manager | [EventManager] Visual event logged: [HIGH] IMPACT_COLLAPSE on ldjv — Person fall detected after sudden motion spike.
23:03:41 | INFO     | suraksha.event_manager | [EventManager] Visual event logged: [HIGH] IMPACT_COLLAPSE on Webcam Unit — Person fall detected after sudden motion spike.
23:03:41 | INFO     | suraksha.event_manager | [EventManager] Visual event logged: [HIGH] IMPACT_COLLAPSE on V_20 — Person fall detected after sudden motion spike.
23:03:43 | INFO     | suraksha.event_manager | [EventManager] Visual event logged: [HIGH] IMPACT_COLLAPSE on V_20 — Person fall detected after sudden motion spike.
23:03:45 | WARNING  | suraksha.frame_processor | [Capture] Frame loss / black frame detected (1/10)
23:03:48 | INFO     | suraksha.event_manager | [EventManager] Visual event logged: [HIGH] IMPACT_COLLAPSE on V_20 — Person fall detected after sudden motion spike.
23:03:51 | WARNING  | suraksha.frame_processor | [Capture] Frame loss / black frame detected (1/10)
23:03:52 | INFO     | suraksha.event_manager | [EventManager] Visual event logged: [HIGH] IMPACT_COLLAPSE on V_20 — Person fall detected after sudden motion spike.
23:03:52 | INFO     | suraksha.event_manager | [EventManager] Visual event logged: [HIGH] IMPACT_COLLAPSE on ldjv — Person fall detected after sudden motion spike.
23:03:52 | INFO     | suraksha.event_manager | [EventManager] Visual event logged: [HIGH] IMPACT_COLLAPSE on Webcam Unit — Person fall detected after sudden motion spike.
23:03:53 | INFO     | suraksha.event_manager | [EventManager] Visual event logged: [HIGH] IMPACT_COLLAPSE on V_20 — Person fall detected after sudden motion spike.
23:03:54 | INFO     | suraksha.event_manager | [EventManager] Visual event logged: [HIGH] IMPACT_COLLAPSE on V_20 — Person fall detected after sudden motion spike.
23:03:54 | INFO     | suraksha.event_manager | [EventManager] Visual event logged: [HIGH] IMPACT_COLLAPSE on Webcam Unit — Person fall detected after sudden motion spike.
23:03:54 | INFO     | suraksha.event_manager | [EventManager] Visual event logged: [HIGH] IMPACT_COLLAPSE on V_20 — Person fall detected after sudden motion spike.
23:03:54 | INFO     | suraksha.event_manager | [EventManager] Visual event logged: [HIGH] IMPACT_COLLAPSE on ldjv — Person fall detected after sudden motion spike.
23:03:56 | WARNING  | suraksha.frame_processor | [Capture] Frame loss / black frame detected (1/10)
23:03:57 | INFO     | suraksha.event_manager | [EventManager] Visual event logged: [HIGH] IMPACT_COLLAPSE on V_20 — Person fall detected after sudden motion spike.
23:03:58 | INFO     | suraksha.event_manager | [EventManager] Visual event logged: [HIGH] IMPACT_COLLAPSE on f — Person fall detected after sudden motion spike.
23:04:02 | WARNING  | suraksha.frame_processor | [Capture] Frame loss / black frame detected (1/10)
23:04:03 | INFO     | suraksha.event_manager | [EventManager] Visual event logged: [HIGH] IMPACT_COLLAPSE on V_20 — Person fall detected after sudden motion spike.
23:04:07 | INFO     | suraksha.event_manager | [EventManager] Visual event logged: [HIGH] IMPACT_COLLAPSE on V_20 — Person fall detected after sudden motion spike.
23:04:07 | WARNING  | suraksha.frame_processor | [Capture] Frame loss / black frame detected (1/10)
23:04:08 | INFO     | suraksha.event_manager | [EventManager] Visual event logged: [HIGH] IMPACT_COLLAPSE on V_20 — Person fall detected after sudden motion spike.
23:04:08 | INFO     | suraksha.event_manager | [EventManager] Visual event logged: [HIGH] IMPACT_COLLAPSE on Webcam Unit — Person fall detected after sudden motion spike.
23:04:08 | INFO     | suraksha.event_manager | [EventManager] Visual event logged: [HIGH] IMPACT_COLLAPSE on V_20 — Person fall detected after sudden motion spike.
23:04:09 | INFO     | suraksha.event_manager | [EventManager] Visual event logged: [HIGH] IMPACT_COLLAPSE on ldjv — Person fall detected after sudden motion spike.
23:04:13 | WARNING  | suraksha.frame_processor | [Capture] Frame loss / black frame detected (1/10)
23:04:13 | INFO     | suraksha.event_manager | [EventManager] Visual event logged: [HIGH] IMPACT_COLLAPSE on V_20 — Person fall detected after sudden motion spike.
23:04:14 | INFO     | suraksha.event_manager | [EventManager] Visual event logged: [HIGH] IMPACT_COLLAPSE on V_20 — Person fall detected after sudden motion spike.
23:04:14 | INFO     | suraksha.event_manager | [EventManager] Visual event logged: [HIGH] IMPACT_COLLAPSE on V_20 — Person fall detected after sudden motion spike.
23:04:18 | WARNING  | suraksha.frame_processor | [Capture] Frame loss / black frame detected (1/10)
23:04:19 | INFO     | suraksha.event_manager | [EventManager] Visual event logged: [HIGH] IMPACT_COLLAPSE on V_20 — Person fall detected after sudden motion spike.
23:04:21 | INFO     | suraksha.event_manager | [EventManager] Visual event logged: [HIGH] IMPACT_COLLAPSE on V_20 — Person fall detected after sudden motion spike.
23:04:23 | WARNING  | suraksha.frame_processor | [Capture] Frame loss / black frame detected (1/10)
23:04:25 | INFO     | suraksha.event_manager | [EventManager] Visual event logged: [HIGH] IMPACT_COLLAPSE on V_20 — Person fall detected after sudden motion spike.
23:04:25 | INFO     | suraksha.event_manager | [EventManager] Visual event logged: [HIGH] IMPACT_COLLAPSE on V_20 — Person fall detected after sudden motion spike.
E0000 00:00:1779384866.865758  174508 portable_clearcut_uploader.cc:90] Failed to send to clearcut: FAILED_PRECONDITION: Not valid for uploading until: 2026-05-21T23:05:26.780524+05:30
=== Source Location Trace: ===
wireless/android/play/playlog/cplusplus/portable_clearcut_uploader.cc:180
23:04:27 | INFO     | suraksha.event_manager | [EventManager] Visual event logged: [HIGH] IMPACT_COLLAPSE on V_20 — Person fall detected after sudden motion spike.
23:04:29 | WARNING  | suraksha.frame_processor | [Capture] Frame loss / black frame detected (1/10)
23:04:34 | WARNING  | suraksha.frame_processor | [Capture] Frame loss / black frame detected (1/10)
23:04:37 | INFO     | suraksha.event_manager | [EventManager] Visual event logged: [HIGH] IMPACT_COLLAPSE on ldjv — Person fall detected after sudden motion spike.
23:04:37 | INFO     | suraksha.event_manager | [EventManager] Visual event logged: [HIGH] IMPACT_COLLAPSE on Webcam Unit — Person fall detected after sudden motion spike.
23:04:37 | INFO     | suraksha.event_manager | [EventManager] Visual event logged: [HIGH] IMPACT_COLLAPSE on V_20 — Person fall detected after sudden motion spike.
23:04:38 | INFO     | suraksha.event_manager | [EventManager] Visual event logged: [HIGH] IMPACT_COLLAPSE on V_20 — Person fall detected after sudden motion spike.
23:04:40 | WARNING  | suraksha.frame_processor | [Capture] Frame loss / black frame detected (1/10)
23:04:45 | INFO     | suraksha.event_manager | [EventManager] Visual event logged: [HIGH] IMPACT_COLLAPSE on V_20 — Person fall detected after sudden motion spike.
23:04:45 | INFO     | suraksha.event_manager | [EventManager] Visual event logged: [HIGH] IMPACT_COLLAPSE on Webcam Unit — Person fall detected after sudden motion spike.
23:04:45 | INFO     | suraksha.event_manager | [EventManager] Visual event logged: [HIGH] IMPACT_COLLAPSE on ldjv — Person fall detected after sudden motion spike.
23:04:45 | WARNING  | suraksha.frame_processor | [Capture] Frame loss / black frame detected (1/10)
23:04:49 | INFO     | suraksha.event_manager | [EventManager] Visual event logged: [HIGH] IMPACT_COLLAPSE on ldjv — Person fall detected after sudden motion spike.
23:04:49 | INFO     | suraksha.event_manager | [EventManager] Visual event logged: [HIGH] IMPACT_COLLAPSE on V_20 — Person fall detected after sudden motion spike.
23:04:51 | WARNING  | suraksha.frame_processor | [Capture] Frame loss / black frame detected (1/10)
23:04:54 | INFO     | suraksha.event_manager | [EventManager] Visual event logged: [HIGH] IMPACT_COLLAPSE on V_20 — Person fall detected after sudden motion spike.
23:04:56 | WARNING  | suraksha.frame_processor | [Capture] Frame loss / black frame detected (1/10)
23:04:59 | INFO     | suraksha.event_manager | [EventManager] Visual event logged: [HIGH] IMPACT_COLLAPSE on V_20 — Person fall detected after sudden motion spike.
23:05:00 | INFO     | suraksha.event_manager | [EventManager] Visual event logged: [HIGH] IMPACT_COLLAPSE on V_20 — Person fall detected after sudden motion spike.
23:05:02 | WARNING  | suraksha.frame_processor | [Capture] Frame loss / black frame detected (1/10)
23:05:04 | INFO     | suraksha.event_manager | [EventManager] Visual event logged: [HIGH] IMPACT_COLLAPSE on V_20 — Person fall detected after sudden motion spike.
23:05:07 | WARNING  | suraksha.frame_processor | [Capture] Frame loss / black frame detected (1/10)
23:05:09 | INFO     | suraksha.event_manager | [EventManager] Visual event logged: [HIGH] IMPACT_COLLAPSE on V_20 — Person fall detected after sudden motion spike.
23:05:09 | INFO     | suraksha.event_manager | [EventManager] Visual event logged: [HIGH] IMPACT_COLLAPSE on Webcam Unit — Person fall detected after sudden motion spike.
23:05:09 | INFO     | suraksha.event_manager | [EventManager] Visual event logged: [HIGH] IMPACT_COLLAPSE on ldjv — Person fall detected after sudden motion spike.
23:05:12 | INFO     | suraksha.event_manager | [EventManager] Visual event logged: [HIGH] IMPACT_COLLAPSE on V_20 — Person fall detected after sudden motion spike.
23:05:12 | INFO     | suraksha.event_manager | [EventManager] Visual event logged: [HIGH] IMPACT_COLLAPSE on Webcam Unit — Person fall detected after sudden motion spike.
23:05:12 | INFO     | suraksha.event_manager | [EventManager] Visual event logged: [HIGH] IMPACT_COLLAPSE on ldjv — Person fall detected after sudden motion spike.
23:05:12 | WARNING  | suraksha.frame_processor | [Capture] Frame loss / black frame detected (1/10)
23:05:14 | INFO     | suraksha.event_manager | [EventManager] Visual event logged: [HIGH] IMPACT_COLLAPSE on V_20 — Person fall detected after sudden motion spike.
23:05:14 | INFO     | suraksha.event_manager | [EventManager] Visual event logged: [HIGH] IMPACT_COLLAPSE on Webcam Unit — Person fall detected after sudden motion spike.
23:05:14 | INFO     | suraksha.event_manager | [EventManager] Visual event logged: [HIGH] IMPACT_COLLAPSE on ldjv — Person fall detected after sudden motion spike.
23:05:18 | WARNING  | suraksha.frame_processor | [Capture] Frame loss / black frame detected (1/10)
23:05:21 | INFO     | suraksha.event_manager | [EventManager] Visual event logged: [HIGH] IMPACT_COLLAPSE on Webcam Unit — Person fall detected after sudden motion spike.
23:05:21 | INFO     | suraksha.event_manager | [EventManager] Visual event logged: [HIGH] IMPACT_COLLAPSE on ldjv — Person fall detected after sudden motion spike.
23:05:21 | INFO     | suraksha.event_manager | [EventManager] Visual event logged: [HIGH] IMPACT_COLLAPSE on V_20 — Person fall detected after sudden motion spike.
23:05:23 | WARNING  | suraksha.frame_processor | [Capture] Frame loss / black frame detected (1/10)
23:05:26 | INFO     | suraksha.event_manager | [EventManager] Visual event logged: [HIGH] IMPACT_COLLAPSE on V_20 — Person fall detected after sudden motion spike.
23:05:26 | INFO     | suraksha.event_manager | [EventManager] Visual event logged: [HIGH] IMPACT_COLLAPSE on ldjv — Person fall detected after sudden motion spike.
23:05:29 | WARNING  | suraksha.frame_processor | [Capture] Frame loss / black frame detected (1/10)
23:05:32 | INFO     | suraksha.event_manager | [EventManager] Visual event logged: [HIGH] IMPACT_COLLAPSE on V_20 — Person fall detected after sudden motion spike.
23:05:32 | INFO     | suraksha.event_manager | [EventManager] Visual event logged: [HIGH] IMPACT_COLLAPSE on f — Person fall detected after sudden motion spike.
23:05:34 | WARNING  | suraksha.frame_processor | [Capture] Frame loss / black frame detected (1/10)
23:05:35 | INFO     | suraksha.event_manager | [EventManager] Visual event logged: [HIGH] IMPACT_COLLAPSE on V_20 — Person fall detected after sudden motion spike.
23:05:36 | INFO     | suraksha.event_manager | [EventManager] Visual event logged: [HIGH] IMPACT_COLLAPSE on ldjv — Person fall detected after sudden motion spike.
23:05:36 | INFO     | suraksha.event_manager | [EventManager] Visual event logged: [HIGH] IMPACT_COLLAPSE on V_20 — Person fall detected after sudden motion spike.
23:05:36 | INFO     | suraksha.event_manager | [EventManager] Visual event logged: [HIGH] IMPACT_COLLAPSE on V_20 — Person fall detected after sudden motion spike.
23:05:36 | INFO     | suraksha.event_manager | [EventManager] Visual event logged: [HIGH] IMPACT_COLLAPSE on Webcam Unit — Person fall detected after sudden motion spike.
23:05:40 | WARNING  | suraksha.frame_processor | [Capture] Frame loss / black frame detected (1/10)
23:05:41 | INFO     | suraksha.event_manager | [EventManager] Visual event logged: [HIGH] IMPACT_COLLAPSE on V_20 — Person fall detected after sudden motion spike.
23:05:41 | INFO     | suraksha.event_manager | [EventManager] Visual event logged: [HIGH] IMPACT_COLLAPSE on ldjv — Person fall detected after sudden motion spike.
23:05:41 | INFO     | suraksha.event_manager | [EventManager] Visual event logged: [HIGH] IMPACT_COLLAPSE on V_20 — Person fall detected after sudden motion spike.
23:05:43 | INFO     | suraksha.event_manager | [EventManager] Visual event logged: [HIGH] IMPACT_COLLAPSE on V_20 — Person fall detected after sudden motion spike.
23:05:43 | INFO     | suraksha.event_manager | [EventManager] Visual event logged: [HIGH] IMPACT_COLLAPSE on f — Person fall detected after sudden motion spike.
23:05:43 | INFO     | suraksha.event_manager | [EventManager] Visual event logged: [HIGH] IMPACT_COLLAPSE on ldjv — Person fall detected after sudden motion spike.
23:05:43 | INFO     | suraksha.event_manager | [EventManager] Visual event logged: [HIGH] IMPACT_COLLAPSE on V_20 — Person fall detected after sudden motion spike.
23:05:45 | WARNING  | suraksha.frame_processor | [Capture] Frame loss / black frame detected (1/10)
23:05:46 | INFO     | suraksha.event_manager | [EventManager] Visual event logged: [HIGH] IMPACT_COLLAPSE on f — Person fall detected after sudden motion spike.
23:05:46 | INFO     | suraksha.event_manager | [EventManager] Visual event logged: [HIGH] IMPACT_COLLAPSE on V_20 — Person fall detected after sudden motion spike.
23:05:47 | INFO     | suraksha.event_manager | [EventManager] Visual event logged: [HIGH] IMPACT_COLLAPSE on V_20 — Person fall detected after sudden motion spike.
23:05:47 | INFO     | suraksha.event_manager | [EventManager] Visual event logged: [HIGH] IMPACT_COLLAPSE on Webcam Unit — Person fall detected after sudden motion spike.
23:05:47 | INFO     | suraksha.event_manager | [EventManager] Visual event logged: [HIGH] IMPACT_COLLAPSE on ldjv — Person fall detected after sudden motion spike.
23:05:51 | WARNING  | suraksha.frame_processor | [Capture] Frame loss / black frame detected (1/10)
23:05:52 | INFO     | suraksha.event_manager | [EventManager] Visual event logged: [HIGH] IMPACT_COLLAPSE on ldjv — Person fall detected after sudden motion spike.
23:05:52 | INFO     | suraksha.event_manager | [EventManager] Visual event logged: [HIGH] IMPACT_COLLAPSE on Webcam Unit — Person fall detected after sudden motion spike.
23:05:52 | INFO     | suraksha.event_manager | [EventManager] Visual event logged: [HIGH] IMPACT_COLLAPSE on V_20 — Person fall detected after sudden motion spike.
23:05:53 | INFO     | suraksha.event_manager | [EventManager] Visual event logged: [HIGH] IMPACT_COLLAPSE on V_20 — Person fall detected after sudden motion spike.
23:05:53 | INFO     | suraksha.event_manager | [EventManager] Visual event logged: [HIGH] IMPACT_COLLAPSE on f — Person fall detected after sudden motion spike.
23:05:54 | INFO     | suraksha.event_manager | [EventManager] Visual event logged: [HIGH] IMPACT_COLLAPSE on V_20 — Person fall detected after sudden motion spike.
23:05:54 | INFO     | suraksha.event_manager | [EventManager] Visual event logged: [HIGH] IMPACT_COLLAPSE on Webcam Unit — Person fall detected after sudden motion spike.
23:05:54 | INFO     | suraksha.event_manager | [EventManager] Visual event logged: [HIGH] IMPACT_COLLAPSE on V_20 — Person fall detected after sudden motion spike.
23:05:56 | WARNING  | suraksha.frame_processor | [Capture] Frame loss / black frame detected (1/10)
23:05:59 | INFO     | suraksha.event_manager | [EventManager] Visual event logged: [HIGH] IMPACT_COLLAPSE on ldjv — Person fall detected after sudden motion spike.
23:05:59 | INFO     | suraksha.event_manager | [EventManager] Visual event logged: [HIGH] IMPACT_COLLAPSE on Webcam Unit — Person fall detected after sudden motion spike.
23:05:59 | INFO     | suraksha.event_manager | [EventManager] Visual event logged: [HIGH] IMPACT_COLLAPSE on V_20 — Person fall detected after sudden motion spike.
23:06:01 | WARNING  | suraksha.frame_processor | [Capture] Frame loss / black frame detected (1/10)
23:06:03 | INFO     | suraksha.event_manager | [EventManager] Visual event logged: [HIGH] IMPACT_COLLAPSE on ldjv — Person fall detected after sudden motion spike.
23:06:03 | INFO     | suraksha.event_manager | [EventManager] Visual event logged: [HIGH] IMPACT_COLLAPSE on V_20 — Person fall detected after sudden motion spike.
23:06:03 | INFO     | suraksha.event_manager | [EventManager] Visual event logged: [HIGH] IMPACT_COLLAPSE on Webcam Unit — Person fall detected after sudden motion spike.
23:06:03 | INFO     | suraksha.event_manager | [EventManager] Visual event logged: [HIGH] IMPACT_COLLAPSE on f — Person fall detected after sudden motion spike.
23:06:04 | INFO     | suraksha.event_manager | [EventManager] Visual event logged: [HIGH] IMPACT_COLLAPSE on V_20 — Person fall detected after sudden motion spike.
23:06:04 | INFO     | suraksha.event_manager | [EventManager] Visual event logged: [HIGH] IMPACT_COLLAPSE on f — Person fall detected after sudden motion spike.
23:06:07 | WARNING  | suraksha.frame_processor | [Capture] Frame loss / black frame detected (1/10)
23:06:08 | INFO     | suraksha.event_manager | [EventManager] Visual event logged: [HIGH] IMPACT_COLLAPSE on V_20 — Person fall detected after sudden motion spike.
23:06:09 | INFO     | suraksha.event_manager | [EventManager] Visual event logged: [HIGH] IMPACT_COLLAPSE on V_20 — Person fall detected after sudden motion spike.
23:06:09 | INFO     | suraksha.event_manager | [EventManager] Visual event logged: [HIGH] IMPACT_COLLAPSE on ldjv — Person fall detected after sudden motion spike.
23:06:12 | INFO     | suraksha.event_manager | [EventManager] Visual event logged: [HIGH] IMPACT_COLLAPSE on Webcam Unit — Person fall detected after sudden motion spike.
23:06:12 | WARNING  | suraksha.frame_processor | [Capture] Frame loss / black frame detected (1/10)
23:06:13 | INFO     | suraksha.event_manager | [EventManager] Visual event logged: [HIGH] IMPACT_COLLAPSE on ldjv — Person fall detected after sudden motion spike.
23:06:14 | INFO     | suraksha.event_manager | [EventManager] Visual event logged: [HIGH] IMPACT_COLLAPSE on V_20 — Person fall detected after sudden motion spike.
23:06:14 | INFO     | suraksha.event_manager | [EventManager] Visual event logged: [HIGH] IMPACT_COLLAPSE on f — Person fall detected after sudden motion spike.
23:06:14 | INFO     | suraksha.event_manager | [EventManager] Visual event logged: [HIGH] AGGRESSIVE_CHASE on V_20 — Converging bounding velocities indicating a chase.
23:06:14 | INFO     | suraksha.event_manager | [EventManager] Visual event logged: [HIGH] IMPACT_COLLAPSE on V_20 — Person fall detected after sudden motion spike.
23:06:14 | INFO     | suraksha.event_manager | [EventManager] Visual event logged: [HIGH] IMPACT_COLLAPSE on Webcam Unit — Person fall detected after sudden motion spike.
23:06:16 | INFO     | suraksha.event_manager | [EventManager] Visual event logged: [HIGH] IMPACT_COLLAPSE on ldjv — Person fall detected after sudden motion spike.
23:06:16 | INFO     | suraksha.event_manager | [EventManager] Visual event logged: [HIGH] IMPACT_COLLAPSE on V_20 — Person fall detected after sudden motion spike.
23:06:18 | WARNING  | suraksha.frame_processor | [Capture] Frame loss / black frame detected (1/10)
23:06:23 | WARNING  | suraksha.frame_processor | [Capture] Frame loss / black frame detected (1/10)
23:06:26 | INFO     | suraksha.event_manager | [EventManager] Visual event logged: [HIGH] AGGRESSIVE_CHASE on V_20 — Converging bounding velocities indicating a chase.
E0000 00:00:1779384987.199267  174508 portable_clearcut_uploader.cc:90] Failed to send to clearcut: FAILED_PRECONDITION: Not valid for uploading until: 2026-05-21T23:20:27.198475+05:30
=== Source Location Trace: ===
wireless/android/play/playlog/cplusplus/portable_clearcut_uploader.cc:180
23:06:29 | WARNING  | suraksha.frame_processor | [Capture] Frame loss / black frame detected (1/10)
23:06:29 | INFO     | suraksha.event_manager | [EventManager] Visual event logged: [HIGH] IMPACT_COLLAPSE on V_20 — Person fall detected after sudden motion spike.
23:06:30 | INFO     | suraksha.event_manager | [EventManager] Visual event logged: [HIGH] IMPACT_COLLAPSE on Webcam Unit — Person fall detected after sudden motion spike.
23:06:30 | INFO     | suraksha.event_manager | [EventManager] Visual event logged: [HIGH] IMPACT_COLLAPSE on ldjv — Person fall detected after sudden motion spike.
23:06:32 | INFO     | suraksha.event_manager | [EventManager] Visual event logged: [HIGH] IMPACT_COLLAPSE on V_20 — Person fall detected after sudden motion spike.
23:06:34 | INFO     | suraksha.event_manager | [EventManager] Visual event logged: [HIGH] IMPACT_COLLAPSE on ldjv — Person fall detected after sudden motion spike.
23:06:34 | INFO     | suraksha.event_manager | [EventManager] Visual event logged: [HIGH] IMPACT_COLLAPSE on V_20 — Person fall detected after sudden motion spike.
23:06:34 | INFO     | suraksha.event_manager | [EventManager] Visual event logged: [HIGH] IMPACT_COLLAPSE on Webcam Unit — Person fall detected after sudden motion spike.
23:06:34 | INFO     | suraksha.event_manager | [EventManager] Visual event logged: [HIGH] IMPACT_COLLAPSE on f — Person fall detected after sudden motion spike.
23:06:34 | WARNING  | suraksha.frame_processor | [Capture] Frame loss / black frame detected (1/10)
23:06:34 | INFO     | suraksha.event_manager | [EventManager] Visual event logged: [HIGH] IMPACT_COLLAPSE on V_20 — Person fall detected after sudden motion spike.
23:06:35 | INFO     | suraksha.event_manager | [EventManager] Visual event logged: [HIGH] AGGRESSIVE_CHASE on V_20 — Converging bounding velocities indicating a chase.
23:06:35 | INFO     | suraksha.event_manager | [EventManager] Visual event logged: [HIGH] IMPACT_COLLAPSE on V_20 — Person fall detected after sudden motion spike.
23:06:37 | INFO     | suraksha.event_manager | [EventManager] Visual event logged: [HIGH] IMPACT_COLLAPSE on V_20 — Person fall detected after sudden motion spike.
23:06:37 | INFO     | suraksha.event_manager | [EventManager] Visual event logged: [HIGH] AGGRESSIVE_CHASE on V_20 — Converging bounding velocities indicating a chase.
23:06:39 | INFO     | suraksha.event_manager | [EventManager] Visual event logged: [HIGH] IMPACT_COLLAPSE on V_20 — Person fall detected after sudden motion spike.
23:06:39 | INFO     | suraksha.event_manager | [EventManager] Visual event logged: [HIGH] IMPACT_COLLAPSE on ldjv — Person fall detected after sudden motion spike.
23:06:39 | INFO     | suraksha.event_manager | [EventManager] Visual event logged: [HIGH] IMPACT_COLLAPSE on Webcam Unit — Person fall detected after sudden motion spike.
23:06:39 | INFO     | suraksha.event_manager | [EventManager] Visual event logged: [HIGH] IMPACT_COLLAPSE on f — Person fall detected after sudden motion spike.
23:06:40 | WARNING  | suraksha.frame_processor | [Capture] Frame loss / black frame detected (1/10)
23:06:41 | INFO     | suraksha.event_manager | [EventManager] Visual event logged: [HIGH] IMPACT_COLLAPSE on f — Person fall detected after sudden motion spike.
23:06:41 | INFO     | suraksha.event_manager | [EventManager] Visual event logged: [HIGH] IMPACT_COLLAPSE on Webcam Unit — Person fall detected after sudden motion spike.
23:06:41 | INFO     | suraksha.event_manager | [EventManager] Visual event logged: [HIGH] IMPACT_COLLAPSE on V_20 — Person fall detected after sudden motion spike.
23:06:42 | INFO     | suraksha.event_manager | [EventManager] Visual event logged: [HIGH] AGGRESSIVE_CHASE on V_20 — Converging bounding velocities indicating a chase.
23:06:43 | INFO     | suraksha.event_manager | [EventManager] Visual event logged: [HIGH] IMPACT_COLLAPSE on ldjv — Person fall detected after sudden motion spike.
23:06:43 | INFO     | suraksha.event_manager | [EventManager] Visual event logged: [HIGH] IMPACT_COLLAPSE on f — Person fall detected after sudden motion spike.
23:06:43 | INFO     | suraksha.event_manager | [EventManager] Visual event logged: [HIGH] IMPACT_COLLAPSE on Webcam Unit — Person fall detected after sudden motion spike.
23:06:43 | INFO     | suraksha.event_manager | [EventManager] Visual event logged: [HIGH] IMPACT_COLLAPSE on V_20 — Person fall detected after sudden motion spike.
23:06:45 | WARNING  | suraksha.frame_processor | [Capture] Frame loss / black frame detected (1/10)
23:06:46 | INFO     | suraksha.event_manager | [EventManager] Visual event logged: [HIGH] IMPACT_COLLAPSE on V_20 — Person fall detected after sudden motion spike.
23:06:48 | INFO     | suraksha.event_manager | [EventManager] Visual event logged: [HIGH] AGGRESSIVE_CHASE on V_20 — Converging bounding velocities indicating a chase.
23:06:48 | INFO     | suraksha.event_manager | [EventManager] Visual event logged: [HIGH] IMPACT_COLLAPSE on V_20 — Person fall detected after sudden motion spike.
23:06:50 | WARNING  | suraksha.frame_processor | [Capture] Frame loss / black frame detected (1/10)
23:06:54 | INFO     | suraksha.event_manager | [EventManager] Visual event logged: [HIGH] IMPACT_COLLAPSE on V_20 — Person fall detected after sudden motion spike.
23:06:55 | INFO     | suraksha.event_manager | [EventManager] Visual event logged: [HIGH] AGGRESSIVE_CHASE on V_20 — Converging bounding velocities indicating a chase.
23:06:56 | WARNING  | suraksha.frame_processor | [Capture] Frame loss / black frame detected (1/10)
23:06:56 | INFO     | suraksha.event_manager | [EventManager] Visual event logged: [HIGH] AGGRESSIVE_CHASE on V_20 — Converging bounding velocities indicating a chase.
23:06:57 | INFO     | suraksha.event_manager | [EventManager] Visual event logged: [HIGH] IMPACT_COLLAPSE on Webcam Unit — Person fall detected after sudden motion spike.
23:06:57 | INFO     | suraksha.event_manager | [EventManager] Visual event logged: [HIGH] IMPACT_COLLAPSE on ldjv — Person fall detected after sudden motion spike.
23:06:57 | INFO     | suraksha.event_manager | [EventManager] Visual event logged: [HIGH] IMPACT_COLLAPSE on V_20 — Person fall detected after sudden motion spike.
23:06:57 | INFO     | suraksha.event_manager | [EventManager] Visual event logged: [HIGH] IMPACT_COLLAPSE on f — Person fall detected after sudden motion spike.
23:06:59 | INFO     | suraksha.event_manager | [EventManager] Visual event logged: [HIGH] AGGRESSIVE_CHASE on V_20 — Converging bounding velocities indicating a chase.
23:07:00 | INFO     | suraksha.event_manager | [EventManager] Visual event logged: [HIGH] AGGRESSIVE_CHASE on V_20 — Converging bounding velocities indicating a chase.
23:07:00 | INFO     | suraksha.event_manager | [EventManager] Visual event logged: [HIGH] IMPACT_COLLAPSE on V_20 — Person fall detected after sudden motion spike.
23:07:00 | INFO     | suraksha.event_manager | [EventManager] Visual event logged: [HIGH] IMPACT_COLLAPSE on V_20 — Person fall detected after sudden motion spike.
23:07:01 | WARNING  | suraksha.frame_processor | [Capture] Frame loss / black frame detected (1/10)
23:07:03 | INFO     | suraksha.event_manager | [EventManager] Visual event logged: [HIGH] IMPACT_COLLAPSE on V_20 — Person fall detected after sudden motion spike.
23:07:03 | INFO     | suraksha.event_manager | [EventManager] Visual event logged: [HIGH] IMPACT_COLLAPSE on V_20 — Person fall detected after sudden motion spike.
23:07:03 | INFO     | suraksha.event_manager | [EventManager] Visual event logged: [HIGH] AGGRESSIVE_CHASE on V_20 — Converging bounding velocities indicating a chase.
23:07:03 | INFO     | suraksha.event_manager | [EventManager] Visual event logged: [HIGH] IMPACT_COLLAPSE on Webcam Unit — Person fall detected after sudden motion spike.
23:07:03 | INFO     | suraksha.event_manager | [EventManager] Visual event logged: [HIGH] AGGRESSIVE_CHASE on Webcam Unit — Converging bounding velocities indicating a chase.
23:07:04 | INFO     | suraksha.event_manager | [EventManager] Visual event logged: [HIGH] IMPACT_COLLAPSE on ldjv — Person fall detected after sudden motion spike.
23:07:04 | INFO     | suraksha.event_manager | [EventManager] Visual event logged: [HIGH] IMPACT_COLLAPSE on f — Person fall detected after sudden motion spike.
23:07:05 | INFO     | suraksha.event_manager | [EventManager] Visual event logged: [HIGH] IMPACT_COLLAPSE on V_20 — Person fall detected after sudden motion spike.
23:07:07 | WARNING  | suraksha.frame_processor | [Capture] Frame loss / black frame detected (1/10)
23:07:08 | INFO     | suraksha.event_manager | [EventManager] Visual event logged: [HIGH] AGGRESSIVE_CHASE on V_20 — Converging bounding velocities indicating a chase.
23:07:09 | INFO     | suraksha.event_manager | [EventManager] Visual event logged: [HIGH] IMPACT_COLLAPSE on Webcam Unit — Person fall detected after sudden motion spike.
23:07:11 | INFO     | suraksha.event_manager | [EventManager] Visual event logged: [HIGH] IMPACT_COLLAPSE on Webcam Unit — Person fall detected after sudden motion spike.
23:07:12 | WARNING  | suraksha.frame_processor | [Capture] Frame loss / black frame detected (1/10)
23:07:14 | INFO     | suraksha.event_manager | [EventManager] Visual event logged: [HIGH] AGGRESSIVE_CHASE on V_20 — Converging bounding velocities indicating a chase.
23:07:14 | INFO     | suraksha.event_manager | [EventManager] Visual event logged: [HIGH] IMPACT_COLLAPSE on V_20 — Person fall detected after sudden motion spike.
23:07:15 | INFO     | suraksha.event_manager | [EventManager] Visual event logged: [HIGH] AGGRESSIVE_CHASE on V_20 — Converging bounding velocities indicating a chase.
23:07:17 | WARNING  | suraksha.frame_processor | [Capture] Frame loss / black frame detected (1/10)
23:07:18 | INFO     | suraksha.event_manager | [EventManager] Visual event logged: [HIGH] AGGRESSIVE_CHASE on V_20 — Converging bounding velocities indicating a chase.
23:07:23 | INFO     | suraksha.event_manager | [EventManager] Visual event logged: [HIGH] AGGRESSIVE_CHASE on V_20 — Converging bounding velocities indicating a chase.
23:07:23 | WARNING  | suraksha.frame_processor | [Capture] Frame loss / black frame detected (1/10)
23:07:26 | INFO     | suraksha.event_manager | [EventManager] Visual event logged: [HIGH] IMPACT_COLLAPSE on V_20 — Person fall detected after sudden motion spike.
E0000 00:00:1779385047.207826  174508 portable_clearcut_uploader.cc:90] Failed to send to clearcut: FAILED_PRECONDITION: Not valid for uploading until: 2026-05-21T23:20:27.198475+05:30
=== Source Location Trace: ===
wireless/android/play/playlog/cplusplus/portable_clearcut_uploader.cc:180
23:07:28 | INFO     | suraksha.event_manager | [EventManager] Visual event logged: [HIGH] IMPACT_COLLAPSE on Webcam Unit — Person fall detected after sudden motion spike.
23:07:28 | INFO     | suraksha.event_manager | [EventManager] Visual event logged: [HIGH] IMPACT_COLLAPSE on V_20 — Person fall detected after sudden motion spike.
23:07:28 | INFO     | suraksha.event_manager | [EventManager] Visual event logged: [HIGH] IMPACT_COLLAPSE on f — Person fall detected after sudden motion spike.
23:07:28 | WARNING  | suraksha.frame_processor | [Capture] Frame loss / black frame detected (1/10)
23:07:29 | INFO     | suraksha.event_manager | [EventManager] Visual event logged: [HIGH] AGGRESSIVE_CHASE on V_20 — Converging bounding velocities indicating a chase.
23:07:30 | INFO     | suraksha.event_manager | [EventManager] Visual event logged: [HIGH] IMPACT_COLLAPSE on V_20 — Person fall detected after sudden motion spike.
23:07:30 | INFO     | suraksha.event_manager | [EventManager] Visual event logged: [HIGH] IMPACT_COLLAPSE on V_20 — Person fall detected after sudden motion spike.
23:07:31 | INFO     | suraksha.event_manager | [EventManager] Visual event logged: [HIGH] AGGRESSIVE_CHASE on V_20 — Converging bounding velocities indicating a chase.
23:07:33 | INFO     | suraksha.event_manager | [EventManager] Visual event logged: [HIGH] IMPACT_COLLAPSE on V_20 — Person fall detected after sudden motion spike.
23:07:33 | INFO     | suraksha.event_manager | [EventManager] Visual event logged: [HIGH] AGGRESSIVE_CHASE on V_20 — Converging bounding velocities indicating a chase.
23:07:34 | WARNING  | suraksha.frame_processor | [Capture] Frame loss / black frame detected (1/10)
23:07:39 | WARNING  | suraksha.frame_processor | [Capture] Frame loss / black frame detected (1/10)
23:07:45 | WARNING  | suraksha.frame_processor | [Capture] Frame loss / black frame detected (1/10)
23:07:46 | INFO     | suraksha.event_manager | [EventManager] Visual event logged: [HIGH] IMPACT_COLLAPSE on V_20 — Person fall detected after sudden motion spike.
23:07:49 | INFO     | suraksha.event_manager | [EventManager] Visual event logged: [HIGH] IMPACT_COLLAPSE on V_20 — Person fall detected after sudden motion spike.
23:07:49 | INFO     | suraksha.event_manager | [EventManager] Visual event logged: [HIGH] IMPACT_COLLAPSE on V_20 — Person fall detected after sudden motion spike.
23:07:50 | WARNING  | suraksha.frame_processor | [Capture] Frame loss / black frame detected (1/10)
23:07:51 | INFO     | suraksha.event_manager | [EventManager] Visual event logged: [HIGH] IMPACT_COLLAPSE on Webcam Unit — Person fall detected after sudden motion spike.
23:07:51 | INFO     | suraksha.event_manager | [EventManager] Visual event logged: [HIGH] IMPACT_COLLAPSE on V_20 — Person fall detected after sudden motion spike.
23:07:51 | INFO     | suraksha.event_manager | [EventManager] Visual event logged: [HIGH] AGGRESSIVE_CHASE on V_20 — Converging bounding velocities indicating a chase.
23:07:52 | INFO     | suraksha.event_manager | [EventManager] Visual event logged: [HIGH] IMPACT_COLLAPSE on V_20 — Person fall detected after sudden motion spike.
23:07:53 | INFO     | suraksha.event_manager | [EventManager] Visual event logged: [HIGH] AGGRESSIVE_CHASE on V_20 — Converging bounding velocities indicating a chase.
23:07:54 | INFO     | suraksha.event_manager | [EventManager] Visual event logged: [HIGH] IMPACT_COLLAPSE on V_20 — Person fall detected after sudden motion spike.
23:07:54 | INFO     | suraksha.event_manager | [EventManager] Visual event logged: [HIGH] IMPACT_COLLAPSE on Webcam Unit — Person fall detected after sudden motion spike.
23:07:54 | INFO     | suraksha.event_manager | [EventManager] Visual event logged: [HIGH] IMPACT_COLLAPSE on V_20 — Person fall detected after sudden motion spike.
23:07:55 | WARNING  | suraksha.frame_processor | [Capture] Frame loss / black frame detected (1/10)
23:08:01 | WARNING  | suraksha.frame_processor | [Capture] Frame loss / black frame detected (1/10)
23:08:02 | INFO     | suraksha.event_manager | [EventManager] Visual event logged: [HIGH] AGGRESSIVE_CHASE on V_20 — Converging bounding velocities indicating a chase.
23:08:03 | INFO     | suraksha.event_manager | [EventManager] Visual event logged: [HIGH] IMPACT_COLLAPSE on Webcam Unit — Person fall detected after sudden motion spike.
23:08:03 | INFO     | suraksha.event_manager | [EventManager] Visual event logged: [HIGH] IMPACT_COLLAPSE on ldjv — Person fall detected after sudden motion spike.
23:08:03 | INFO     | suraksha.event_manager | [EventManager] Visual event logged: [HIGH] IMPACT_COLLAPSE on V_20 — Person fall detected after sudden motion spike.
23:08:04 | INFO     | suraksha.event_manager | [EventManager] Visual event logged: [HIGH] AGGRESSIVE_CHASE on V_20 — Converging bounding velocities indicating a chase.
23:08:06 | WARNING  | suraksha.frame_processor | [Capture] Frame loss / black frame detected (1/10)
23:08:07 | INFO     | suraksha.event_manager | [EventManager] Visual event logged: [HIGH] IMPACT_COLLAPSE on ldjv — Person fall detected after sudden motion spike.
23:08:08 | INFO     | suraksha.event_manager | [EventManager] Visual event logged: [HIGH] IMPACT_COLLAPSE on V_20 — Person fall detected after sudden motion spike.
23:08:08 | INFO     | suraksha.event_manager | [EventManager] Visual event logged: [HIGH] IMPACT_COLLAPSE on f — Person fall detected after sudden motion spike.
23:08:08 | INFO     | suraksha.event_manager | [EventManager] Visual event logged: [HIGH] IMPACT_COLLAPSE on V_20 — Person fall detected after sudden motion spike.
23:08:12 | WARNING  | suraksha.frame_processor | [Capture] Frame loss / black frame detected (1/10)
23:08:13 | INFO     | suraksha.event_manager | [EventManager] Visual event logged: [HIGH] AGGRESSIVE_CHASE on V_20 — Converging bounding velocities indicating a chase.
23:08:15 | INFO     | suraksha.event_manager | [EventManager] Visual event logged: [HIGH] AGGRESSIVE_CHASE on V_20 — Converging bounding velocities indicating a chase.
23:08:17 | WARNING  | suraksha.frame_processor | [Capture] Frame loss / black frame detected (1/10)
23:08:23 | WARNING  | suraksha.frame_processor | [Capture] Frame loss / black frame detected (1/10)
23:08:24 | INFO     | suraksha.event_manager | [EventManager] Visual event logged: [HIGH] IMPACT_COLLAPSE on ldjv — Person fall detected after sudden motion spike.
23:08:24 | INFO     | suraksha.event_manager | [EventManager] Visual event logged: [HIGH] IMPACT_COLLAPSE on V_20 — Person fall detected after sudden motion spike.
23:08:24 | INFO     | suraksha.event_manager | [EventManager] Visual event logged: [HIGH] IMPACT_COLLAPSE on f — Person fall detected after sudden motion spike.
23:08:24 | INFO     | suraksha.event_manager | [EventManager] Visual event logged: [HIGH] IMPACT_COLLAPSE on V_20 — Person fall detected after sudden motion spike.
23:08:25 | INFO     | suraksha.event_manager | [EventManager] Visual event logged: [HIGH] IMPACT_COLLAPSE on V_20 — Person fall detected after sudden motion spike.
E0000 00:00:1779385107.217319  174508 portable_clearcut_uploader.cc:90] Failed to send to clearcut: FAILED_PRECONDITION: Not valid for uploading until: 2026-05-21T23:20:27.198475+05:30
=== Source Location Trace: ===
wireless/android/play/playlog/cplusplus/portable_clearcut_uploader.cc:180
23:08:27 | INFO     | suraksha.event_manager | [EventManager] Visual event logged: [HIGH] IMPACT_COLLAPSE on V_20 — Person fall detected after sudden motion spike.
23:08:28 | WARNING  | suraksha.frame_processor | [Capture] Frame loss / black frame detected (1/10)
23:08:30 | INFO     | suraksha.event_manager | [EventManager] Visual event logged: [HIGH] IMPACT_COLLAPSE on ldjv — Person fall detected after sudden motion spike.
23:08:30 | INFO     | suraksha.event_manager | [EventManager] Visual event logged: [HIGH] IMPACT_COLLAPSE on V_20 — Person fall detected after sudden motion spike.
23:08:30 | INFO     | suraksha.event_manager | [EventManager] Visual event logged: [HIGH] IMPACT_COLLAPSE on Webcam Unit — Person fall detected after sudden motion spike.
23:08:33 | WARNING  | suraksha.frame_processor | [Capture] Frame loss / black frame detected (1/10)
23:08:35 | INFO     | suraksha.event_manager | [EventManager] Visual event logged: [HIGH] IMPACT_COLLAPSE on V_20 — Person fall detected after sudden motion spike.
23:08:37 | INFO     | suraksha.event_manager | [EventManager] Visual event logged: [HIGH] IMPACT_COLLAPSE on V_20 — Person fall detected after sudden motion spike.
23:08:37 | INFO     | suraksha.event_manager | [EventManager] Visual event logged: [HIGH] IMPACT_COLLAPSE on ldjv — Person fall detected after sudden motion spike.
23:08:37 | INFO     | suraksha.event_manager | [EventManager] Visual event logged: [HIGH] IMPACT_COLLAPSE on f — Person fall detected after sudden motion spike.
23:08:39 | WARNING  | suraksha.frame_processor | [Capture] Frame loss / black frame detected (1/10)
23:08:40 | INFO     | suraksha.event_manager | [EventManager] Visual event logged: [HIGH] IMPACT_COLLAPSE on f — Person fall detected after sudden motion spike.
23:08:40 | INFO     | suraksha.event_manager | [EventManager] Visual event logged: [HIGH] IMPACT_COLLAPSE on V_20 — Person fall detected after sudden motion spike.
23:08:40 | INFO     | suraksha.event_manager | [EventManager] Visual event logged: [HIGH] AGGRESSIVE_CHASE on V_20 — Converging bounding velocities indicating a chase.
23:08:42 | INFO     | suraksha.event_manager | [EventManager] Visual event logged: [HIGH] IMPACT_COLLAPSE on V_20 — Person fall detected after sudden motion spike.
23:08:43 | INFO     | suraksha.event_manager | [EventManager] Visual event logged: [HIGH] IMPACT_COLLAPSE on V_20 — Person fall detected after sudden motion spike.
23:08:44 | INFO     | suraksha.event_manager | [EventManager] Visual event logged: [HIGH] IMPACT_COLLAPSE on V_20 — Person fall detected after sudden motion spike.
23:08:44 | WARNING  | suraksha.frame_processor | [Capture] Frame loss / black frame detected (1/10)
23:08:46 | INFO     | suraksha.event_manager | [EventManager] Visual event logged: [HIGH] IMPACT_COLLAPSE on V_20 — Person fall detected after sudden motion spike.
23:08:49 | INFO     | suraksha.event_manager | [EventManager] Visual event logged: [HIGH] IMPACT_COLLAPSE on V_20 — Person fall detected after sudden motion spike.
23:08:50 | WARNING  | suraksha.frame_processor | [Capture] Frame loss / black frame detected (1/10)
23:08:52 | INFO     | suraksha.event_manager | [EventManager] Visual event logged: [HIGH] IMPACT_COLLAPSE on V_20 — Person fall detected after sudden motion spike.
23:08:55 | WARNING  | suraksha.frame_processor | [Capture] Frame loss / black frame detected (1/10)
23:08:57 | INFO     | suraksha.event_manager | [EventManager] Visual event logged: [HIGH] IMPACT_COLLAPSE on V_20 — Person fall detected after sudden motion spike.
23:08:58 | INFO     | suraksha.event_manager | [EventManager] Visual event logged: [HIGH] IMPACT_COLLAPSE on V_20 — Person fall detected after sudden motion spike.
23:08:58 | INFO     | suraksha.event_manager | [EventManager] Visual event logged: [HIGH] IMPACT_COLLAPSE on ldjv — Person fall detected after sudden motion spike.
23:09:00 | INFO     | suraksha.event_manager | [EventManager] Visual event logged: [HIGH] AGGRESSIVE_CHASE on V_20 — Converging bounding velocities indicating a chase.
23:09:01 | WARNING  | suraksha.frame_processor | [Capture] Frame loss / black frame detected (1/10)
23:09:06 | WARNING  | suraksha.frame_processor | [Capture] Frame loss / black frame detected (1/10)
23:09:09 | INFO     | suraksha.event_manager | [EventManager] Visual event logged: [HIGH] AGGRESSIVE_CHASE on V_20 — Converging bounding velocities indicating a chase.
23:09:12 | WARNING  | suraksha.frame_processor | [Capture] Frame loss / black frame detected (1/10)
23:09:13 | INFO     | suraksha.event_manager | [EventManager] Visual event logged: [HIGH] IMPACT_COLLAPSE on Webcam Unit — Person fall detected after sudden motion spike.
23:09:13 | INFO     | suraksha.event_manager | [EventManager] Visual event logged: [HIGH] IMPACT_COLLAPSE on f — Person fall detected after sudden motion spike.
23:09:13 | INFO     | suraksha.event_manager | [EventManager] Visual event logged: [HIGH] IMPACT_COLLAPSE on V_20 — Person fall detected after sudden motion spike.
23:09:17 | WARNING  | suraksha.frame_processor | [Capture] Frame loss / black frame detected (1/10)
23:09:21 | INFO     | suraksha.event_manager | [EventManager] Visual event logged: [HIGH] IMPACT_COLLAPSE on V_20 — Person fall detected after sudden motion spike.
23:09:21 | INFO     | suraksha.event_manager | [EventManager] Visual event logged: [HIGH] IMPACT_COLLAPSE on V_20 — Person fall detected after sudden motion spike.
23:09:22 | INFO     | suraksha.event_manager | [EventManager] Visual event logged: [HIGH] IMPACT_COLLAPSE on V_20 — Person fall detected after sudden motion spike.
23:09:22 | WARNING  | suraksha.frame_processor | [Capture] Frame loss / black frame detected (1/10)
23:09:25 | INFO     | suraksha.event_manager | [EventManager] Visual event logged: [HIGH] IMPACT_COLLAPSE on Webcam Unit — Person fall detected after sudden motion spike.
23:09:25 | INFO     | suraksha.event_manager | [EventManager] Visual event logged: [HIGH] IMPACT_COLLAPSE on f — Person fall detected after sudden motion spike.
23:09:25 | INFO     | suraksha.event_manager | [EventManager] Visual event logged: [HIGH] IMPACT_COLLAPSE on V_20 — Person fall detected after sudden motion spike.
23:09:25 | INFO     | suraksha.event_manager | [EventManager] Visual event logged: [HIGH] IMPACT_COLLAPSE on ldjv — Person fall detected after sudden motion spike.
23:09:26 | INFO     | suraksha.event_manager | [EventManager] Visual event logged: [HIGH] IMPACT_COLLAPSE on V_20 — Person fall detected after sudden motion spike.
23:09:26 | INFO     | suraksha.event_manager | [EventManager] Visual event logged: [HIGH] IMPACT_COLLAPSE on ldjv — Person fall detected after sudden motion spike.
23:09:26 | INFO     | suraksha.event_manager | [EventManager] Visual event logged: [HIGH] IMPACT_COLLAPSE on V_20 — Person fall detected after sudden motion spike.
23:09:27 | INFO     | suraksha.event_manager | [EventManager] Visual event logged: [HIGH] IMPACT_COLLAPSE on V_20 — Person fall detected after sudden motion spike.
E0000 00:00:1779385167.222915  174508 portable_clearcut_uploader.cc:90] Failed to send to clearcut: FAILED_PRECONDITION: Not valid for uploading until: 2026-05-21T23:20:27.198475+05:30
=== Source Location Trace: ===
wireless/android/play/playlog/cplusplus/portable_clearcut_uploader.cc:180
23:09:27 | INFO     | suraksha.event_manager | [EventManager] Visual event logged: [HIGH] IMPACT_COLLAPSE on V_20 — Person fall detected after sudden motion spike.
23:09:28 | WARNING  | suraksha.frame_processor | [Capture] Frame loss / black frame detected (1/10)
23:09:29 | INFO     | suraksha.event_manager | [EventManager] Visual event logged: [HIGH] IMPACT_COLLAPSE on V_20 — Person fall detected after sudden motion spike.
23:09:30 | INFO     | suraksha.event_manager | [EventManager] Visual event logged: [HIGH] IMPACT_COLLAPSE on ldjv — Person fall detected after sudden motion spike.
23:09:30 | INFO     | suraksha.event_manager | [EventManager] Visual event logged: [HIGH] IMPACT_COLLAPSE on V_20 — Person fall detected after sudden motion spike.
23:09:30 | INFO     | suraksha.event_manager | [EventManager] Visual event logged: [HIGH] IMPACT_COLLAPSE on Webcam Unit — Person fall detected after sudden motion spike.
23:09:30 | INFO     | suraksha.event_manager | [EventManager] Visual event logged: [HIGH] IMPACT_COLLAPSE on f — Person fall detected after sudden motion spike.
23:09:33 | WARNING  | suraksha.frame_processor | [Capture] Frame loss / black frame detected (1/10)
23:09:36 | INFO     | suraksha.event_manager | [EventManager] Visual event logged: [HIGH] IMPACT_COLLAPSE on V_20 — Person fall detected after sudden motion spike.
23:09:39 | WARNING  | suraksha.frame_processor | [Capture] Frame loss / black frame detected (1/10)
23:09:39 | INFO     | suraksha.event_manager | [EventManager] Visual event logged: [HIGH] IMPACT_COLLAPSE on V_20 — Person fall detected after sudden motion spike.
23:09:40 | INFO     | suraksha.event_manager | [EventManager] Visual event logged: [HIGH] AGGRESSIVE_CHASE on V_20 — Converging bounding velocities indicating a chase.
23:09:40 | INFO     | suraksha.event_manager | [EventManager] Visual event logged: [HIGH] IMPACT_COLLAPSE on V_20 — Person fall detected after sudden motion spike.
23:09:40 | INFO     | suraksha.event_manager | [EventManager] Visual event logged: [HIGH] IMPACT_COLLAPSE on f — Person fall detected after sudden motion spike.
23:09:40 | INFO     | suraksha.event_manager | [EventManager] Visual event logged: [HIGH] IMPACT_COLLAPSE on Webcam Unit — Person fall detected after sudden motion spike.
23:09:40 | INFO     | suraksha.event_manager | [EventManager] Visual event logged: [HIGH] IMPACT_COLLAPSE on V_20 — Person fall detected after sudden motion spike.
23:09:42 | INFO     | suraksha.event_manager | [EventManager] Visual event logged: [HIGH] IMPACT_COLLAPSE on V_20 — Person fall detected after sudden motion spike.
23:09:44 | WARNING  | suraksha.frame_processor | [Capture] Frame loss / black frame detected (1/10)
23:09:46 | INFO     | suraksha.event_manager | [EventManager] Visual event logged: [HIGH] IMPACT_COLLAPSE on ldjv — Person fall detected after sudden motion spike.
23:09:46 | INFO     | suraksha.event_manager | [EventManager] Visual event logged: [HIGH] IMPACT_COLLAPSE on Webcam Unit — Person fall detected after sudden motion spike.
23:09:46 | INFO     | suraksha.event_manager | [EventManager] Visual event logged: [HIGH] IMPACT_COLLAPSE on V_20 — Person fall detected after sudden motion spike.
23:09:47 | INFO     | suraksha.event_manager | [EventManager] Visual event logged: [HIGH] IMPACT_COLLAPSE on V_20 — Person fall detected after sudden motion spike.
23:09:47 | INFO     | suraksha.event_manager | [EventManager] Visual event logged: [HIGH] IMPACT_COLLAPSE on f — Person fall detected after sudden motion spike.
23:09:49 | INFO     | suraksha.event_manager | [EventManager] Visual event logged: [HIGH] IMPACT_COLLAPSE on V_20 — Person fall detected after sudden motion spike.
23:09:49 | INFO     | suraksha.event_manager | [EventManager] Visual event logged: [HIGH] IMPACT_COLLAPSE on V_20 — Person fall detected after sudden motion spike.
23:09:49 | WARNING  | suraksha.frame_processor | [Capture] Frame loss / black frame detected (1/10)
23:09:53 | INFO     | suraksha.event_manager | [EventManager] Visual event logged: [HIGH] IMPACT_COLLAPSE on f — Person fall detected after sudden motion spike.
23:09:53 | INFO     | suraksha.event_manager | [EventManager] Visual event logged: [HIGH] IMPACT_COLLAPSE on Webcam Unit — Person fall detected after sudden motion spike.
23:09:53 | INFO     | suraksha.event_manager | [EventManager] Visual event logged: [HIGH] IMPACT_COLLAPSE on ldjv — Person fall detected after sudden motion spike.
23:09:53 | INFO     | suraksha.event_manager | [EventManager] Visual event logged: [HIGH] IMPACT_COLLAPSE on V_20 — Person fall detected after sudden motion spike.
23:09:55 | WARNING  | suraksha.frame_processor | [Capture] Frame loss / black frame detected (1/10)
23:09:56 | INFO     | suraksha.event_manager | [EventManager] Visual event logged: [HIGH] IMPACT_COLLAPSE on V_20 — Person fall detected after sudden motion spike.
23:10:00 | WARNING  | suraksha.frame_processor | [Capture] Frame loss / black frame detected (1/10)
23:10:02 | INFO     | suraksha.event_manager | [EventManager] Visual event logged: [HIGH] AGGRESSIVE_CHASE on f — Converging bounding velocities indicating a chase.
23:10:02 | INFO     | suraksha.event_manager | [EventManager] Visual event logged: [HIGH] IMPACT_COLLAPSE on V_20 — Person fall detected after sudden motion spike.
23:10:02 | INFO     | suraksha.event_manager | [EventManager] Visual event logged: [HIGH] IMPACT_COLLAPSE on ldjv — Person fall detected after sudden motion spike.
23:10:02 | INFO     | suraksha.event_manager | [EventManager] Visual event logged: [HIGH] IMPACT_COLLAPSE on Webcam Unit — Person fall detected after sudden motion spike.
23:10:03 | INFO     | suraksha.event_manager | [EventManager] Visual event logged: [HIGH] IMPACT_COLLAPSE on V_20 — Person fall detected after sudden motion spike.
23:10:04 | INFO     | suraksha.event_manager | [EventManager] Visual event logged: [HIGH] AGGRESSIVE_CHASE on V_20 — Converging bounding velocities indicating a chase.
23:10:06 | WARNING  | suraksha.frame_processor | [Capture] Frame loss / black frame detected (1/10)
23:10:08 | INFO     | suraksha.event_manager | [EventManager] Visual event logged: [HIGH] IMPACT_COLLAPSE on V_20 — Person fall detected after sudden motion spike.
23:10:11 | WARNING  | suraksha.frame_processor | [Capture] Frame loss / black frame detected (1/10)
23:10:13 | INFO     | suraksha.event_manager | [EventManager] Visual event logged: [HIGH] AGGRESSIVE_CHASE on V_20 — Converging bounding velocities indicating a chase.
23:10:17 | WARNING  | suraksha.frame_processor | [Capture] Frame loss / black frame detected (1/10)
23:10:22 | WARNING  | suraksha.frame_processor | [Capture] Frame loss / black frame detected (1/10)
E0000 00:00:1779385227.227728  174508 portable_clearcut_uploader.cc:90] Failed to send to clearcut: FAILED_PRECONDITION: Not valid for uploading until: 2026-05-21T23:20:27.198475+05:30
=== Source Location Trace: ===
wireless/android/play/playlog/cplusplus/portable_clearcut_uploader.cc:180
23:10:27 | WARNING  | suraksha.frame_processor | [Capture] Frame loss / black frame detected (1/10)
23:10:33 | WARNING  | suraksha.frame_processor | [Capture] Frame loss / black frame detected (1/10)
23:10:37 | INFO     | suraksha.event_manager | [EventManager] Visual event logged: [HIGH] IMPACT_COLLAPSE on V_20 — Person fall detected after sudden motion spike.
23:10:37 | INFO     | suraksha.event_manager | [EventManager] Visual event logged: [HIGH] IMPACT_COLLAPSE on ldjv — Person fall detected after sudden motion spike.
23:10:37 | INFO     | suraksha.event_manager | [EventManager] Visual event logged: [HIGH] IMPACT_COLLAPSE on Webcam Unit — Person fall detected after sudden motion spike.
23:10:38 | WARNING  | suraksha.frame_processor | [Capture] Frame loss / black frame detected (1/10)
23:10:44 | WARNING  | suraksha.frame_processor | [Capture] Frame loss / black frame detected (1/10)
23:10:49 | WARNING  | suraksha.frame_processor | [Capture] Frame loss / black frame detected (1/10)
23:10:55 | WARNING  | suraksha.frame_processor | [Capture] Frame loss / black frame detected (1/10)
23:10:56 | INFO     | suraksha.event_manager | [EventManager] Visual event logged: [HIGH] IMPACT_COLLAPSE on V_20 — Person fall detected after sudden motion spike.
23:10:56 | INFO     | suraksha.event_manager | [EventManager] Visual event logged: [HIGH] IMPACT_COLLAPSE on ldjv — Person fall detected after sudden motion spike.
23:10:57 | INFO     | suraksha.event_manager | [EventManager] Visual event logged: [HIGH] IMPACT_COLLAPSE on Webcam Unit — Person fall detected after sudden motion spike.
23:10:57 | INFO     | suraksha.event_manager | [EventManager] Visual event logged: [HIGH] IMPACT_COLLAPSE on V_20 — Person fall detected after sudden motion spike.
23:10:57 | INFO     | suraksha.event_manager | [EventManager] Visual event logged: [HIGH] IMPACT_COLLAPSE on V_20 — Person fall detected after sudden motion spike.
23:11:00 | WARNING  | suraksha.frame_processor | [Capture] Frame loss / black frame detected (1/10)
23:11:01 | INFO     | suraksha.event_manager | [EventManager] Visual event logged: [HIGH] IMPACT_COLLAPSE on V_20 — Person fall detected after sudden motion spike.
23:11:01 | INFO     | suraksha.event_manager | [EventManager] Visual event logged: [HIGH] IMPACT_COLLAPSE on ldjv — Person fall detected after sudden motion spike.
23:11:01 | INFO     | suraksha.event_manager | [EventManager] Visual event logged: [HIGH] IMPACT_COLLAPSE on Webcam Unit — Person fall detected after sudden motion spike.
23:11:02 | INFO     | suraksha.event_manager | [EventManager] Visual event logged: [HIGH] IMPACT_COLLAPSE on f — Person fall detected after sudden motion spike.
23:11:02 | INFO     | suraksha.event_manager | [EventManager] Visual event logged: [HIGH] IMPACT_COLLAPSE on V_20 — Person fall detected after sudden motion spike.
23:11:05 | INFO     | suraksha.event_manager | [EventManager] Visual event logged: [HIGH] IMPACT_COLLAPSE on ldjv — Person fall detected after sudden motion spike.
23:11:05 | INFO     | suraksha.event_manager | [EventManager] Visual event logged: [HIGH] IMPACT_COLLAPSE on V_20 — Person fall detected after sudden motion spike.
23:11:06 | WARNING  | suraksha.frame_processor | [Capture] Frame loss / black frame detected (1/10)
23:11:11 | WARNING  | suraksha.frame_processor | [Capture] Frame loss / black frame detected (1/10)
23:11:16 | WARNING  | suraksha.frame_processor | [Capture] Frame loss / black frame detected (1/10)
23:11:21 | INFO     | suraksha.event_manager | [EventManager] Visual event logged: [HIGH] IMPACT_COLLAPSE on f — Person fall detected after sudden motion spike.
23:11:21 | INFO     | suraksha.event_manager | [EventManager] Visual event logged: [HIGH] IMPACT_COLLAPSE on V_20 — Person fall detected after sudden motion spike.
23:11:22 | WARNING  | suraksha.frame_processor | [Capture] Frame loss / black frame detected (1/10)
23:11:23 | INFO     | suraksha.event_manager | [EventManager] Visual event logged: [HIGH] IMPACT_COLLAPSE on V_20 — Person fall detected after sudden motion spike.
23:11:26 | INFO     | suraksha.event_manager | [EventManager] Visual event logged: [HIGH] IMPACT_COLLAPSE on ldjv — Person fall detected after sudden motion spike.
23:11:26 | INFO     | suraksha.event_manager | [EventManager] Visual event logged: [HIGH] IMPACT_COLLAPSE on V_20 — Person fall detected after sudden motion spike.
E0000 00:00:1779385287.233266  174508 portable_clearcut_uploader.cc:90] Failed to send to clearcut: FAILED_PRECONDITION: Not valid for uploading until: 2026-05-21T23:20:27.198475+05:30
=== Source Location Trace: ===
wireless/android/play/playlog/cplusplus/portable_clearcut_uploader.cc:180
23:11:27 | WARNING  | suraksha.frame_processor | [Capture] Frame loss / black frame detected (1/10)
23:11:28 | INFO     | suraksha.event_manager | [EventManager] Visual event logged: [HIGH] IMPACT_COLLAPSE on V_20 — Person fall detected after sudden motion spike.
23:11:32 | INFO     | suraksha.event_manager | [EventManager] Visual event logged: [HIGH] IMPACT_COLLAPSE on ldjv — Person fall detected after sudden motion spike.
23:11:32 | INFO     | suraksha.event_manager | [EventManager] Visual event logged: [HIGH] IMPACT_COLLAPSE on V_20 — Person fall detected after sudden motion spike.
23:11:32 | INFO     | suraksha.event_manager | [EventManager] Visual event logged: [HIGH] IMPACT_COLLAPSE on Webcam Unit — Person fall detected after sudden motion spike.
23:11:33 | WARNING  | suraksha.frame_processor | [Capture] Frame loss / black frame detected (1/10)
23:11:35 | INFO     | suraksha.event_manager | [EventManager] Visual event logged: [HIGH] IMPACT_COLLAPSE on Webcam Unit — Person fall detected after sudden motion spike.
23:11:35 | INFO     | suraksha.event_manager | [EventManager] Visual event logged: [HIGH] IMPACT_COLLAPSE on V_20 — Person fall detected after sudden motion spike.
23:11:38 | INFO     | suraksha.event_manager | [EventManager] Visual event logged: [HIGH] IMPACT_COLLAPSE on ldjv — Person fall detected after sudden motion spike.
23:11:38 | INFO     | suraksha.event_manager | [EventManager] Visual event logged: [HIGH] IMPACT_COLLAPSE on Webcam Unit — Person fall detected after sudden motion spike.
23:11:38 | INFO     | suraksha.event_manager | [EventManager] Visual event logged: [HIGH] IMPACT_COLLAPSE on V_20 — Person fall detected after sudden motion spike.
23:11:38 | WARNING  | suraksha.frame_processor | [Capture] Frame loss / black frame detected (1/10)
23:11:44 | WARNING  | suraksha.frame_processor | [Capture] Frame loss / black frame detected (1/10)
23:11:47 | INFO     | suraksha.event_manager | [EventManager] Visual event logged: [HIGH] AGGRESSIVE_CHASE on V_20 — Converging bounding velocities indicating a chase.
23:11:47 | INFO     | suraksha.event_manager | [EventManager] Visual event logged: [HIGH] IMPACT_COLLAPSE on V_20 — Person fall detected after sudden motion spike.
23:11:49 | WARNING  | suraksha.frame_processor | [Capture] Frame loss / black frame detected (1/10)
23:11:50 | INFO     | suraksha.event_manager | [EventManager] Visual event logged: [HIGH] IMPACT_COLLAPSE on Webcam Unit — Person fall detected after sudden motion spike.
23:11:50 | INFO     | suraksha.event_manager | [EventManager] Visual event logged: [HIGH] IMPACT_COLLAPSE on V_20 — Person fall detected after sudden motion spike.
23:11:51 | INFO     | suraksha.event_manager | [EventManager] Visual event logged: [HIGH] AGGRESSIVE_CHASE on V_20 — Converging bounding velocities indicating a chase.
23:11:51 | INFO     | suraksha.event_manager | [EventManager] Visual event logged: [HIGH] AGGRESSIVE_CHASE on Webcam Unit — Converging bounding velocities indicating a chase.
23:11:51 | INFO     | suraksha.event_manager | [EventManager] Visual event logged: [HIGH] AGGRESSIVE_CHASE on ldjv — Converging bounding velocities indicating a chase.
23:11:54 | INFO     | suraksha.event_manager | [EventManager] Visual event logged: [HIGH] AGGRESSIVE_CHASE on V_20 — Converging bounding velocities indicating a chase.
23:11:54 | INFO     | suraksha.event_manager | [EventManager] Visual event logged: [HIGH] AGGRESSIVE_CHASE on ldjv — Converging bounding velocities indicating a chase.
23:11:54 | INFO     | suraksha.event_manager | [EventManager] Visual event logged: [HIGH] AGGRESSIVE_CHASE on Webcam Unit — Converging bounding velocities indicating a chase.
23:11:54 | WARNING  | suraksha.frame_processor | [Capture] Frame loss / black frame detected (1/10)
23:11:56 | INFO     | suraksha.event_manager | [EventManager] Visual event logged: [HIGH] AGGRESSIVE_CHASE on V_20 — Converging bounding velocities indicating a chase.
23:12:00 | WARNING  | suraksha.frame_processor | [Capture] Frame loss / black frame detected (1/10)
23:12:05 | WARNING  | suraksha.frame_processor | [Capture] Frame loss / black frame detected (1/10)
23:12:11 | WARNING  | suraksha.frame_processor | [Capture] Frame loss / black frame detected (1/10)
23:12:16 | WARNING  | suraksha.frame_processor | [Capture] Frame loss / black frame detected (1/10)
23:12:18 | INFO     | suraksha.event_manager | [EventManager] Visual event logged: [HIGH] IMPACT_COLLAPSE on ldjv — Person fall detected after sudden motion spike.
23:12:18 | INFO     | suraksha.event_manager | [EventManager] Visual event logged: [HIGH] IMPACT_COLLAPSE on V_20 — Person fall detected after sudden motion spike.
23:12:22 | WARNING  | suraksha.frame_processor | [Capture] Frame loss / black frame detected (1/10)
23:12:25 | INFO     | suraksha.event_manager | [EventManager] Visual event logged: [HIGH] IMPACT_COLLAPSE on Webcam Unit — Person fall detected after sudden motion spike.
23:12:25 | INFO     | suraksha.event_manager | [EventManager] Visual event logged: [HIGH] IMPACT_COLLAPSE on V_20 — Person fall detected after sudden motion spike.
E0000 00:00:1779385347.238764  174508 portable_clearcut_uploader.cc:90] Failed to send to clearcut: FAILED_PRECONDITION: Not valid for uploading until: 2026-05-21T23:20:27.198475+05:30
=== Source Location Trace: ===
wireless/android/play/playlog/cplusplus/portable_clearcut_uploader.cc:180
23:12:27 | WARNING  | suraksha.frame_processor | [Capture] Frame loss / black frame detected (1/10)
23:12:32 | WARNING  | suraksha.frame_processor | [Capture] Frame loss / black frame detected (1/10)
23:12:34 | INFO     | suraksha.event_manager | [EventManager] Visual event logged: [HIGH] IMPACT_COLLAPSE on V_20 — Person fall detected after sudden motion spike.
23:12:38 | WARNING  | suraksha.frame_processor | [Capture] Frame loss / black frame detected (1/10)
23:12:40 | INFO     | suraksha.event_manager | [EventManager] Visual event logged: [HIGH] IMPACT_COLLAPSE on ldjv — Person fall detected after sudden motion spike.
23:12:40 | INFO     | suraksha.event_manager | [EventManager] Visual event logged: [HIGH] IMPACT_COLLAPSE on V_20 — Person fall detected after sudden motion spike.
23:12:43 | WARNING  | suraksha.frame_processor | [Capture] Frame loss / black frame detected (1/10)
23:12:44 | INFO     | suraksha.event_manager | [EventManager] Visual event logged: [HIGH] IMPACT_COLLAPSE on Webcam Unit — Person fall detected after sudden motion spike.
23:12:44 | INFO     | suraksha.event_manager | [EventManager] Visual event logged: [HIGH] IMPACT_COLLAPSE on V_20 — Person fall detected after sudden motion spike.
23:12:47 | INFO     | suraksha.event_manager | [EventManager] Visual event logged: [HIGH] IMPACT_COLLAPSE on V_20 — Person fall detected after sudden motion spike.
23:12:49 | WARNING  | suraksha.frame_processor | [Capture] Frame loss / black frame detected (1/10)
23:12:54 | WARNING  | suraksha.frame_processor | [Capture] Frame loss / black frame detected (1/10)
23:13:00 | WARNING  | suraksha.frame_processor | [Capture] Frame loss / black frame detected (1/10)
23:13:01 | INFO     | suraksha.event_manager | [EventManager] Visual event logged: [HIGH] IMPACT_COLLAPSE on V_20 — Person fall detected after sudden motion spike.
23:13:01 | INFO     | suraksha.event_manager | [EventManager] Visual event logged: [HIGH] IMPACT_COLLAPSE on ldjv — Person fall detected after sudden motion spike.
23:13:02 | INFO     | suraksha.event_manager | [EventManager] Visual event logged: [HIGH] IMPACT_COLLAPSE on V_20 — Person fall detected after sudden motion spike.
23:13:02 | INFO     | suraksha.event_manager | [EventManager] Visual event logged: [HIGH] IMPACT_COLLAPSE on f — Person fall detected after sudden motion spike.
23:13:02 | INFO     | suraksha.event_manager | [EventManager] Visual event logged: [HIGH] IMPACT_COLLAPSE on V_20 — Person fall detected after sudden motion spike.
23:13:05 | WARNING  | suraksha.frame_processor | [Capture] Frame loss / black frame detected (1/10)
23:13:08 | INFO     | suraksha.event_manager | [EventManager] Visual event logged: [HIGH] IMPACT_COLLAPSE on ldjv — Person fall detected after sudden motion spike.
23:13:08 | INFO     | suraksha.event_manager | [EventManager] Visual event logged: [HIGH] IMPACT_COLLAPSE on V_20 — Person fall detected after sudden motion spike.
23:13:10 | WARNING  | suraksha.frame_processor | [Capture] Frame loss / black frame detected (1/10)
23:13:14 | INFO     | suraksha.event_manager | [EventManager] Visual event logged: [HIGH] IMPACT_COLLAPSE on V_20 — Person fall detected after sudden motion spike.
23:13:14 | INFO     | suraksha.event_manager | [EventManager] Visual event logged: [HIGH] IMPACT_COLLAPSE on V_20 — Person fall detected after sudden motion spike.
23:13:16 | WARNING  | suraksha.frame_processor | [Capture] Frame loss / black frame detected (1/10)
23:13:21 | WARNING  | suraksha.frame_processor | [Capture] Frame loss / black frame detected (1/10)
E0000 00:00:1779385407.243591  174508 portable_clearcut_uploader.cc:90] Failed to send to clearcut: FAILED_PRECONDITION: Not valid for uploading until: 2026-05-21T23:20:27.198475+05:30
=== Source Location Trace: ===
wireless/android/play/playlog/cplusplus/portable_clearcut_uploader.cc:180
23:13:27 | WARNING  | suraksha.frame_processor | [Capture] Frame loss / black frame detected (1/10)
23:13:32 | WARNING  | suraksha.frame_processor | [Capture] Frame loss / black frame detected (1/10)
23:13:33 | INFO     | suraksha.event_manager | [EventManager] Visual event logged: [HIGH] IMPACT_COLLAPSE on Webcam Unit — Person fall detected after sudden motion spike.
23:13:33 | INFO     | suraksha.event_manager | [EventManager] Visual event logged: [HIGH] IMPACT_COLLAPSE on V_20 — Person fall detected after sudden motion spike.
23:13:38 | WARNING  | suraksha.frame_processor | [Capture] Frame loss / black frame detected (1/10)
23:13:39 | INFO     | suraksha.event_manager | [EventManager] Visual event logged: [HIGH] IMPACT_COLLAPSE on V_20 — Person fall detected after sudden motion spike.
23:13:43 | INFO     | suraksha.event_manager | [EventManager] Visual event logged: [HIGH] IMPACT_COLLAPSE on f — Person fall detected after sudden motion spike.
23:13:43 | WARNING  | suraksha.frame_processor | [Capture] Frame loss / black frame detected (1/10)
23:13:44 | INFO     | suraksha.event_manager | [EventManager] Visual event logged: [HIGH] IMPACT_COLLAPSE on ldjv — Person fall detected after sudden motion spike.
23:13:44 | INFO     | suraksha.event_manager | [EventManager] Visual event logged: [HIGH] IMPACT_COLLAPSE on f — Person fall detected after sudden motion spike.
23:13:44 | INFO     | suraksha.event_manager | [EventManager] Visual event logged: [HIGH] IMPACT_COLLAPSE on V_20 — Person fall detected after sudden motion spike.
23:13:49 | WARNING  | suraksha.frame_processor | [Capture] Frame loss / black frame detected (1/10)
23:13:50 | INFO     | suraksha.event_manager | [EventManager] Visual event logged: [HIGH] IMPACT_COLLAPSE on V_20 — Person fall detected after sudden motion spike.
23:13:50 | INFO     | suraksha.event_manager | [EventManager] Visual event logged: [HIGH] IMPACT_COLLAPSE on Webcam Unit — Person fall detected after sudden motion spike.
23:13:50 | INFO     | suraksha.event_manager | [EventManager] Visual event logged: [HIGH] IMPACT_COLLAPSE on V_20 — Person fall detected after sudden motion spike.
23:13:50 | INFO     | suraksha.event_manager | [EventManager] Visual event logged: [HIGH] IMPACT_COLLAPSE on ldjv — Person fall detected after sudden motion spike.
23:13:50 | INFO     | suraksha.event_manager | [EventManager] Visual event logged: [HIGH] AGGRESSIVE_CHASE on V_20 — Converging bounding velocities indicating a chase.
23:13:53 | INFO     | suraksha.event_manager | [EventManager] Visual event logged: [HIGH] IMPACT_COLLAPSE on V_20 — Person fall detected after sudden motion spike.
23:13:54 | WARNING  | suraksha.frame_processor | [Capture] Frame loss / black frame detected (1/10)
23:13:58 | INFO     | suraksha.event_manager | [EventManager] Visual event logged: [HIGH] IMPACT_COLLAPSE on V_20 — Person fall detected after sudden motion spike.
23:13:59 | INFO     | suraksha.event_manager | [EventManager] Visual event logged: [HIGH] IMPACT_COLLAPSE on Webcam Unit — Person fall detected after sudden motion spike.
23:13:59 | INFO     | suraksha.event_manager | [EventManager] Visual event logged: [HIGH] IMPACT_COLLAPSE on V_20 — Person fall detected after sudden motion spike.
23:13:59 | WARNING  | suraksha.frame_processor | [Capture] Frame loss / black frame detected (1/10)
23:14:01 | INFO     | suraksha.event_manager | [EventManager] Visual event logged: [HIGH] IMPACT_COLLAPSE on V_20 — Person fall detected after sudden motion spike.
23:14:01 | INFO     | suraksha.event_manager | [EventManager] Visual event logged: [HIGH] IMPACT_COLLAPSE on ldjv — Person fall detected after sudden motion spike.
23:14:03 | INFO     | suraksha.event_manager | [EventManager] Visual event logged: [HIGH] IMPACT_COLLAPSE on V_20 — Person fall detected after sudden motion spike.
23:14:05 | WARNING  | suraksha.frame_processor | [Capture] Frame loss / black frame detected (1/10)
23:14:10 | WARNING  | suraksha.frame_processor | [Capture] Frame loss / black frame detected (1/10)
23:14:14 | INFO     | suraksha.event_manager | [EventManager] Visual event logged: [HIGH] IMPACT_COLLAPSE on ldjv — Person fall detected after sudden motion spike.
23:14:14 | INFO     | suraksha.event_manager | [EventManager] Visual event logged: [HIGH] IMPACT_COLLAPSE on f — Person fall detected after sudden motion spike.
23:14:14 | INFO     | suraksha.event_manager | [EventManager] Visual event logged: [HIGH] IMPACT_COLLAPSE on V_20 — Person fall detected after sudden motion spike.
23:14:16 | WARNING  | suraksha.frame_processor | [Capture] Frame loss / black frame detected (1/10)
23:14:21 | WARNING  | suraksha.frame_processor | [Capture] Frame loss / black frame detected (1/10)
23:14:27 | WARNING  | suraksha.frame_processor | [Capture] Frame loss / black frame detected (1/10)
E0000 00:00:1779385467.249079  174508 portable_clearcut_uploader.cc:90] Failed to send to clearcut: FAILED_PRECONDITION: Not valid for uploading until: 2026-05-21T23:20:27.198475+05:30
=== Source Location Trace: ===
wireless/android/play/playlog/cplusplus/portable_clearcut_uploader.cc:180
23:14:32 | WARNING  | suraksha.frame_processor | [Capture] Frame loss / black frame detected (1/10)
23:14:36 | INFO     | suraksha.event_manager | [EventManager] Visual event logged: [HIGH] IMPACT_COLLAPSE on ldjv — Person fall detected after sudden motion spike.
23:14:37 | INFO     | suraksha.event_manager | [EventManager] Visual event logged: [HIGH] IMPACT_COLLAPSE on V_20 — Person fall detected after sudden motion spike.
23:14:37 | INFO     | suraksha.event_manager | [EventManager] Visual event logged: [HIGH] IMPACT_COLLAPSE on f — Person fall detected after sudden motion spike.
23:14:37 | WARNING  | suraksha.frame_processor | [Capture] Frame loss / black frame detected (1/10)
23:14:42 | INFO     | suraksha.event_manager | [EventManager] Visual event logged: [HIGH] IMPACT_COLLAPSE on V_20 — Person fall detected after sudden motion spike.
23:14:42 | INFO     | suraksha.event_manager | [EventManager] Visual event logged: [HIGH] IMPACT_COLLAPSE on V_20 — Person fall detected after sudden motion spike.
23:14:43 | WARNING  | suraksha.frame_processor | [Capture] Frame loss / black frame detected (1/10)
23:14:44 | INFO     | suraksha.event_manager | [EventManager] Visual event logged: [HIGH] IMPACT_COLLAPSE on V_20 — Person fall detected after sudden motion spike.
23:14:46 | INFO     | suraksha.event_manager | [EventManager] Visual event logged: [HIGH] IMPACT_COLLAPSE on V_20 — Person fall detected after sudden motion spike.
23:14:47 | INFO     | suraksha.event_manager | [EventManager] Visual event logged: [HIGH] IMPACT_COLLAPSE on f — Person fall detected after sudden motion spike.
23:14:47 | INFO     | suraksha.event_manager | [EventManager] Visual event logged: [HIGH] IMPACT_COLLAPSE on ldjv — Person fall detected after sudden motion spike.
23:14:47 | INFO     | suraksha.event_manager | [EventManager] Visual event logged: [HIGH] IMPACT_COLLAPSE on V_20 — Person fall detected after sudden motion spike.
23:14:48 | WARNING  | suraksha.frame_processor | [Capture] Frame loss / black frame detected (1/10)
23:14:53 | INFO     | suraksha.event_manager | [EventManager] Visual event logged: [HIGH] IMPACT_COLLAPSE on V_20 — Person fall detected after sudden motion spike.
23:14:54 | WARNING  | suraksha.frame_processor | [Capture] Frame loss / black frame detected (1/10)
23:14:54 | INFO     | suraksha.event_manager | [EventManager] Visual event logged: [HIGH] IMPACT_COLLAPSE on V_20 — Person fall detected after sudden motion spike.
23:14:55 | INFO     | suraksha.event_manager | [EventManager] Visual event logged: [HIGH] IMPACT_COLLAPSE on V_20 — Person fall detected after sudden motion spike.
23:14:55 | INFO     | suraksha.event_manager | [EventManager] Visual event logged: [HIGH] IMPACT_COLLAPSE on Webcam Unit — Person fall detected after sudden motion spike.
23:14:59 | WARNING  | suraksha.frame_processor | [Capture] Frame loss / black frame detected (1/10)
23:15:05 | WARNING  | suraksha.frame_processor | [Capture] Frame loss / black frame detected (1/10)
23:15:06 | INFO     | suraksha.event_manager | [EventManager] Visual event logged: [HIGH] IMPACT_COLLAPSE on V_20 — Person fall detected after sudden motion spike.
23:15:06 | INFO     | suraksha.event_manager | [EventManager] Visual event logged: [HIGH] IMPACT_COLLAPSE on ldjv — Person fall detected after sudden motion spike.
23:15:10 | WARNING  | suraksha.frame_processor | [Capture] Frame loss / black frame detected (1/10)
23:15:11 | INFO     | suraksha.event_manager | [EventManager] Visual event logged: [HIGH] IMPACT_COLLAPSE on V_20 — Person fall detected after sudden motion spike.
23:15:16 | WARNING  | suraksha.frame_processor | [Capture] Frame loss / black frame detected (1/10)
23:15:21 | WARNING  | suraksha.frame_processor | [Capture] Frame loss / black frame detected (1/10)
23:15:26 | WARNING  | suraksha.frame_processor | [Capture] Frame loss / black frame detected (1/10)
E0000 00:00:1779385527.254596  174508 portable_clearcut_uploader.cc:90] Failed to send to clearcut: FAILED_PRECONDITION: Not valid for uploading until: 2026-05-21T23:20:27.198475+05:30
=== Source Location Trace: ===
wireless/android/play/playlog/cplusplus/portable_clearcut_uploader.cc:180
23:15:31 | INFO     | suraksha.event_manager | [EventManager] Visual event logged: [HIGH] IMPACT_COLLAPSE on V_20 — Person fall detected after sudden motion spike.
23:15:32 | WARNING  | suraksha.frame_processor | [Capture] Frame loss / black frame detected (1/10)
23:15:33 | INFO     | suraksha.event_manager | [EventManager] Visual event logged: [HIGH] IMPACT_COLLAPSE on V_20 — Person fall detected after sudden motion spike.
23:15:33 | INFO     | suraksha.event_manager | [EventManager] Visual event logged: [HIGH] IMPACT_COLLAPSE on f — Person fall detected after sudden motion spike.
23:15:36 | INFO     | suraksha.event_manager | [EventManager] Visual event logged: [HIGH] IMPACT_COLLAPSE on V_20 — Person fall detected after sudden motion spike.
23:15:37 | WARNING  | suraksha.frame_processor | [Capture] Frame loss / black frame detected (1/10)
23:15:38 | INFO     | suraksha.event_manager | [EventManager] Visual event logged: [HIGH] IMPACT_COLLAPSE on f — Person fall detected after sudden motion spike.
23:15:38 | INFO     | suraksha.event_manager | [EventManager] Visual event logged: [HIGH] IMPACT_COLLAPSE on V_20 — Person fall detected after sudden motion spike.
23:15:39 | INFO     | suraksha.event_manager | [EventManager] Visual event logged: [HIGH] IMPACT_COLLAPSE on V_20 — Person fall detected after sudden motion spike.
23:15:43 | WARNING  | suraksha.frame_processor | [Capture] Frame loss / black frame detected (1/10)
23:15:48 | WARNING  | suraksha.frame_processor | [Capture] Frame loss / black frame detected (1/10)
23:15:49 | INFO     | suraksha.event_manager | [EventManager] Visual event logged: [HIGH] IMPACT_COLLAPSE on V_20 — Person fall detected after sudden motion spike.
23:15:54 | WARNING  | suraksha.frame_processor | [Capture] Frame loss / black frame detected (1/10)
23:15:55 | INFO     | suraksha.event_manager | [EventManager] Visual event logged: [HIGH] IMPACT_COLLAPSE on V_20 — Person fall detected after sudden motion spike.
23:15:55 | INFO     | suraksha.event_manager | [EventManager] Visual event logged: [HIGH] IMPACT_COLLAPSE on Webcam Unit — Person fall detected after sudden motion spike.
23:15:59 | WARNING  | suraksha.frame_processor | [Capture] Frame loss / black frame detected (1/10)
23:16:02 | INFO     | suraksha.event_manager | [EventManager] Visual event logged: [HIGH] IMPACT_COLLAPSE on f — Person fall detected after sudden motion spike.
23:16:02 | INFO     | suraksha.event_manager | [EventManager] Visual event logged: [HIGH] IMPACT_COLLAPSE on V_20 — Person fall detected after sudden motion spike.
23:16:02 | INFO     | suraksha.event_manager | [EventManager] Visual event logged: [HIGH] IMPACT_COLLAPSE on V_20 — Person fall detected after sudden motion spike.
23:16:02 | INFO     | suraksha.event_manager | [EventManager] Visual event logged: [HIGH] IMPACT_COLLAPSE on ldjv — Person fall detected after sudden motion spike.
23:16:05 | WARNING  | suraksha.frame_processor | [Capture] Frame loss / black frame detected (1/10)
23:16:08 | INFO     | suraksha.event_manager | [EventManager] Visual event logged: [HIGH] IMPACT_COLLAPSE on ldjv — Person fall detected after sudden motion spike.
23:16:08 | INFO     | suraksha.event_manager | [EventManager] Visual event logged: [HIGH] IMPACT_COLLAPSE on V_20 — Person fall detected after sudden motion spike.
23:16:08 | INFO     | suraksha.event_manager | [EventManager] Visual event logged: [HIGH] IMPACT_COLLAPSE on f — Person fall detected after sudden motion spike.
23:16:10 | INFO     | suraksha.event_manager | [EventManager] Visual event logged: [HIGH] IMPACT_COLLAPSE on ldjv — Person fall detected after sudden motion spike.
23:16:10 | INFO     | suraksha.event_manager | [EventManager] Visual event logged: [HIGH] IMPACT_COLLAPSE on V_20 — Person fall detected after sudden motion spike.
23:16:10 | WARNING  | suraksha.frame_processor | [Capture] Frame loss / black frame detected (1/10)
23:16:12 | INFO     | suraksha.event_manager | [EventManager] Visual event logged: [HIGH] IMPACT_COLLAPSE on V_20 — Person fall detected after sudden motion spike.
23:16:12 | INFO     | suraksha.event_manager | [EventManager] Visual event logged: [HIGH] IMPACT_COLLAPSE on Webcam Unit — Person fall detected after sudden motion spike.
23:16:12 | INFO     | suraksha.event_manager | [EventManager] Visual event logged: [HIGH] IMPACT_COLLAPSE on ldjv — Person fall detected after sudden motion spike.
23:16:13 | INFO     | suraksha.event_manager | [EventManager] Visual event logged: [HIGH] IMPACT_COLLAPSE on V_20 — Person fall detected after sudden motion spike.
23:16:15 | WARNING  | suraksha.frame_processor | [Capture] Frame loss / black frame detected (1/10)
23:16:17 | INFO     | suraksha.event_manager | [EventManager] Visual event logged: [HIGH] IMPACT_COLLAPSE on V_20 — Person fall detected after sudden motion spike.
23:16:21 | WARNING  | suraksha.frame_processor | [Capture] Frame loss / black frame detected (1/10)
23:16:22 | INFO     | suraksha.event_manager | [EventManager] Visual event logged: [HIGH] IMPACT_COLLAPSE on ldjv — Person fall detected after sudden motion spike.
23:16:24 | INFO     | suraksha.event_manager | [EventManager] Visual event logged: [HIGH] IMPACT_COLLAPSE on Webcam Unit — Person fall detected after sudden motion spike.
23:16:24 | INFO     | suraksha.event_manager | [EventManager] Visual event logged: [HIGH] IMPACT_COLLAPSE on V_20 — Person fall detected after sudden motion spike.
23:16:26 | WARNING  | suraksha.frame_processor | [Capture] Frame loss / black frame detected (1/10)
E0000 00:00:1779385587.260119  174508 portable_clearcut_uploader.cc:90] Failed to send to clearcut: FAILED_PRECONDITION: Not valid for uploading until: 2026-05-21T23:20:27.198475+05:30
=== Source Location Trace: ===
wireless/android/play/playlog/cplusplus/portable_clearcut_uploader.cc:180
23:16:27 | INFO     | suraksha.event_manager | [EventManager] Visual event logged: [HIGH] IMPACT_COLLAPSE on V_20 — Person fall detected after sudden motion spike.
23:16:32 | WARNING  | suraksha.frame_processor | [Capture] Frame loss / black frame detected (1/10)
23:16:37 | INFO     | suraksha.event_manager | [EventManager] Visual event logged: [HIGH] IMPACT_COLLAPSE on V_20 — Person fall detected after sudden motion spike.
23:16:37 | INFO     | suraksha.event_manager | [EventManager] Visual event logged: [HIGH] IMPACT_COLLAPSE on f — Person fall detected after sudden motion spike.
23:16:37 | WARNING  | suraksha.frame_processor | [Capture] Frame loss / black frame detected (1/10)
23:16:43 | WARNING  | suraksha.frame_processor | [Capture] Frame loss / black frame detected (1/10)
23:16:44 | INFO     | suraksha.event_manager | [EventManager] Visual event logged: [HIGH] IMPACT_COLLAPSE on ldjv — Person fall detected after sudden motion spike.
23:16:44 | INFO     | suraksha.event_manager | [EventManager] Visual event logged: [HIGH] IMPACT_COLLAPSE on V_20 — Person fall detected after sudden motion spike.
23:16:46 | INFO     | suraksha.event_manager | [EventManager] Visual event logged: [HIGH] IMPACT_COLLAPSE on V_20 — Person fall detected after sudden motion spike.
23:16:48 | WARNING  | suraksha.frame_processor | [Capture] Frame loss / black frame detected (1/10)
23:16:54 | WARNING  | suraksha.frame_processor | [Capture] Frame loss / black frame detected (1/10)
23:16:57 | INFO     | suraksha.event_manager | [EventManager] Visual event logged: [HIGH] IMPACT_COLLAPSE on V_20 — Person fall detected after sudden motion spike.
23:16:59 | WARNING  | suraksha.frame_processor | [Capture] Frame loss / black frame detected (1/10)
23:17:04 | WARNING  | suraksha.frame_processor | [Capture] Frame loss / black frame detected (1/10)
23:17:05 | INFO     | suraksha.event_manager | [EventManager] Visual event logged: [HIGH] IMPACT_COLLAPSE on f — Person fall detected after sudden motion spike.
23:17:05 | INFO     | suraksha.event_manager | [EventManager] Visual event logged: [HIGH] IMPACT_COLLAPSE on V_20 — Person fall detected after sudden motion spike.
23:17:08 | INFO     | suraksha.event_manager | [EventManager] Visual event logged: [HIGH] IMPACT_COLLAPSE on V_20 — Person fall detected after sudden motion spike.
23:17:08 | INFO     | suraksha.event_manager | [EventManager] Visual event logged: [HIGH] IMPACT_COLLAPSE on ldjv — Person fall detected after sudden motion spike.
23:17:10 | WARNING  | suraksha.frame_processor | [Capture] Frame loss / black frame detected (1/10)
23:17:15 | WARNING  | suraksha.frame_processor | [Capture] Frame loss / black frame detected (1/10)
23:17:21 | WARNING  | suraksha.frame_processor | [Capture] Frame loss / black frame detected (1/10)
23:17:22 | INFO     | suraksha.event_manager | [EventManager] Visual event logged: [HIGH] IMPACT_COLLAPSE on V_20 — Person fall detected after sudden motion spike.
23:17:24 | INFO     | suraksha.event_manager | [EventManager] Visual event logged: [HIGH] IMPACT_COLLAPSE on V_20 — Person fall detected after sudden motion spike.
23:17:26 | WARNING  | suraksha.frame_processor | [Capture] Frame loss / black frame detected (1/10)
E0000 00:00:1779385647.265638  174508 portable_clearcut_uploader.cc:90] Failed to send to clearcut: FAILED_PRECONDITION: Not valid for uploading until: 2026-05-21T23:20:27.198475+05:30
=== Source Location Trace: ===
wireless/android/play/playlog/cplusplus/portable_clearcut_uploader.cc:180
23:17:27 | INFO     | suraksha.event_manager | [EventManager] Visual event logged: [HIGH] IMPACT_COLLAPSE on V_20 — Person fall detected after sudden motion spike.
23:17:30 | INFO     | suraksha.event_manager | [EventManager] Visual event logged: [HIGH] IMPACT_COLLAPSE on V_20 — Person fall detected after sudden motion spike.
23:17:32 | WARNING  | suraksha.frame_processor | [Capture] Frame loss / black frame detected (1/10)
23:17:37 | WARNING  | suraksha.frame_processor | [Capture] Frame loss / black frame detected (1/10)
23:17:43 | WARNING  | suraksha.frame_processor | [Capture] Frame loss / black frame detected (1/10)
23:17:48 | WARNING  | suraksha.frame_processor | [Capture] Frame loss / black frame detected (1/10)
23:17:51 | INFO     | suraksha.event_manager | [EventManager] Visual event logged: [HIGH] IMPACT_COLLAPSE on V_20 — Person fall detected after sudden motion spike.
23:17:51 | INFO     | suraksha.event_manager | [EventManager] Visual event logged: [HIGH] IMPACT_COLLAPSE on Webcam Unit — Person fall detected after sudden motion spike.
23:17:51 | INFO     | suraksha.event_manager | [EventManager] Visual event logged: [HIGH] IMPACT_COLLAPSE on V_20 — Person fall detected after sudden motion spike.
23:17:53 | WARNING  | suraksha.frame_processor | [Capture] Frame loss / black frame detected (1/10)
23:17:59 | WARNING  | suraksha.frame_processor | [Capture] Frame loss / black frame detected (1/10)
23:17:59 | INFO     | suraksha.event_manager | [EventManager] Visual event logged: [HIGH] IMPACT_COLLAPSE on Webcam Unit — Person fall detected after sudden motion spike.
23:17:59 | INFO     | suraksha.event_manager | [EventManager] Visual event logged: [HIGH] IMPACT_COLLAPSE on V_20 — Person fall detected after sudden motion spike.
23:18:02 | INFO     | suraksha.event_manager | [EventManager] Visual event logged: [HIGH] IMPACT_COLLAPSE on f — Person fall detected after sudden motion spike.
23:18:02 | INFO     | suraksha.event_manager | [EventManager] Visual event logged: [HIGH] IMPACT_COLLAPSE on ldjv — Person fall detected after sudden motion spike.
23:18:02 | INFO     | suraksha.event_manager | [EventManager] Visual event logged: [HIGH] IMPACT_COLLAPSE on V_20 — Person fall detected after sudden motion spike.
23:18:04 | WARNING  | suraksha.frame_processor | [Capture] Frame loss / black frame detected (1/10)
23:18:07 | INFO     | suraksha.event_manager | [EventManager] Visual event logged: [HIGH] IMPACT_COLLAPSE on V_20 — Person fall detected after sudden motion spike.
23:18:10 | WARNING  | suraksha.frame_processor | [Capture] Frame loss / black frame detected (1/10)
23:18:11 | INFO     | suraksha.event_manager | [EventManager] Visual event logged: [HIGH] IMPACT_COLLAPSE on V_20 — Person fall detected after sudden motion spike.
23:18:13 | INFO     | suraksha.event_manager | [EventManager] Visual event logged: [HIGH] IMPACT_COLLAPSE on V_20 — Person fall detected after sudden motion spike.
23:18:15 | WARNING  | suraksha.frame_processor | [Capture] Frame loss / black frame detected (1/10)
23:18:16 | INFO     | suraksha.event_manager | [EventManager] Visual event logged: [HIGH] IMPACT_COLLAPSE on V_20 — Person fall detected after sudden motion spike.
23:18:21 | WARNING  | suraksha.frame_processor | [Capture] Frame loss / black frame detected (1/10)
23:18:26 | WARNING  | suraksha.frame_processor | [Capture] Frame loss / black frame detected (1/10)
E0000 00:00:1779385707.270178  174508 portable_clearcut_uploader.cc:90] Failed to send to clearcut: FAILED_PRECONDITION: Not valid for uploading until: 2026-05-21T23:20:27.198475+05:30
=== Source Location Trace: ===
wireless/android/play/playlog/cplusplus/portable_clearcut_uploader.cc:180
23:18:27 | INFO     | suraksha.event_manager | [EventManager] Visual event logged: [HIGH] IMPACT_COLLAPSE on V_20 — Person fall detected after sudden motion spike.
23:18:32 | WARNING  | suraksha.frame_processor | [Capture] Frame loss / black frame detected (1/10)
23:18:33 | INFO     | suraksha.event_manager | [EventManager] Visual event logged: [HIGH] IMPACT_COLLAPSE on V_20 — Person fall detected after sudden motion spike.
23:18:33 | INFO     | suraksha.event_manager | [EventManager] Visual event logged: [HIGH] IMPACT_COLLAPSE on ldjv — Person fall detected after sudden motion spike.
23:18:33 | INFO     | suraksha.event_manager | [EventManager] Visual event logged: [HIGH] IMPACT_COLLAPSE on f — Person fall detected after sudden motion spike.
23:18:35 | INFO     | suraksha.event_manager | [EventManager] Visual event logged: [HIGH] IMPACT_COLLAPSE on ldjv — Person fall detected after sudden motion spike.
23:18:35 | INFO     | suraksha.event_manager | [EventManager] Visual event logged: [HIGH] IMPACT_COLLAPSE on V_20 — Person fall detected after sudden motion spike.
23:18:35 | INFO     | suraksha.event_manager | [EventManager] Visual event logged: [HIGH] IMPACT_COLLAPSE on f — Person fall detected after sudden motion spike.
23:18:35 | INFO     | suraksha.event_manager | [EventManager] Visual event logged: [HIGH] IMPACT_COLLAPSE on V_20 — Person fall detected after sudden motion spike.
23:18:37 | WARNING  | suraksha.frame_processor | [Capture] Frame loss / black frame detected (1/10)
23:18:42 | WARNING  | suraksha.frame_processor | [Capture] Frame loss / black frame detected (1/10)
23:18:46 | INFO     | suraksha.event_manager | [EventManager] Visual event logged: [HIGH] IMPACT_COLLAPSE on V_20 — Person fall detected after sudden motion spike.
23:18:48 | WARNING  | suraksha.frame_processor | [Capture] Frame loss / black frame detected (1/10)
23:18:49 | INFO     | suraksha.event_manager | [EventManager] Visual event logged: [HIGH] IMPACT_COLLAPSE on f — Person fall detected after sudden motion spike.
23:18:49 | INFO     | suraksha.event_manager | [EventManager] Visual event logged: [HIGH] IMPACT_COLLAPSE on V_20 — Person fall detected after sudden motion spike.
23:18:49 | INFO     | suraksha.event_manager | [EventManager] Visual event logged: [HIGH] IMPACT_COLLAPSE on ldjv — Person fall detected after sudden motion spike.
23:18:49 | INFO     | suraksha.event_manager | [EventManager] Visual event logged: [HIGH] IMPACT_COLLAPSE on V_20 — Person fall detected after sudden motion spike.
23:18:53 | WARNING  | suraksha.frame_processor | [Capture] Frame loss / black frame detected (1/10)
23:18:56 | INFO     | suraksha.event_manager | [EventManager] Visual event logged: [HIGH] IMPACT_COLLAPSE on V_20 — Person fall detected after sudden motion spike.
23:18:57 | INFO     | suraksha.event_manager | [EventManager] Visual event logged: [HIGH] IMPACT_COLLAPSE on V_20 — Person fall detected after sudden motion spike.
23:18:59 | WARNING  | suraksha.frame_processor | [Capture] Frame loss / black frame detected (1/10)
23:19:00 | INFO     | suraksha.event_manager | [EventManager] Visual event logged: [HIGH] IMPACT_COLLAPSE on V_20 — Person fall detected after sudden motion spike.
23:19:04 | WARNING  | suraksha.frame_processor | [Capture] Frame loss / black frame detected (1/10)
23:19:07 | INFO     | suraksha.event_manager | [EventManager] Visual event logged: [HIGH] IMPACT_COLLAPSE on ldjv — Person fall detected after sudden motion spike.
23:19:07 | INFO     | suraksha.event_manager | [EventManager] Visual event logged: [HIGH] IMPACT_COLLAPSE on f — Person fall detected after sudden motion spike.
23:19:07 | INFO     | suraksha.event_manager | [EventManager] Visual event logged: [HIGH] IMPACT_COLLAPSE on V_20 — Person fall detected after sudden motion spike.
23:19:08 | INFO     | suraksha.event_manager | [EventManager] Visual event logged: [CRITICAL] FIGHTING_STRIKES on f — Repeated aggressive arm strikes counted.
23:19:08 | INFO     | suraksha.event_manager | [EventManager] Visual event logged: [CRITICAL] FIGHTING_STRIKES on V_20 — Repeated aggressive arm strikes counted.
23:19:10 | WARNING  | suraksha.frame_processor | [Capture] Frame loss / black frame detected (1/10)
23:19:15 | WARNING  | suraksha.frame_processor | [Capture] Frame loss / black frame detected (1/10)
23:19:16 | INFO     | suraksha.event_manager | [EventManager] Visual event logged: [HIGH] IMPACT_COLLAPSE on V_20 — Person fall detected after sudden motion spike.
23:19:16 | INFO     | suraksha.event_manager | [EventManager] Visual event logged: [HIGH] IMPACT_COLLAPSE on ldjv — Person fall detected after sudden motion spike.
23:19:16 | INFO     | suraksha.event_manager | [EventManager] Visual event logged: [HIGH] IMPACT_COLLAPSE on f — Person fall detected after sudden motion spike.
23:19:16 | INFO     | suraksha.event_manager | [EventManager] Visual event logged: [HIGH] IMPACT_COLLAPSE on V_20 — Person fall detected after sudden motion spike.
23:19:18 | INFO     | suraksha.event_manager | [EventManager] Visual event logged: [HIGH] IMPACT_COLLAPSE on V_20 — Person fall detected after sudden motion spike.
23:19:18 | INFO     | suraksha.event_manager | [EventManager] Visual event logged: [HIGH] IMPACT_COLLAPSE on ldjv — Person fall detected after sudden motion spike.
23:19:21 | WARNING  | suraksha.frame_processor | [Capture] Frame loss / black frame detected (1/10)
23:19:26 | WARNING  | suraksha.frame_processor | [Capture] Frame loss / black frame detected (1/10)
E0000 00:00:1779385767.275688  174508 portable_clearcut_uploader.cc:90] Failed to send to clearcut: FAILED_PRECONDITION: Not valid for uploading until: 2026-05-21T23:20:27.198475+05:30
=== Source Location Trace: ===
wireless/android/play/playlog/cplusplus/portable_clearcut_uploader.cc:180
23:19:29 | INFO     | suraksha.event_manager | [EventManager] Visual event logged: [HIGH] IMPACT_COLLAPSE on V_20 — Person fall detected after sudden motion spike.
23:19:31 | WARNING  | suraksha.frame_processor | [Capture] Frame loss / black frame detected (1/10)
23:19:37 | WARNING  | suraksha.frame_processor | [Capture] Frame loss / black frame detected (1/10)
23:19:38 | INFO     | suraksha.event_manager | [EventManager] Visual event logged: [HIGH] IMPACT_COLLAPSE on V_20 — Person fall detected after sudden motion spike.
23:19:38 | INFO     | suraksha.event_manager | [EventManager] Visual event logged: [HIGH] IMPACT_COLLAPSE on Webcam Unit — Person fall detected after sudden motion spike.
23:19:42 | WARNING  | suraksha.frame_processor | [Capture] Frame loss / black frame detected (1/10)
23:19:48 | WARNING  | suraksha.frame_processor | [Capture] Frame loss / black frame detected (1/10)
23:19:53 | WARNING  | suraksha.frame_processor | [Capture] Frame loss / black frame detected (1/10)
23:19:54 | INFO     | suraksha.event_manager | [EventManager] Visual event logged: [HIGH] IMPACT_COLLAPSE on V_20 — Person fall detected after sudden motion spike.
23:19:59 | WARNING  | suraksha.frame_processor | [Capture] Frame loss / black frame detected (1/10)
23:20:02 | INFO     | suraksha.event_manager | [EventManager] Visual event logged: [HIGH] IMPACT_COLLAPSE on V_20 — Person fall detected after sudden motion spike.
23:20:04 | WARNING  | suraksha.frame_processor | [Capture] Frame loss / black frame detected (1/10)
23:20:05 | INFO     | suraksha.event_manager | [EventManager] Visual event logged: [HIGH] IMPACT_COLLAPSE on V_20 — Person fall detected after sudden motion spike.
23:20:09 | WARNING  | suraksha.frame_processor | [Capture] Frame loss / black frame detected (1/10)
23:20:13 | INFO     | suraksha.event_manager | [EventManager] Visual event logged: [HIGH] IMPACT_COLLAPSE on V_20 — Person fall detected after sudden motion spike.
23:20:13 | INFO     | suraksha.event_manager | [EventManager] Visual event logged: [HIGH] IMPACT_COLLAPSE on ldjv — Person fall detected after sudden motion spike.
23:20:15 | WARNING  | suraksha.frame_processor | [Capture] Frame loss / black frame detected (1/10)
23:20:20 | WARNING  | suraksha.frame_processor | [Capture] Frame loss / black frame detected (1/10)
23:20:22 | INFO     | suraksha.event_manager | [EventManager] Visual event logged: [HIGH] IMPACT_COLLAPSE on V_20 — Person fall detected after sudden motion spike.
23:20:22 | INFO     | suraksha.event_manager | [EventManager] Visual event logged: [HIGH] IMPACT_COLLAPSE on ldjv — Person fall detected after sudden motion spike.
23:20:22 | INFO     | suraksha.event_manager | [EventManager] Visual event logged: [HIGH] IMPACT_COLLAPSE on f — Person fall detected after sudden motion spike.
23:20:24 | INFO     | suraksha.event_manager | [EventManager] Visual event logged: [HIGH] IMPACT_COLLAPSE on V_20 — Person fall detected after sudden motion spike.
23:20:26 | WARNING  | suraksha.frame_processor | [Capture] Frame loss / black frame detected (1/10)
23:20:26 | INFO     | suraksha.event_manager | [EventManager] Visual event logged: [HIGH] IMPACT_COLLAPSE on V_20 — Person fall detected after sudden motion spike.
23:20:31 | WARNING  | suraksha.frame_processor | [Capture] Frame loss / black frame detected (1/10)
23:20:34 | INFO     | suraksha.event_manager | [EventManager] Visual event logged: [HIGH] IMPACT_COLLAPSE on V_20 — Person fall detected after sudden motion spike.
23:20:34 | INFO     | suraksha.event_manager | [EventManager] Visual event logged: [HIGH] IMPACT_COLLAPSE on ldjv — Person fall detected after sudden motion spike.
23:20:34 | INFO     | suraksha.event_manager | [EventManager] Visual event logged: [HIGH] IMPACT_COLLAPSE on f — Person fall detected after sudden motion spike.
23:20:35 | INFO     | suraksha.event_manager | [EventManager] Visual event logged: [HIGH] IMPACT_COLLAPSE on V_20 — Person fall detected after sudden motion spike.
23:20:37 | WARNING  | suraksha.frame_processor | [Capture] Frame loss / black frame detected (1/10)
23:20:42 | WARNING  | suraksha.frame_processor | [Capture] Frame loss / black frame detected (1/10)
23:20:42 | INFO     | suraksha.event_manager | [EventManager] Visual event logged: [HIGH] IMPACT_COLLAPSE on ldjv — Person fall detected after sudden motion spike.
23:20:48 | WARNING  | suraksha.frame_processor | [Capture] Frame loss / black frame detected (1/10)
23:20:51 | INFO     | suraksha.event_manager | [EventManager] Visual event logged: [HIGH] IMPACT_COLLAPSE on V_20 — Person fall detected after sudden motion spike.
23:20:53 | WARNING  | suraksha.frame_processor | [Capture] Frame loss / black frame detected (1/10)
23:20:54 | INFO     | suraksha.event_manager | [EventManager] Visual event logged: [HIGH] IMPACT_COLLAPSE on f — Person fall detected after sudden motion spike.
23:20:54 | INFO     | suraksha.event_manager | [EventManager] Visual event logged: [HIGH] IMPACT_COLLAPSE on ldjv — Person fall detected after sudden motion spike.
23:20:54 | INFO     | suraksha.event_manager | [EventManager] Visual event logged: [HIGH] IMPACT_COLLAPSE on V_20 — Person fall detected after sudden motion spike.
23:20:54 | INFO     | suraksha.event_manager | [EventManager] Visual event logged: [HIGH] IMPACT_COLLAPSE on V_20 — Person fall detected after sudden motion spike.
23:20:56 | INFO     | suraksha.event_manager | [EventManager] Visual event logged: [HIGH] IMPACT_COLLAPSE on V_20 — Person fall detected after sudden motion spike.
23:20:58 | WARNING  | suraksha.frame_processor | [Capture] Frame loss / black frame detected (1/10)
23:21:04 | WARNING  | suraksha.frame_processor | [Capture] Frame loss / black frame detected (1/10)
23:21:04 | INFO     | suraksha.event_manager | [EventManager] Visual event logged: [HIGH] IMPACT_COLLAPSE on f — Person fall detected after sudden motion spike.
23:21:04 | INFO     | suraksha.event_manager | [EventManager] Visual event logged: [HIGH] IMPACT_COLLAPSE on ldjv — Person fall detected after sudden motion spike.
23:21:04 | INFO     | suraksha.event_manager | [EventManager] Visual event logged: [HIGH] IMPACT_COLLAPSE on V_20 — Person fall detected after sudden motion spike.
23:21:07 | INFO     | suraksha.event_manager | [EventManager] Visual event logged: [HIGH] IMPACT_COLLAPSE on f — Person fall detected after sudden motion spike.
23:21:07 | INFO     | suraksha.event_manager | [EventManager] Visual event logged: [HIGH] IMPACT_COLLAPSE on V_20 — Person fall detected after sudden motion spike.
23:21:07 | INFO     | suraksha.event_manager | [EventManager] Visual event logged: [HIGH] IMPACT_COLLAPSE on ldjv — Person fall detected after sudden motion spike.
23:21:07 | INFO     | suraksha.event_manager | [EventManager] Visual event logged: [HIGH] IMPACT_COLLAPSE on V_20 — Person fall detected after sudden motion spike.
23:21:09 | WARNING  | suraksha.frame_processor | [Capture] Frame loss / black frame detected (1/10)
23:21:15 | WARNING  | suraksha.frame_processor | [Capture] Frame loss / black frame detected (1/10)
23:21:15 | INFO     | suraksha.event_manager | [EventManager] Visual event logged: [HIGH] IMPACT_COLLAPSE on V_20 — Person fall detected after sudden motion spike.
23:21:16 | INFO     | suraksha.event_manager | [EventManager] Visual event logged: [HIGH] IMPACT_COLLAPSE on V_20 — Person fall detected after sudden motion spike.
23:21:18 | INFO     | suraksha.event_manager | [EventManager] Visual event logged: [HIGH] IMPACT_COLLAPSE on V_20 — Person fall detected after sudden motion spike.
23:21:18 | INFO     | suraksha.event_manager | [EventManager] Visual event logged: [HIGH] IMPACT_COLLAPSE on ldjv — Person fall detected after sudden motion spike.
23:21:18 | INFO     | suraksha.event_manager | [EventManager] Visual event logged: [HIGH] IMPACT_COLLAPSE on V_20 — Person fall detected after sudden motion spike.
23:21:18 | INFO     | suraksha.event_manager | [EventManager] Visual event logged: [HIGH] IMPACT_COLLAPSE on f — Person fall detected after sudden motion spike.
23:21:20 | WARNING  | suraksha.frame_processor | [Capture] Frame loss / black frame detected (1/10)
23:21:26 | WARNING  | suraksha.frame_processor | [Capture] Frame loss / black frame detected (1/10)
23:21:27 | INFO     | suraksha.event_manager | [EventManager] Visual event logged: [HIGH] IMPACT_COLLAPSE on f — Person fall detected after sudden motion spike.
E0000 00:00:1779385887.758191  174508 portable_clearcut_uploader.cc:90] Failed to send to clearcut: FAILED_PRECONDITION: Not valid for uploading until: 2026-05-21T23:35:27.752731+05:30
=== Source Location Trace: ===
wireless/android/play/playlog/cplusplus/portable_clearcut_uploader.cc:180
23:21:29 | INFO     | suraksha.event_manager | [EventManager] Visual event logged: [HIGH] IMPACT_COLLAPSE on V_20 — Person fall detected after sudden motion spike.
23:21:29 | INFO     | suraksha.event_manager | [EventManager] Visual event logged: [HIGH] IMPACT_COLLAPSE on f — Person fall detected after sudden motion spike.
23:21:29 | INFO     | suraksha.event_manager | [EventManager] Visual event logged: [HIGH] IMPACT_COLLAPSE on ldjv — Person fall detected after sudden motion spike.
23:21:31 | WARNING  | suraksha.frame_processor | [Capture] Frame loss / black frame detected (1/10)
23:21:36 | WARNING  | suraksha.frame_processor | [Capture] Frame loss / black frame detected (1/10)
23:21:42 | WARNING  | suraksha.frame_processor | [Capture] Frame loss / black frame detected (1/10)
23:21:47 | WARNING  | suraksha.frame_processor | [Capture] Frame loss / black frame detected (1/10)
23:21:53 | WARNING  | suraksha.frame_processor | [Capture] Frame loss / black frame detected (1/10)
23:21:58 | WARNING  | suraksha.frame_processor | [Capture] Frame loss / black frame detected (1/10)
23:21:59 | INFO     | suraksha.event_manager | [EventManager] Visual event logged: [HIGH] IMPACT_COLLAPSE on V_20 — Person fall detected after sudden motion spike.
23:22:01 | INFO     | suraksha.event_manager | [EventManager] Visual event logged: [HIGH] IMPACT_COLLAPSE on f — Person fall detected after sudden motion spike.
23:22:01 | INFO     | suraksha.event_manager | [EventManager] Visual event logged: [HIGH] IMPACT_COLLAPSE on V_20 — Person fall detected after sudden motion spike.
23:22:01 | INFO     | suraksha.event_manager | [EventManager] Visual event logged: [HIGH] IMPACT_COLLAPSE on ldjv — Person fall detected after sudden motion spike.
23:22:02 | INFO     | suraksha.event_manager | [EventManager] Visual event logged: [HIGH] IMPACT_COLLAPSE on V_20 — Person fall detected after sudden motion spike.
23:22:04 | WARNING  | suraksha.frame_processor | [Capture] Frame loss / black frame detected (1/10)
23:22:09 | WARNING  | suraksha.frame_processor | [Capture] Frame loss / black frame detected (1/10)
23:22:10 | INFO     | suraksha.event_manager | [EventManager] Visual event logged: [HIGH] IMPACT_COLLAPSE on Webcam Unit — Person fall detected after sudden motion spike.
23:22:10 | INFO     | suraksha.event_manager | [EventManager] Visual event logged: [HIGH] IMPACT_COLLAPSE on V_20 — Person fall detected after sudden motion spike.
23:22:12 | INFO     | suraksha.event_manager | [EventManager] Visual event logged: [HIGH] IMPACT_COLLAPSE on V_20 — Person fall detected after sudden motion spike.
23:22:12 | INFO     | suraksha.event_manager | [EventManager] Visual event logged: [HIGH] IMPACT_COLLAPSE on Webcam Unit — Person fall detected after sudden motion spike.
23:22:15 | WARNING  | suraksha.frame_processor | [Capture] Frame loss / black frame detected (1/10)
23:22:20 | WARNING  | suraksha.frame_processor | [Capture] Frame loss / black frame detected (1/10)
23:22:21 | INFO     | suraksha.event_manager | [EventManager] Visual event logged: [HIGH] IMPACT_COLLAPSE on V_20 — Person fall detected after sudden motion spike.
23:22:23 | INFO     | suraksha.event_manager | [EventManager] Visual event logged: [HIGH] IMPACT_COLLAPSE on Webcam Unit — Person fall detected after sudden motion spike.
23:22:23 | INFO     | suraksha.event_manager | [EventManager] Visual event logged: [HIGH] IMPACT_COLLAPSE on V_20 — Person fall detected after sudden motion spike.
23:22:23 | INFO     | suraksha.event_manager | [EventManager] Visual event logged: [HIGH] IMPACT_COLLAPSE on f — Person fall detected after sudden motion spike.
23:22:23 | INFO     | suraksha.event_manager | [EventManager] Visual event logged: [HIGH] IMPACT_COLLAPSE on ldjv — Person fall detected after sudden motion spike.
23:22:23 | INFO     | suraksha.event_manager | [EventManager] Visual event logged: [HIGH] IMPACT_COLLAPSE on V_20 — Person fall detected after sudden motion spike.
23:22:25 | WARNING  | suraksha.frame_processor | [Capture] Frame loss / black frame detected (1/10)
E0000 00:00:1779385947.758728  174508 portable_clearcut_uploader.cc:90] Failed to send to clearcut: FAILED_PRECONDITION: Not valid for uploading until: 2026-05-21T23:35:27.752731+05:30
=== Source Location Trace: ===
wireless/android/play/playlog/cplusplus/portable_clearcut_uploader.cc:180
23:22:28 | INFO     | suraksha.event_manager | [EventManager] Visual event logged: [HIGH] IMPACT_COLLAPSE on V_20 — Person fall detected after sudden motion spike.
23:22:29 | INFO     | suraksha.event_manager | [EventManager] Visual event logged: [HIGH] IMPACT_COLLAPSE on f — Person fall detected after sudden motion spike.
23:22:31 | WARNING  | suraksha.frame_processor | [Capture] Frame loss / black frame detected (1/10)
23:22:31 | INFO     | suraksha.event_manager | [EventManager] Visual event logged: [HIGH] IMPACT_COLLAPSE on V_20 — Person fall detected after sudden motion spike.
23:22:32 | INFO     | suraksha.event_manager | [EventManager] Visual event logged: [HIGH] IMPACT_COLLAPSE on V_20 — Person fall detected after sudden motion spike.
23:22:32 | INFO     | suraksha.event_manager | [EventManager] Visual event logged: [HIGH] IMPACT_COLLAPSE on f — Person fall detected after sudden motion spike.
23:22:32 | INFO     | suraksha.event_manager | [EventManager] Visual event logged: [HIGH] IMPACT_COLLAPSE on ldjv — Person fall detected after sudden motion spike.
23:22:32 | INFO     | suraksha.event_manager | [EventManager] Visual event logged: [HIGH] IMPACT_COLLAPSE on V_20 — Person fall detected after sudden motion spike.
23:22:32 | INFO     | suraksha.event_manager | [EventManager] Visual event logged: [HIGH] IMPACT_COLLAPSE on V_20 — Person fall detected after sudden motion spike.
23:22:34 | INFO     | suraksha.event_manager | [EventManager] Visual event logged: [HIGH] IMPACT_COLLAPSE on V_20 — Person fall detected after sudden motion spike.
23:22:36 | WARNING  | suraksha.frame_processor | [Capture] Frame loss / black frame detected (1/10)
23:22:42 | WARNING  | suraksha.frame_processor | [Capture] Frame loss / black frame detected (1/10)
23:22:43 | INFO     | suraksha.event_manager | [EventManager] Visual event logged: [HIGH] IMPACT_COLLAPSE on V_20 — Person fall detected after sudden motion spike.
23:22:43 | INFO     | suraksha.event_manager | [EventManager] Visual event logged: [HIGH] IMPACT_COLLAPSE on f — Person fall detected after sudden motion spike.
23:22:45 | INFO     | suraksha.event_manager | [EventManager] Visual event logged: [HIGH] IMPACT_COLLAPSE on f — Person fall detected after sudden motion spike.
23:22:45 | INFO     | suraksha.event_manager | [EventManager] Visual event logged: [HIGH] IMPACT_COLLAPSE on V_20 — Person fall detected after sudden motion spike.
23:22:45 | INFO     | suraksha.event_manager | [EventManager] Visual event logged: [HIGH] IMPACT_COLLAPSE on ldjv — Person fall detected after sudden motion spike.
23:22:47 | WARNING  | suraksha.frame_processor | [Capture] Frame loss / black frame detected (1/10)
23:22:53 | WARNING  | suraksha.frame_processor | [Capture] Frame loss / black frame detected (1/10)
23:22:53 | INFO     | suraksha.event_manager | [EventManager] Visual event logged: [HIGH] IMPACT_COLLAPSE on V_20 — Person fall detected after sudden motion spike.
23:22:56 | INFO     | suraksha.event_manager | [EventManager] Visual event logged: [HIGH] IMPACT_COLLAPSE on V_20 — Person fall detected after sudden motion spike.
23:22:58 | WARNING  | suraksha.frame_processor | [Capture] Frame loss / black frame detected (1/10)
23:23:01 | INFO     | suraksha.event_manager | [EventManager] Visual event logged: [HIGH] IMPACT_COLLAPSE on V_20 — Person fall detected after sudden motion spike.
23:23:04 | WARNING  | suraksha.frame_processor | [Capture] Frame loss / black frame detected (1/10)
23:23:07 | INFO     | suraksha.event_manager | [EventManager] Visual event logged: [HIGH] IMPACT_COLLAPSE on V_20 — Person fall detected after sudden motion spike.
23:23:09 | WARNING  | suraksha.frame_processor | [Capture] Frame loss / black frame detected (1/10)
23:23:14 | WARNING  | suraksha.frame_processor | [Capture] Frame loss / black frame detected (1/10)
23:23:20 | WARNING  | suraksha.frame_processor | [Capture] Frame loss / black frame detected (1/10)
23:23:25 | WARNING  | suraksha.frame_processor | [Capture] Frame loss / black frame detected (1/10)
23:23:26 | INFO     | suraksha.event_manager | [EventManager] Visual event logged: [HIGH] IMPACT_COLLAPSE on V_20 — Person fall detected after sudden motion spike.
E0000 00:00:1779386007.760044  174508 portable_clearcut_uploader.cc:90] Failed to send to clearcut: FAILED_PRECONDITION: Not valid for uploading until: 2026-05-21T23:35:27.752731+05:30
=== Source Location Trace: ===
wireless/android/play/playlog/cplusplus/portable_clearcut_uploader.cc:180
23:23:28 | INFO     | suraksha.event_manager | [EventManager] Visual event logged: [HIGH] IMPACT_COLLAPSE on V_20 — Person fall detected after sudden motion spike.
23:23:28 | INFO     | suraksha.event_manager | [EventManager] Visual event logged: [HIGH] IMPACT_COLLAPSE on Webcam Unit — Person fall detected after sudden motion spike.
23:23:31 | WARNING  | suraksha.frame_processor | [Capture] Frame loss / black frame detected (1/10)
23:23:32 | INFO     | suraksha.event_manager | [EventManager] Visual event logged: [HIGH] IMPACT_COLLAPSE on V_20 — Person fall detected after sudden motion spike.
23:23:32 | INFO     | suraksha.event_manager | [EventManager] Visual event logged: [HIGH] IMPACT_COLLAPSE on ldjv — Person fall detected after sudden motion spike.
23:23:36 | INFO     | suraksha.event_manager | [EventManager] Visual event logged: [HIGH] IMPACT_COLLAPSE on Webcam Unit — Person fall detected after sudden motion spike.
23:23:36 | INFO     | suraksha.event_manager | [EventManager] Visual event logged: [HIGH] IMPACT_COLLAPSE on V_20 — Person fall detected after sudden motion spike.
23:23:36 | WARNING  | suraksha.frame_processor | [Capture] Frame loss / black frame detected (1/10)
23:23:37 | INFO     | suraksha.event_manager | [EventManager] Visual event logged: [HIGH] IMPACT_COLLAPSE on ldjv — Person fall detected after sudden motion spike.
23:23:37 | INFO     | suraksha.event_manager | [EventManager] Visual event logged: [HIGH] IMPACT_COLLAPSE on V_20 — Person fall detected after sudden motion spike.
23:23:37 | INFO     | suraksha.event_manager | [EventManager] Visual event logged: [HIGH] IMPACT_COLLAPSE on f — Person fall detected after sudden motion spike.
23:23:42 | WARNING  | suraksha.frame_processor | [Capture] Frame loss / black frame detected (1/10)
23:23:43 | INFO     | suraksha.event_manager | [EventManager] Visual event logged: [HIGH] IMPACT_COLLAPSE on V_20 — Person fall detected after sudden motion spike.
23:23:47 | WARNING  | suraksha.frame_processor | [Capture] Frame loss / black frame detected (1/10)
23:23:52 | WARNING  | suraksha.frame_processor | [Capture] Frame loss / black frame detected (1/10)
23:23:53 | INFO     | suraksha.event_manager | [EventManager] Visual event logged: [HIGH] IMPACT_COLLAPSE on V_20 — Person fall detected after sudden motion spike.
23:23:58 | WARNING  | suraksha.frame_processor | [Capture] Frame loss / black frame detected (1/10)
23:24:01 | INFO     | suraksha.event_manager | [EventManager] Visual event logged: [HIGH] IMPACT_COLLAPSE on ldjv — Person fall detected after sudden motion spike.
23:24:01 | INFO     | suraksha.event_manager | [EventManager] Visual event logged: [HIGH] IMPACT_COLLAPSE on V_20 — Person fall detected after sudden motion spike.
23:24:03 | WARNING  | suraksha.frame_processor | [Capture] Frame loss / black frame detected (1/10)
23:24:09 | WARNING  | suraksha.frame_processor | [Capture] Frame loss / black frame detected (1/10)
23:24:14 | WARNING  | suraksha.frame_processor | [Capture] Frame loss / black frame detected (1/10)
23:24:16 | INFO     | suraksha.event_manager | [EventManager] Visual event logged: [HIGH] IMPACT_COLLAPSE on V_20 — Person fall detected after sudden motion spike.
23:24:20 | WARNING  | suraksha.frame_processor | [Capture] Frame loss / black frame detected (1/10)
23:24:23 | INFO     | suraksha.event_manager | [EventManager] Visual event logged: [HIGH] IMPACT_COLLAPSE on V_20 — Person fall detected after sudden motion spike.
23:24:25 | WARNING  | suraksha.frame_processor | [Capture] Frame loss / black frame detected (1/10)
E0000 00:00:1779386067.765498  174508 portable_clearcut_uploader.cc:90] Failed to send to clearcut: FAILED_PRECONDITION: Not valid for uploading until: 2026-05-21T23:35:27.752731+05:30
=== Source Location Trace: ===
wireless/android/play/playlog/cplusplus/portable_clearcut_uploader.cc:180
23:24:31 | WARNING  | suraksha.frame_processor | [Capture] Frame loss / black frame detected (1/10)
23:24:32 | INFO     | suraksha.event_manager | [EventManager] Visual event logged: [HIGH] IMPACT_COLLAPSE on V_20 — Person fall detected after sudden motion spike.
23:24:32 | INFO     | suraksha.event_manager | [EventManager] Visual event logged: [HIGH] IMPACT_COLLAPSE on f — Person fall detected after sudden motion spike.
23:24:34 | INFO     | suraksha.event_manager | [EventManager] Visual event logged: [HIGH] IMPACT_COLLAPSE on f — Person fall detected after sudden motion spike.
23:24:34 | INFO     | suraksha.event_manager | [EventManager] Visual event logged: [HIGH] IMPACT_COLLAPSE on V_20 — Person fall detected after sudden motion spike.
23:24:36 | WARNING  | suraksha.frame_processor | [Capture] Frame loss / black frame detected (1/10)
23:24:41 | WARNING  | suraksha.frame_processor | [Capture] Frame loss / black frame detected (1/10)
23:24:47 | WARNING  | suraksha.frame_processor | [Capture] Frame loss / black frame detected (1/10)
23:24:52 | WARNING  | suraksha.frame_processor | [Capture] Frame loss / black frame detected (1/10)
23:24:56 | INFO     | suraksha.event_manager | [EventManager] Visual event logged: [HIGH] IMPACT_COLLAPSE on f — Person fall detected after sudden motion spike.
23:24:56 | INFO     | suraksha.event_manager | [EventManager] Visual event logged: [HIGH] IMPACT_COLLAPSE on ldjv — Person fall detected after sudden motion spike.
23:24:56 | INFO     | suraksha.event_manager | [EventManager] Visual event logged: [HIGH] IMPACT_COLLAPSE on V_20 — Person fall detected after sudden motion spike.
23:24:58 | WARNING  | suraksha.frame_processor | [Capture] Frame loss / black frame detected (1/10)
23:25:03 | WARNING  | suraksha.frame_processor | [Capture] Frame loss / black frame detected (1/10)
23:25:09 | WARNING  | suraksha.frame_processor | [Capture] Frame loss / black frame detected (1/10)
23:25:14 | WARNING  | suraksha.frame_processor | [Capture] Frame loss / black frame detected (1/10)
23:25:20 | WARNING  | suraksha.frame_processor | [Capture] Frame loss / black frame detected (1/10)
23:25:25 | WARNING  | suraksha.frame_processor | [Capture] Frame loss / black frame detected (1/10)
E0000 00:00:1779386127.770498  174508 portable_clearcut_uploader.cc:90] Failed to send to clearcut: FAILED_PRECONDITION: Not valid for uploading until: 2026-05-21T23:35:27.752731+05:30
=== Source Location Trace: ===
wireless/android/play/playlog/cplusplus/portable_clearcut_uploader.cc:180
23:25:30 | WARNING  | suraksha.frame_processor | [Capture] Frame loss / black frame detected (1/10)
23:25:32 | INFO     | suraksha.event_manager | [EventManager] Visual event logged: [HIGH] IMPACT_COLLAPSE on V_20 — Person fall detected after sudden motion spike.
23:25:32 | INFO     | suraksha.event_manager | [EventManager] Visual event logged: [HIGH] IMPACT_COLLAPSE on f — Person fall detected after sudden motion spike.
23:25:36 | WARNING  | suraksha.frame_processor | [Capture] Frame loss / black frame detected (1/10)
23:25:39 | INFO     | suraksha.event_manager | [EventManager] Visual event logged: [HIGH] IMPACT_COLLAPSE on V_20 — Person fall detected after sudden motion spike.
23:25:39 | INFO     | suraksha.event_manager | [EventManager] Visual event logged: [HIGH] IMPACT_COLLAPSE on f — Person fall detected after sudden motion spike.
23:25:41 | WARNING  | suraksha.frame_processor | [Capture] Frame loss / black frame detected (1/10)
23:25:42 | INFO     | suraksha.event_manager | [EventManager] Visual event logged: [HIGH] IMPACT_COLLAPSE on V_20 — Person fall detected after sudden motion spike.
23:25:42 | INFO     | suraksha.event_manager | [EventManager] Visual event logged: [HIGH] IMPACT_COLLAPSE on f — Person fall detected after sudden motion spike.
23:25:47 | WARNING  | suraksha.frame_processor | [Capture] Frame loss / black frame detected (1/10)
23:25:50 | INFO     | suraksha.event_manager | [EventManager] Visual event logged: [HIGH] IMPACT_COLLAPSE on V_20 — Person fall detected after sudden motion spike.
23:25:50 | INFO     | suraksha.event_manager | [EventManager] Visual event logged: [HIGH] IMPACT_COLLAPSE on f — Person fall detected after sudden motion spike.
23:25:50 | INFO     | suraksha.event_manager | [EventManager] Visual event logged: [HIGH] IMPACT_COLLAPSE on ldjv — Person fall detected after sudden motion spike.
23:25:52 | WARNING  | suraksha.frame_processor | [Capture] Frame loss / black frame detected (1/10)
23:25:57 | INFO     | suraksha.event_manager | [EventManager] Visual event logged: [HIGH] IMPACT_COLLAPSE on V_20 — Person fall detected after sudden motion spike.
23:25:58 | WARNING  | suraksha.frame_processor | [Capture] Frame loss / black frame detected (1/10)
23:26:03 | WARNING  | suraksha.frame_processor | [Capture] Frame loss / black frame detected (1/10)
